"Sample","Secretor","Diversity","Evenness","X2_FL","X3_FL","LNnT","X3_SL","DFLac","X6_SL","LNT","LNFP_I","LNFP_II","LNFP_III","LSTb","LSTc","DFLNT","LNH","DSLNT","FLNH","DFLNH","FDSLNH","DSLNH","SUM","Sia","Fuc"
"14HM01.M",1,3.09,0.16,10268.9,1410,283.5,112.3,233.8,953.5,1321.4,3157.1,272.7,78.3,24.5,87,25.7,15.3,355.4,84.3,308.6,92.5,230.8,19315.7,2534.9,16500
"14HM02.M",1,5.28,0.28,5725.1,834.2,115.3,1822.5,3058.8,230.4,302.5,36.5,2420.6,126.7,119.3,79.7,1041.1,15.4,606.3,11.7,81.9,194.5,20.7,16843,3894.8,17712.8
"14HM03.M",1,6.17,0.33,4780.1,353.9,522.8,631.5,1099.3,392.4,1316.6,423.4,2713.5,157.1,118.6,141.2,2270.7,33.7,495.4,15,31.9,161,3.4,15661.4,2603.3,15407.7
"14HM04.M",1,4.76,0.25,6634.2,675,485.2,635.7,702,542.8,1038.2,419.1,2250.4,123.7,44.6,98.3,1754.7,37.9,334.4,67,30.3,308.8,72.1,16254.5,2751.9,15452.4
"14HM05.M",1,1.72,0.09,15139.1,949.7,324.8,262.1,407.7,59.9,256.8,1747,397.8,60.8,51.1,38.9,51.2,8.7,175.5,5.7,20.2,72.3,38.8,20067.8,985.2,19330.3
"14HM06.M",0,5.38,0.28,2.4,11,811.5,170.3,14.8,1048.3,2656.1,85.9,3086,233.3,94.9,32.7,273,28.7,445.4,224.5,198.8,626.2,117.5,10161.1,3724.5,5242.4
"14HM07.M",1,3.86,0.2,7899.6,531.8,445.3,781.8,904.2,305.6,909.2,294.9,2479.8,170.4,58.1,94.4,1283.8,41.2,220.1,29.6,68.3,281,11.3,16810.5,2264.7,16199.7
"14HM08.M",0,5.02,0.26,26.9,217.1,429.4,711.7,68.4,497.1,1441.5,110.9,3194.5,189.9,114.8,31.9,468.4,12.6,438.7,28.1,103.7,221.1,15.5,8322.1,2705.9,5269.6
"14HM09.M",1,3.83,0.2,8010.3,587.4,540.5,476.1,871.4,535.8,1614.4,3219.7,665.1,126.2,97.3,13.6,10.2,1.6,575.5,12.5,60.8,72.5,3.6,17494.5,2426,14578.4
"14HM10.M",1,5.91,0.31,4752.8,371.3,425.8,599.5,663,407.8,1292.2,498,2643.7,90.9,56.3,129.5,2009.1,53.9,434.7,30.5,31.2,310.9,14,14815,2712.3,14104.6
"14HM11.M",1,6.89,0.36,4367.5,322.7,644.8,464.6,657.1,1012.2,1984.1,602.3,2735.5,213.3,67.5,76.9,1956.7,47.7,519.5,38.4,19.2,250.3,41.7,16022.3,3244.3,13796.1
"14HM12.M",1,3.94,0.21,7595.4,600,351.8,668.4,679.7,305.5,840.9,1199.5,1530.3,90.5,35.8,68,1724.1,27.5,350.3,8.1,20.8,129.1,1.7,16227.4,2039.8,16002
"14HM13.M",1,3.8,0.2,7294.8,488.8,486.3,596.3,417.7,423.5,684.9,293.1,2231.2,62,18,115.9,1897.1,59.6,171,25.9,18.1,232.7,34.5,15551.2,2029.8,15294.3
"14HM14.M",0,5.28,0.28,1.6,22.2,1305.2,168.9,11.5,1949.6,2800.4,61.3,2672.3,157.7,58.1,60.6,186,43.2,353.7,57.4,35.4,389.7,165.1,10499.8,4054.3,3827.9
"14HM15.M",1,2.09,0.11,14448.8,735.3,504.2,899.1,567.2,193,379.2,665.6,797.7,51.5,23.6,67.2,1416,41.3,188,33.2,20.8,112.1,2.9,21146.6,1789,20852
"14HM16.M",1,5.16,0.27,5959,513.7,585.1,898.2,1125.6,312.8,686.7,382.3,2276.9,193.7,74.3,93.6,2270.5,63.3,307.5,12.4,17.3,175.2,13.6,15961.6,2371.6,16339.9
"14HM17.M",0,4.13,0.22,0.6,23.9,930.7,350.8,33,727.6,1435.2,74,4068.7,230.9,130.3,24.8,356.8,32.6,174.7,9.4,56.7,514.6,61.2,9236.4,2734.4,5815
"14HM18.M",1,2.84,0.15,10473.5,635.1,577.6,550.8,578.5,296.5,595.6,811,1729.2,100.2,19.9,65.1,1351.2,45,205.8,10.1,19.6,171.6,8,18244.2,1702.9,17829.3
"14HM19.M",1,3.78,0.2,8262.6,666.4,329.3,885.3,1205.9,197,562.6,602.1,1359.3,106.7,91.4,79.4,2155.9,15.8,571.8,10.7,18.3,121.5,1.3,17243.3,2642.3,17889.5
"14HM20.M",1,3.58,0.19,9305.1,604.7,762.5,615.8,588.3,448.8,1084.4,1071.7,1617.4,123.9,43.2,60.2,1518.5,55.7,221.3,51.7,66,258.8,13.5,18511.3,2155.1,17378.8
"14HM21.M",1,2.35,0.12,13048.9,927,924.3,574,624.3,240.8,473.3,882,1001.7,86.4,27.8,58.6,976.7,53.2,154.6,44.6,65.6,138.6,4.3,20306.6,1496.2,19462.5
"14HM22.M",1,4.18,0.22,7875.1,460.5,1038.7,504.9,496.7,492.7,1348.9,935.2,2061.6,137.5,46.5,83.3,1572.3,46.5,177.5,25.6,37.2,181.3,17.9,17539.8,1880.7,15889.2
"14HM23.M",1,3.28,0.17,10262.7,689.8,423,868.9,703.8,417.7,679.6,616.6,2003.9,90.6,29.8,131.4,2011.5,41.6,232.6,31.1,18.5,271.3,26,19550.5,2507.6,19433.8
"14HM25.M",1,3.29,0.17,9624.9,416.5,695.3,243.1,385.5,600.3,1261,3613.6,1030.4,96.6,155.3,47.6,57.7,4.7,507.6,18.2,57.9,106.8,91.7,19014.7,2458.4,15909.4
"14HM26.M",1,6.2,0.33,4026.3,405.5,394.6,1032.8,947.8,276.1,873,182.2,3538.3,168.4,77.7,214.2,2745,43.1,502,11.3,15.9,243.7,8.1,15706,3108.3,15993.1
"14HM27.M",0,5.84,0.31,3.7,17.2,881.2,1610.2,158.6,1345.1,3146.8,137,829,100.1,211.2,54.3,108.7,8,1469.7,52.8,13.1,121.5,1.8,10270,6406.7,1822
"14HM28.M",0,3.73,0.2,3.1,59.7,746.3,971.7,61.2,457.8,1413.6,77.1,5031.2,252.7,129,19.3,394.1,30.1,295.5,14.3,45.6,484.3,23,10509.5,3183.3,6924.2
"14HM29.M",0,4.48,0.24,2.2,38.3,541.3,485,32.3,747.3,1057.4,51.5,4004.5,180.9,83.2,29.8,613.3,81.5,224.7,28,59.8,964.5,162,9387.7,4047.8,6680.8
"14HM30.M",0,4.09,0.22,7.1,50.9,611.4,536.4,30,616.7,1017.7,53.6,4169.2,200.4,106.3,33.9,465.6,38.1,172.6,21.7,81.4,786.2,135.8,9134.8,3482.3,6442.9
"14HM31.M",1,6.82,0.36,3628.9,356.5,602.6,854.6,934.8,409.5,1244.9,274.7,3331.7,231.8,105.2,122.9,2603.2,50,514.9,13,24.7,212.1,6,15521.9,2958.1,15174
"14HM32.M",1,6.36,0.34,5149.9,236.3,1373.7,466.4,727.9,648.6,1799.3,1010.4,2269.4,191.6,84.4,60.2,1607.9,46.5,368.1,12,33.1,224.1,4.9,16314.6,2453.9,13831.5
"14HM33.M",1,4.42,0.23,7501.1,511.1,721.7,958.4,880.7,409.2,974.7,543.9,2439.2,102.5,58.5,76.9,1774,41.8,283.8,5.4,17.9,199.5,17.4,17517.7,2504.4,16647.7
"14HM34.M",1,5.09,0.27,6672.5,472.6,816.7,420.8,324.2,839,1507.8,1430.8,2258.6,76.6,42.6,88.6,1828,53.7,269.1,23.6,19.9,178.5,41.7,17365.3,2369.6,15457.4
"14HM35.M",1,4.3,0.23,7833.3,459.3,947.3,585.3,586.3,458.5,1020.1,924.4,2039.3,116.1,45,72.7,1897,71.6,370,45.6,30,228.3,14.2,17744.2,2386.4,16672.9
"14HM36.M",0,4.65,0.25,6.4,154.6,384.5,793.9,1002.8,254.2,853.1,43.3,3782.4,155.4,86.9,39.1,691.7,27,361.4,10.6,21.8,381.8,17,9067.9,2694.7,7966.9
"14HM37.M",1,4.32,0.23,6949.2,502.5,436.1,1219,1098.4,209.9,612.7,99,2787.3,255.3,47.6,100.8,1424.6,30.3,230.9,3.8,32.2,293.9,7.5,16341.1,2641.8,16001.5
"14HM38.M",1,4.37,0.23,7281.2,409.3,552.7,505.2,577.3,513,1170.4,673.1,2653.8,154.9,38.6,114.6,1836.8,35.6,309.4,7.3,40.2,203.6,5.4,17082.3,2208.3,16291.7
"14HM39.M",1,3.68,0.19,8323.7,554.2,910.4,430.9,358.4,348.8,904.1,1572.5,1238.3,55.5,12.7,102.9,1621.4,80.9,177.5,64.9,45.4,155.5,23.4,16981.6,1608.3,16015.1
"14HM40.M",0,5.64,0.3,7.6,14.6,1689.8,980.1,66,1195.7,3273.2,175.7,1736.9,136.9,160.5,2.6,167.5,9.3,640.4,15.8,15.9,202.7,6.7,10497.9,4038.7,2788.9
"14HM41.M",1,7.54,0.4,3006.3,193.4,1702.7,605.8,816.3,466.9,1523.7,412.3,3644.4,231.9,102.2,83.6,1959,79.5,535.7,30.6,65.7,395.3,7.4,15862.8,3135.4,13596.2
"14HM42.M",1,6.69,0.35,4243.4,271.7,1170.8,420.1,402.8,629.1,1720.9,816.3,3102.7,167.4,61.3,105.2,2254.7,77.7,307.6,14.2,54.2,233.2,37,16090.3,2371.3,14272.1
"14HM43.M",1,3.14,0.17,10076.1,440.5,550.3,649.4,413.6,673.5,606.2,1144,1569.2,44.7,31,245.6,1764.7,16.9,98,20.7,29.2,156.4,95.7,18625.8,2299.8,17866.6
"14HM44.M",0,6.13,0.32,0.4,18.8,1378.1,680.9,75.9,1725.9,2269.8,76.5,2007.9,163.3,141,9.6,142.9,0.7,681.5,12.7,25.7,195.2,14.5,9621.2,4339.8,2963.8
"14HM45.M",1,4.92,0.26,6628.7,428.3,430,1124.5,1178.9,336.2,842.7,224.1,2119.5,120.6,39.6,205.4,2644.4,45,448.4,24.7,22,265.4,4.5,17132.8,3142.3,17501.8
"14HM46.M",1,3.79,0.2,7624.6,503.3,318.1,1093.3,569,220.4,530.6,258.3,2251.3,56.1,11.1,173.4,2181.1,43.3,212,13.9,22.6,247,8.9,16338.4,2434,16500
"14HM47.M",1,5.31,0.28,5633.8,353.5,567.1,682.4,643.4,616.1,1048.8,524,2758.2,91.5,47.7,140.5,1972.6,44,261.8,9.1,25.2,267.6,30.9,15718.3,2607.2,14920.1
"14HM48.M",1,2.43,0.13,11049.3,705.2,541.7,237,355.9,405.4,703.8,1836.3,1075.8,71.5,8.7,33.9,102.2,34.2,133,16.1,137.2,185.5,30,17662.6,1381.9,16130.3
"14HM49.M",1,2.73,0.14,10699.9,553.2,700.1,218.4,382.6,574.3,914.3,2383.8,1273.5,89.2,23.5,24.3,83.9,17.3,181.1,10.3,105.2,156.5,18.2,18409.7,1552.1,16309.9
"14HM62.M",0,5.12,0.27,1.6,35.6,705.9,558.8,49.9,854.6,2023.8,87.8,3195.9,243.1,131.1,11.5,264.6,28.4,256.3,66.9,60.9,545.2,35.5,9157.2,3229.7,4926.9
"14HM63.M",0,5.07,0.27,3.2,38,714.5,312,24.1,1323.8,2003.7,114.6,3285.5,225.4,58,57.2,352.8,46.3,133.9,43.8,43.6,570.9,129.4,9480.9,3419.5,5122.6
"14HM64.M",1,2.57,0.14,11907.5,782.7,393.7,739.2,366.8,649.8,704.9,616.8,1065.6,64.1,13.4,173.8,1556,64.1,75.3,65.2,29.8,175.6,84.5,19528.9,2247.1,18582.8
"14HM65.M",1,5.01,0.26,5929.8,400.2,428.9,1077.6,1253.3,300.6,761.9,216.5,3470.2,171.4,69.9,74.8,1444.7,36.4,330.9,10.1,44.7,307.1,13.4,16342.6,2825.8,15990.9
"14HM66.M",1,4.26,0.22,7755.5,391.9,494.8,853.6,970.8,317.9,932.7,745.1,2024.8,127.6,48,97.8,1815.1,48,480.6,9.2,51.5,285.7,4.2,17454.8,2858.4,17014.5
"14HM67.M",1,4.34,0.23,8042.3,418.2,787.8,563,454.9,666.4,1409.4,1312.1,2046.7,78,36.8,174.9,1951.6,43,234.8,23.5,27.1,140.4,8.8,18419.7,2209.2,16928.3
"14HM68.M",0,4.89,0.26,2.8,56.2,400.4,2620.2,138.3,360.8,918.6,81.1,2659.9,126.8,107.9,31.5,377.7,15,538.2,8.2,31.6,255,9.8,8740.1,4726.5,4285.3
"14HM69.M",0,5.22,0.28,0.2,250.5,150.7,698.6,72.8,576.4,729.7,200,3406,175,55.5,130.7,1541.9,91.7,351.5,51.9,45.1,499.7,80.3,9108,3324,7902.8
"14HM70.M",1,3.37,0.18,9390.4,620.9,544.8,485,441.6,569.6,879.2,1657.7,1198.2,59.1,16.3,166.2,1720,45.6,144.7,43.1,26.7,89.2,29.5,18127.8,1764,17435.2
"14HM71.M",0,4.49,0.24,4.7,100.1,643,601.9,40.8,698.9,1870.6,131,3635.7,201.2,108.1,25.9,433.3,13.4,242.2,21.3,21.1,269.3,21.4,9083.9,2500.6,5353.6
"14HM72.M",0,6.3,0.33,135.5,764.3,172.1,1057.7,182,477.7,854.2,358.9,2833.8,129.1,19.8,135.1,1859.2,25.3,238.1,27.2,35.9,233.2,23.8,9563,2680.5,8636.3
"14HM73.M",0,3.92,0.21,3.1,187.9,160.9,877.2,68.9,528.5,1249.5,92.1,4005.1,222.3,132.7,14.2,380.6,17.2,264.6,16.5,59.7,345.8,30.3,8657.1,2833.9,5891.3
"14HM74.M",1,5.15,0.27,6146,330.6,654.7,398.6,348.2,1060.2,1664.2,662.7,2320.9,113.3,21.5,145.5,1745,65,196.5,48.9,27.6,254,78.2,16281.7,2683.3,14118.1
"14HM75.M",0,5.77,0.3,3.2,26.5,1137.3,892.2,57.3,1413.9,2739.7,62.4,1885.5,162.3,114.9,10,126.9,6.6,530.9,16.5,23.5,224.5,41,9475.1,4023.6,2796.2
"14HM76.M",1,1.96,0.1,13826.5,653.7,375.1,376.7,435.7,151.1,497.2,2097.9,674,99.4,88.3,10.5,23.3,5.2,207.9,4.1,44.9,92.3,2.1,19665.9,1231.4,18455.6
"14HM78.M",1,3.11,0.16,8961.4,486.9,519.5,675.8,646,458.4,537.9,391.3,1683.3,73.9,23.2,111.7,1415.2,25,180,30.6,21.7,201.3,19.1,16462.2,2069.8,15994.5
"14HM79.M",0,4.03,0.21,1.4,17.3,1425.4,680.3,32.8,1641.1,4316.3,101.8,564.2,69.1,211.8,26.2,85.2,4.7,705,21.7,3.9,55.6,8.6,9972.2,4097.8,1074.7
"14HM80.M",1,5.47,0.29,5309.6,302.2,973.1,348.4,300.3,632.5,1457.4,736.7,2318.1,96,33.9,96.9,1604.9,78.4,263.6,41.7,38.9,249,18.5,14900,2173.9,12941.7
"14HM81.M",1,5.25,0.28,5480.6,360.4,849.2,495,445.5,499.4,1121.8,532.1,2354.4,120.6,21.3,211.8,1859.2,46.1,161.2,31,33.5,234.3,40.2,14897.8,2099.1,13790
"14HM82.M",0,3.69,0.19,0.8,68.2,725.4,689,41.5,590,1557.9,242,5366.9,307.8,172.5,17,515.1,21.3,256.7,11.3,67,415.8,21,11087.2,2855.5,7660
"14HM83.M",1,3.02,0.16,9956.6,802.3,141.2,1398.3,1537.8,77.2,297.7,139.8,1693.2,92.5,18.2,108.8,1429.1,23.6,178.7,13.5,26.8,231.4,4.6,18171.4,2432,18916.9
"14HM84.M",1,3.06,0.16,9413.2,576.9,326.9,580.8,794.9,523.3,1028.5,1888.6,1156.3,125.7,126.7,8.7,47.3,6.7,293,10.8,95.2,148.8,14.9,17167.2,2152.8,15195.1
"14HM85.M",1,3.84,0.2,8945.6,533.6,590.6,285,376.5,1257.4,1354.5,1693.9,1189.4,60.4,27.4,212.6,1434,29.2,235.2,53.4,66.5,150.4,188.6,18684.2,2930.9,16380.6
"14HM86.M",0,3.95,0.21,2.3,161.3,332.5,1030.3,45.8,358.5,781.7,119,4665.6,287.4,167.9,90.8,863.3,18.2,812.7,37.1,50.2,156.7,11.9,9993.4,3610.1,7348.1
"14HM111.M",1,7.36,0.39,3472.6,109.9,836.4,490.8,214.2,1303.3,2684.5,2756.7,1281.1,69.6,233.7,116.7,2376.5,8.2,345.1,20.8,62.6,103.8,24.3,16510.9,3091.1,13121.3
"14HM112.M",1,4.1,0.22,7174.1,249.7,486.3,538.4,318,532,1209,914.9,1948.5,106.7,32.5,147.6,1969,34.3,94.6,53.6,31.3,156.7,4.8,16002,1762.7,15240.9
"14HM113.M",1,4.21,0.22,7042.9,372.4,563.8,941.6,611.4,294.6,764.6,262.3,2403.7,167.8,48.3,147.1,1742.8,87.7,176.5,47,35.7,314.8,5.7,16030.8,2425.7,15390.8
"14HM114.M",0,4.98,0.26,2.1,19.5,967.5,59.8,7.2,1681.7,1730.3,130.5,3011.2,216.4,82,72.4,340.1,40.2,77.7,21,40,333.6,136,8969.1,2990.4,4508.8
"14HM115.M",1,2.3,0.12,13052.4,510.8,846.2,464,408.6,340.8,348.4,2559.4,1236.5,108.4,58.2,33.9,27.8,14.6,58.9,5.2,109.7,138.1,19.9,20341.7,1330.7,18702.8
"14HM116.M",1,3.89,0.21,8333.1,588.6,474,964.4,237.3,604.2,642.1,2929.1,503.9,42.1,106,424.1,1802,11.4,136.1,22.3,86.9,15.2,160.2,18083.2,2721.7,16687
"14HM117.M",1,3.94,0.21,6959.7,365.6,743.2,594.5,311.6,646.3,635.5,717.4,1218.5,58.6,0.8,235.3,1837.8,58.8,43.4,62.4,25,218.1,105.5,14838,2211,13949
"14HM118.M",0,3.87,0.2,3.1,8.8,2229.1,109.8,5.8,1783.5,4553.4,130.8,815.6,174.8,262.6,37.4,165.5,2.5,332.1,28,6.9,59.2,29.9,10738.7,3035.5,1576.8
"14HM119.M",1,5.89,0.31,5197.7,246.2,842.9,642.1,343.6,576.9,1615,611.1,2667.1,242.5,32.1,179.2,1976.6,52,141,41.8,75.6,415.1,11.2,15909.7,2565.1,14212.9
"14HM120.M",0,3.65,0.19,6.2,39,1148.5,719.1,35.6,287.6,844,21.4,4662,310.3,132.2,52.1,678.6,43,238.4,12.8,40.3,291.7,12.1,9574.8,2275.5,6852.3
"14HM121.M",1,3.24,0.17,9435.3,644.8,207,2339.6,1141.4,118,318.5,351.4,1243.4,68.3,41.7,146.4,1670.7,20.2,183.1,11.7,19.5,103.8,7.2,18071.9,3233.8,17521.8
"14HM122.M",0,4.37,0.23,5.1,269.7,231.1,1881.3,66.8,234.8,725.1,146.5,3554.8,153.2,63.9,67.2,532.6,24.9,375.5,7.8,48.4,342.3,14.7,8745.8,3712.3,5775.1
"14HM123.M",1,3.48,0.18,8229,197,1012.3,222,171.2,595.4,1483.6,2168.2,1354.9,171,76.9,40.2,207.1,28.7,60.8,28,197,248.7,5.5,16497.5,1564.5,13547.4
"14HM124.M",0,4.17,0.22,2.3,19.8,1242.7,142.9,13.3,614.1,1175.9,111.4,3752.6,258.8,132.4,49.7,530.6,29.5,175.2,14.6,50,297.2,25.5,8638.4,1934.8,5644.4
"14HM125.M",1,5.65,0.3,5267.5,463.8,652.4,1655.3,1276.9,191.6,554.1,264.9,2003.4,123.5,45.5,142.8,3326.3,72.6,307.5,14.2,34.9,135.9,0.9,16534,2923.7,17549.4
"14HM126.M",1,3.1,0.16,9099.5,592.8,1270.6,598.5,257.6,244.6,421.9,894.6,1319.3,79.7,17.9,123.8,1461.7,32.4,97.1,34.3,37.1,136.6,7.1,16727.4,1466.6,15669.8
"14HM127.M",1,4.86,0.26,6255.4,281.6,1277.3,703.6,300.5,227.4,1008.8,879.8,2039,118.1,20.9,155.8,2285.6,57.7,167.3,13.4,43.2,174.4,2.6,16012.5,1796.3,15020.2
"14HM128.M",1,3.16,0.17,8789.8,506,738.1,725.9,486.9,248.1,561.3,810.1,1428,95.3,42.8,89.2,1236.1,53.9,154.1,16,33.8,226.1,11,16252.4,1888.4,15384.8
"14HM129.M",0,5.38,0.28,1.4,494.8,382.8,1718.5,77.7,179.7,492.6,92.5,2938.1,263.9,137.2,49.7,776.9,40.5,420.4,12.5,27.3,323.3,14.6,8444.4,3601.6,5890.4
"14HM130.M",1,2.84,0.15,8955.3,373.8,439.2,992.3,389.5,220.1,269.6,119.5,2227.1,112.8,19.6,75,1264,50,125.6,6.9,24.2,172.5,14.7,15851.7,1932.6,15323.2
"14HM131.M",1,4.33,0.23,7813.8,438.3,1211.2,514.1,324.2,702,1338.7,1807,1381.1,95.4,44.2,120.6,1522,39.3,96.6,45.6,71.3,168.2,27.9,17761.4,1966.3,15584.3
"14HM132.M",0,4.73,0.25,2.7,43.5,2229.8,186.6,4.1,2244.5,3425.8,48.3,649.2,123.3,91.1,119.8,451.6,35.6,374.6,15.1,15,120,167,10347.6,3965.3,1943.6
"14HM133.M",0,4.12,0.22,2.7,144.4,688.9,327.7,14.4,504,1171.8,128.7,4089,249.7,131.3,19.5,589.5,75.7,126.9,11.2,65.2,655.2,43.1,9039.1,2633.1,6619.1
"14HM134.M",0,4.55,0.24,1.6,113.2,355.7,947.5,67.4,650.3,736.4,103,3623.8,129.7,66.7,73.7,602.1,20.6,278.5,26.4,60,600.4,74.7,8531.6,3645.3,6057
"14HM135.M",1,5.32,0.28,5212.4,335.4,670.4,429.7,300,595.2,1716.7,498.7,2275.8,148.6,65.5,81.4,1305,82.8,118.2,159.3,57.7,255.3,16,14324.4,1950.9,12211.2
"14HM136.M",0,3.97,0.21,9.6,83.2,1551.1,198.3,10.7,856.7,2602.3,160.5,5260.9,333,151.5,31,517.9,51.1,69.6,59.8,70.4,268.6,20.6,12306.5,1954.9,7373.4
"14HM137.M",1,3.57,0.19,7460.9,405.1,709.6,416.1,237.3,271.6,822.9,1479.8,1235,102.3,57.9,60.1,1294.3,46.6,87.4,69.7,78.3,139.2,3,14977.2,1265,14111.8
"14HM138.M",1,4.9,0.26,6137.9,437.3,972,591,361.5,530.5,868.4,733,1976.7,111,53.1,121.9,2339.2,44.5,99.1,75.9,24.1,210.1,24.4,15711.6,1963.7,15131.5
"14HM139.M",1,3.87,0.2,7516.6,538.2,966.4,466,401.6,342.5,859.5,714.8,1641.6,129.3,39.4,76.1,1534.2,74,46.1,138.3,40.3,262.5,19.9,15807.1,1580.9,14893.4
"14HM50.M",1,2.99,0.16,9191.4,575.7,134.8,940.2,110.4,953.6,334.8,1330.4,871.9,44.7,64.9,6.7,1306.8,21.9,373.2,62.2,47.3,138.6,2.6,16512.2,2994.3,15144.1
"14HM51.M",1,3.64,0.19,6713.5,239.1,74.9,849.9,576.7,580.3,351.8,137.2,2814.5,88.2,25.7,141.8,428.1,11.9,297.6,9,0.3,41.5,843.7,14225.6,3963.3,12053.1
"14HM52.M",1,2.91,0.15,9038.5,298,23.8,161.1,360.1,298,2192.4,2026.4,1029,29.5,110.7,125.2,6.9,5.3,134.9,26.6,64.4,278.3,178.7,16387.8,1878.9,13589.1
"14HM53.M",1,4.13,0.22,6621.9,291.8,32.5,712.8,567.9,62.8,1130.4,645.6,1670.3,36.5,132.6,10.2,2608.2,13.9,496.3,33.2,7,165.4,9.7,15248.9,2261.2,15830.9
"14HM54.M",0,4.87,0.26,0.6,27.8,14.1,357,24.2,406.8,2653.2,188,2618.7,105.8,157.4,67.3,309,9.2,369.5,416.4,18.2,673.5,173.2,8589.9,3420.9,4733.5
"14HM55.M",0,4.01,0.21,3.1,321.9,61.6,359.3,18.4,67.4,2527.5,217.3,3495.8,75.4,174.7,12.3,472.2,24.7,500.8,112.8,9.6,387.9,13.7,8856.3,2418.6,5614.6
"14HM56.M",1,2.5,0.13,11740.2,346.6,41,715.5,309.9,371,1023.5,870.5,1081.5,27.8,63.6,104.6,1487.2,2.9,245,159.8,73.6,214.4,106.5,18985.2,2386.5,18182.3
"14HM57.M",1,4.3,0.23,6436,224.8,113.9,259.9,511.1,162.7,3532.3,809.3,1724.6,42,56,29,1208.8,13.2,503.8,151.6,20.4,202.4,28.5,16030.3,1976.8,13071.5
"14HM58.M",1,3.63,0.19,7619.2,309.1,99,965.5,481.2,141.2,1324.9,328.5,1848.2,31.1,58.5,11.2,1717.6,11.3,307.8,104.7,10.5,301.4,16.4,15687.5,2427.7,14960.9
"14HM59.M",1,2.9,0.15,9922.1,317.9,30.5,1638.4,2043.2,409.8,60.9,335.3,674.5,100.8,63.4,11.8,1407.9,7.3,581,16.4,9.4,99,12.3,17742,3508.1,18387.1
"14HM60.M",1,3.51,0.19,8424.4,294,47.1,383.5,534.9,188.7,1794.1,989.3,1656,35.5,68.2,82.8,1113.5,11.2,287,286.8,71.5,408.3,79.8,16756.3,2273.2,15533.7
"14HM61.M",1,2.09,0.11,12373.6,336.1,57.3,977.8,586.9,614.3,544.1,568.5,1118.2,21.5,21.7,155.2,72.4,22.7,243.1,64.1,17.8,226.6,91.9,18113.8,2892.3,16062.9
"14HM87.M",1,5.18,0.27,6741.6,442.3,805.6,291,261.5,1405.9,1626.8,2384.5,750,50.4,52.9,339,1880.4,79.4,240.2,48.2,31.1,225.7,127.8,17784.3,3276.3,14988.6
"14HM88.M",1,3.21,0.17,9294,481.1,613.2,172.8,150,1100.2,1221.7,3672.5,823.9,57.9,56.5,108.3,41.4,5.6,165.5,9.7,67.3,159.3,62.4,18263.4,2212.3,15015.9
"14HM89.M",1,6.22,0.33,4264,457.7,313.6,1469,1486.3,126.6,460.5,91.9,2823,137.8,28.1,154.9,1935.9,38.8,617.2,16.9,54.3,356.2,3,14835.6,3731.3,15100.4
"14HM90.M",1,3.37,0.18,9146.7,578,432.6,839.9,952.2,186.4,471.6,1110.4,1370.1,51.1,21,143.6,1899.3,25.1,331.4,12.4,29.9,94.6,1,17697.2,2044.7,18126.1
"14HM91.M",1,3.77,0.2,8271,593.4,600.2,692.5,720.7,517.7,661.1,218.1,2495.2,90.9,26.9,112.1,1461,50.2,155.2,36.8,22.6,517.8,80.8,17324.1,2856.8,16631.7
"14HM92.M",1,3.26,0.17,8713.9,822.6,146.8,1356.9,1012.4,99.1,307.1,102.3,1788.8,77.4,13.9,59.2,1820.9,26.8,191,6.8,14.7,193.1,2.6,16756.2,2302.5,17400.8
"14HM93.M",1,3.49,0.18,7867.1,430.4,491.6,596.4,596,428.9,929.2,644.6,1591.8,60.5,38.5,72.5,1209.8,22.4,254.8,13.5,23,189.3,13,15473.1,2050.4,14454.6
"14HM94.M",1,3.4,0.18,8337,702.7,188.1,1275.7,1294,102.2,297,1173.3,588.3,53.9,15.2,76.5,1693,8,392.3,11.5,29.4,54.2,0.8,16293.1,2364.4,16953.6
"14HM95.M",1,5.04,0.27,5768.8,410.2,541.6,580.9,502.8,939.2,975.6,260.1,2082.8,32.1,16.8,165.1,1910.7,35.5,262.3,35.4,22.1,261.4,161.2,14964.6,3072,13721.9
"14HM96.M",0,4.83,0.25,0.9,37.5,536.6,403.3,35.5,857.9,1237.7,107.9,3241,167.6,94.6,29.4,311.7,15.2,435.2,14.8,27.8,507,112,8173.7,3493.8,4826.8
"14HM97.M",1,6.34,0.33,4583.2,249.7,922.2,177.2,243.4,1566.4,1816.2,627.5,1033.2,143,19.7,232.4,1080.6,152,363.3,135.7,69.9,286.6,270,13972.3,3835.6,9846.7
"14HM98.M",0,6.27,0.33,0.8,24.5,1184.8,910.1,50.9,1307.6,2517.8,91.6,1357.9,159.2,198.1,46.7,378.3,11.6,378.5,12.6,12.6,205.4,12,8861.2,3654.3,2735.9
"14HM99.M",1,3.89,0.21,7723.8,246.9,547.3,610.6,552.9,512.1,1275.2,471.2,2346.7,119.2,68.6,104.2,1459.5,80.2,114.7,92.3,37.4,198.7,13,16574.5,1948.3,15298.2
"14HM100.M",1,2.61,0.14,10709,657.1,402.2,901,492.8,248,572,517.2,1421.9,66.1,20.3,101.5,1355.2,51.6,35.3,28.7,27.8,133.7,16.6,17758.3,1642.3,17285.3
"14HM101.M",1,2.96,0.16,8350.6,304.8,473.1,750.9,359.4,211.2,537.1,162.4,2211.1,123.5,28,68.5,1034.1,72.8,42.6,54.8,33.7,298.8,7.9,15125.5,1757.1,14360.8
"14HM102.M",1,4.22,0.22,7959.1,391.1,467.6,750.8,306.3,1278.9,1353.1,1198.3,951.2,67.6,53.7,388,1828.9,57.7,168.8,139.7,56.2,66,152.9,17635.9,3246.8,15155.7
"14HM103.M",1,5.88,0.31,5269.2,193.7,782.1,233.8,220.9,1557.6,1732.8,775.3,1756.3,107.9,79.2,344.7,1476.8,73.1,303.3,108.6,29.7,174.3,130.6,15349.7,3431.6,11839.9
"14HM104.M",1,3.45,0.18,7856.9,206.6,291.7,1098.9,540.3,642.5,688.2,173,1817.6,70.1,26.2,131.2,1509.5,39.4,123.3,39.9,16,233.4,27.4,15532.1,2667,14529.1
"14HM105.M",0,4.43,0.23,3.2,65.7,499.8,355.4,27.8,757.3,1448.3,142.1,3570.6,268.1,120.4,18.9,343.7,48.4,160.8,60.6,56.5,524.3,35.1,8507.1,2692.4,5490.7
"14HM106.M",0,5.78,0.3,1.3,14.9,814.7,216.4,9.4,2225,2574.4,81.6,1829.1,189.6,20.4,217.8,207.2,54,200.8,209.5,37.9,491.8,276.4,9672.2,4617.7,3327
"14HM107.M",1,4.26,0.22,7006.5,196.8,637.2,379.5,295,887.3,1411.1,942.4,1494.8,95.2,12.5,137.1,1712.7,73.9,104.8,143.1,56,188.8,38.3,15813.2,2080.3,14195
"14HM108.M",1,2.1,0.11,13729,820,90.4,2042,1196.4,84.5,110.7,58.2,583.6,46,16.9,82.5,1217.3,16.9,144.8,6.2,5.3,39.5,4.6,20294.7,2603.9,20120.3
"14HM109.M",1,6.37,0.34,4641.3,172.9,541.3,349.9,307.7,1704.8,1855.7,607.4,2187.9,74.7,68.5,309,2304.7,36.7,285.3,57.6,21.1,133.3,128,15787.7,3525.4,13142
"14HM110.M",1,2.44,0.13,11402.3,588.3,205.3,893.4,395.7,340.7,438.3,387.7,1545.1,59,2.9,118.5,1261,39.3,99.8,22.8,45.9,292.3,71.1,18209.5,2281.8,17702.8
"14HM140.M",1,5.22,0.28,5356,684.6,485.9,1221.8,363.6,44.4,580,821.5,2101.2,128.1,124.2,34.9,1669.4,120.4,200.1,49.3,27.7,313.8,22.6,14349.6,2498.4,13576.1
"14HM141.M",0,4.68,0.25,0.1,667,310.9,720.1,57.1,75.9,276.4,69.7,3460.2,219.2,223.3,23.6,2043.7,145.8,164.1,46,26.9,553.7,33.5,9117.3,2545.6,9271.6
"14HM142.M",0,5.31,0.28,1.6,612.3,716.3,1259.2,105.1,116.4,542.7,94.3,3604.2,313.3,224.4,19.3,1186.1,137.1,291,22.2,26.9,327.8,52.1,9652.6,2961.2,7612.2
"14HM143.M",0,5.91,0.31,1.3,179.3,2442.9,338.4,38.9,182.1,1810,69.8,2323,224.8,316.4,43.5,328.7,109.1,465.1,36.2,116.1,487,78.8,9591.4,2942.1,4288.8
"14HM144.M",1,3.03,0.16,10257.9,1116.9,202.1,1082.2,1515.2,534.7,233.6,357.6,1157.8,76.2,49.2,38.8,1306.7,94.8,124.6,80.9,28.3,269.4,37,18563.9,2566.9,19017.2
"14HM145.M",1,3.47,0.18,8939.2,1263.7,234,2165.9,459.7,192.1,401.1,380.9,1475.1,123.7,45.5,44.5,1262.4,131.4,114,73.9,25.2,380.9,31.8,17745,3501.3,16132.1
"14HM146.M",1,4.3,0.23,7158.2,682.1,682.4,885.1,215.4,157.2,604.6,1856.7,1454.9,121.8,101.6,77.2,1667.3,96.3,149.1,54.5,59.6,222.9,57.6,16304.5,2080.4,15435.6
"14HM147.M",0,4.02,0.21,2.3,234.9,865.4,287.3,18.4,98.3,698,59.2,4041,242,141.2,13.7,887.9,205.5,111.7,11.7,24.7,823.4,42.9,8809.7,2496.7,7276.6
"14HM148.M",1,5.33,0.28,4983.9,605.7,501.5,1403.9,199.4,105.8,601.4,431.2,2292.7,112,71.2,43.4,1755.3,152.8,74.1,78.1,13.5,514.7,48,13988.6,2898,12954.7
"14HM149.M",1,5.19,0.27,4218.9,363.4,906,444.3,196.2,154.5,908.5,4084.8,652.5,89.2,130.5,100,1583.9,39,183.6,62.9,136.3,40.8,32.3,14327.7,1342.7,13345.5
"14HM150.M",1,4.47,0.24,6901.6,769.5,419.7,1032.8,680.1,238.6,498.8,420.4,1959.2,98.3,63.2,85.7,1493.1,288.1,80.6,125.3,40.3,652.4,116.9,15964.6,3120.3,15353.6
"14HM151.M",0,5.65,0.3,2.7,150.6,1420.9,227.7,19.9,467.6,1254.5,42.9,2980.4,207.9,126.1,119.6,285.1,376.9,85.6,37.9,18.3,790.4,197.1,8812.2,3087.1,4859.5
"14HM152.M",1,4.83,0.25,6899.6,683.1,870.1,1041.9,296,188.8,837.1,1062.3,2232.8,98.1,58.6,75.8,1730.9,166.8,101.4,124.2,57.1,439.2,82.4,17046.1,2611.2,15707.2
"14HM153.M",1,4.29,0.23,7656.5,497,754.5,474.5,228.2,799,838.1,1355.2,931.3,93.8,65.7,187,1260.9,340.8,36.5,428.1,327,261.6,283.7,16819.4,2689.8,14855.8
"14HM154.M",1,4.08,0.22,7696.2,477.8,666.9,512.8,222.1,269.9,743.1,2315.5,1121.5,57.1,87.2,143.5,1469.6,146.9,110.4,178.8,302.5,244.2,128.8,16894.8,1980.3,16079.3
"14HM155.M",1,6.8,0.36,3056,376.5,971.9,901.2,434.7,94.9,789.7,397.9,3225.6,152.9,175.4,18.6,2186.4,145.2,234.5,50.5,30.9,469.3,26.5,13738.7,2650.7,13032.7
"14HM156.M",1,5.9,0.31,5092.4,800.2,330,2157.6,659.3,124.4,466,192.6,2628.3,205.4,92.5,31.4,1823.9,192.3,165.3,85.3,11.9,764.6,102.3,15925.7,4470.4,14759
"14HM157.M",1,6.02,0.32,4499.8,617.2,741.1,1107.7,392.3,70.8,368.9,1304.8,1922.1,108.5,104.1,26.8,2355.9,101.5,217.1,47.4,22.2,249.5,10.1,14267.9,2262.9,14290.1
"14HM158.M",1,5.17,0.27,5710.6,693.9,720.7,843,446.5,90.6,508.8,992.9,2255.8,142.3,111.8,34.1,2112.6,120.1,154,61.6,18.6,283.3,30.5,15331.8,2015.1,15295.9
"14HM159.M",1,4.63,0.24,6803.8,672.3,602.1,1326,599.1,94.2,410.3,696.2,2064.8,104.4,65.9,67.8,2611.2,115.8,151.6,54.3,22.6,303.4,64.1,16829.9,2592.1,17164.9
"14HM160.M",1,4.48,0.24,7307.3,515.1,1062.2,864.1,208.7,156.9,778.8,1303.1,1861,101.8,122,47.1,1825.5,133,101.8,88.4,127.4,389.6,66.2,17060,2305.2,15889.6
"14HM161.M",1,2.26,0.12,12273.3,795,181.7,1113.2,611.6,71.8,303.4,1085.5,688,75.9,40.7,33.6,1222.2,30,70.7,33.9,42.4,99.8,10.4,18783.1,1621,18803.7
"14HM162.M",1,5.56,0.29,4179.8,534.8,499.3,1328.6,304.7,79.5,441.4,277.8,3300.6,141.5,54.4,11.8,1551.7,164.2,124.9,47.2,7.8,672.2,22.5,13744.8,3113.5,12882.4
"14HM163.M",1,5.58,0.29,4723.8,616.2,506.7,1468.6,349.7,91.2,489.6,365.4,2834.8,108.6,79.1,34.1,1735.6,164.8,134.2,41.6,20.7,575.2,44.2,14384.1,3180.2,13477.7
"14HM164.M",1,3.91,0.21,8247.4,581.6,732.2,894.7,207.7,163.5,923,1973.5,1418.4,74.2,87.1,25.8,1689.7,91.1,125.5,72.2,80.5,218.2,18.2,17624.4,1894.9,16541.2
"14HM165.M",1,7.23,0.38,2071.8,597.8,587.2,2234.8,577.9,168.4,516.5,468.6,2413.8,139,184,14.6,3001.7,98.9,434.7,34.5,10,116,20.3,13690.5,3743.6,13020.8
"14HM166.M",0,4.27,0.23,0.2,218.1,901,424.5,19.4,98.6,787.6,55.8,4020.2,209.6,162.3,18.4,942.5,183.5,88.7,8,175.8,716.4,69.4,9100,2453,7503.5
"14HM167.M",1,2.29,0.12,12118,672.3,427.6,357.6,250.8,70.7,429.5,2254.2,945.9,70.8,63.6,40.8,417.8,57.3,62.6,5.9,300.5,212.3,11.6,18770,1105.7,18217.9
"14HM168.M",1,4.25,0.22,7493.1,1033.8,301.9,1989.7,343.4,89.8,338.1,698.1,1769.6,152.1,126.3,36.1,2157.5,187.1,258.9,42.1,6.8,198.4,27.2,17249.8,3210.8,16402.3
"14HM169.M",1,5.22,0.28,5743.9,526.4,815.7,850.9,253.6,159.1,603.8,1349.3,2277.9,134,91.1,64.6,2085.6,114.1,200.3,45.5,26.3,220.4,40.8,15603.4,2088.7,15028.6
"14HM170.M",1,3.76,0.2,7934.4,636,639.4,460.6,217.2,548.8,472,2457.9,921,71,75.9,402.7,1089.3,53.3,107.4,98.3,168.6,65,141,16559.8,2114.9,15133.8
"14HM171.M",1,3.64,0.19,8450.4,624.8,682.1,528.4,197.6,227.1,1105.4,2266.6,864.2,72,70.5,376.8,1023.5,56.5,101.4,101.3,187.2,75.9,150.9,17162.9,1859.4,15272
"14HM172.M",1,4.98,0.26,6628.5,841.9,378.9,2179.2,450.4,475.3,499.5,465.3,2529.3,165.6,102.8,34,1589,131,137.7,34.9,27.7,535.3,44.7,17250.8,4226.6,15334.8
"14HM173.M",1,3.43,0.18,9261.3,571.3,645.2,622.5,134.7,372.6,913,2541.1,853.2,58.1,75.9,394.8,1154.8,50.6,97.9,88.3,180,60.2,120.2,18195.7,2022.3,16372.5
"14HM174.M",1,2.42,0.13,12363.8,1050.4,257.4,1579.1,574.1,190.2,339,629.6,1022.9,58,82.9,56.7,1106.6,60,127.2,33.5,12.3,102.6,16.2,19662.5,2401.1,18646.7
"14HM175.M",1,5.55,0.29,5477.3,451.8,741.9,955.5,236,457.1,920.2,1302.5,1585.3,103.9,190.7,15.8,2291.4,96.8,271.6,44.3,22.6,167,10.9,15342.7,2518.2,14232.1
"14HM176.M",1,6.04,0.32,4021.2,521.7,350.1,1399.8,508.7,218.8,469.1,409,2746.1,109.7,96.7,20.7,2231.7,129.1,168.2,45.4,6.5,430.3,13.8,13896.5,2960.5,13777.2
"14HM177.M",0,5.41,0.29,288.8,107.7,1171.7,182.9,48.2,634.4,1519.2,157.5,3418.9,148.8,172.3,70.3,522.7,147.4,136.1,16.3,18.6,599.3,137.3,9498.7,2805.5,5916.4
"14HM178.M",1,3.99,0.21,8137.7,584.5,646.5,1867.2,397.8,172.6,1403.2,462,2074.2,110.9,101.1,56.2,1345,54.4,101.2,59.5,12.8,150.1,11.2,17748,2722,15090.2
"14HM179.M",1,4.04,0.21,7650.6,444.3,424.8,1238.4,309.2,332.2,1556.6,734.8,1978.6,90,113,16.3,1558.6,44.6,98.7,65.4,9.4,142.8,11.6,16819.7,2206,14860.8
"14HM180.M",1,3.33,0.18,8782.5,213.6,400.1,311.3,355.3,235.5,2744.5,2221.3,1211.7,96.2,164.7,17.4,25.2,32.5,109.7,208.2,115.5,208,11.8,17465.1,1387.9,13933.5
"14HM181.M",0,4.67,0.25,8.1,238.1,470,240.2,13.4,304.8,2420,269.9,3349.6,111.6,107,48.8,540.1,115.2,86.3,245,17.7,579,88.6,9253.6,2208.7,5943.8
"14HM182.M",0,4.63,0.24,17.6,411.2,158.8,488.4,35.1,100.2,1498,340.3,3640.1,121.7,138,16.9,1193.3,103.3,85.6,101.9,18.4,624.6,15.1,9108.3,2194,7750.8
"14HM183.M",1,2.29,0.12,12417,418.7,260.9,1538.9,235.9,142.9,618.5,566.9,966.1,54.2,46.4,41.1,1330.6,49.9,57.6,110.6,48.5,231.4,43.3,19179.5,2434,17995
"14HM184.M",0,4.46,0.24,0.9,126.8,604.4,131.6,9,643.9,2198.6,292.9,3741.2,95.9,173.4,68.3,688.4,99.4,84.4,100.1,38.5,374.4,67.2,9539.4,2069.3,6204.2
"14HM185.M",1,4.78,0.25,6636.4,342.4,702.8,1150.2,175,367.8,1516.2,2281.6,576.2,130.4,134.7,247.7,1370.3,71.7,150.9,92.8,168.4,63.6,194.3,16373.4,2718,13550.7
"14HM186.M",1,3.15,0.17,9755.2,282.2,1073.9,735.6,134.2,188.3,1019.6,1921.3,658.8,49.3,59.2,309.6,1807.6,17.8,23.5,86,5.9,64.8,41.6,18234.4,1552.5,16713.1
"14HM187.M",1,3.11,0.16,9655.5,469.8,279.9,1774.3,277,70.6,999.4,972.4,1179.3,56.1,96.8,35,1732.3,30.7,102.4,17.2,11.9,122,22.4,17904.8,2470.4,16514.6
"14HM188.M",1,2.12,0.11,12740.8,311.1,445.3,377.8,220,149.4,811.1,1287.1,1353.3,77.9,31.1,54.7,248,79.3,59.6,4.1,181.5,356.4,48.9,18837.6,1542.8,17429.8
"14HM189.M",1,8.36,0.44,1745.9,99.5,554.7,374.5,201.2,239.4,2447.8,303.8,2579,218.2,170,102.4,1219.7,407.8,171.5,588.3,144.2,1132.3,160.7,12860.9,3815.3,9797.3
"14HM190.M",1,6.81,0.36,4107.8,271.6,516.6,821.1,373.1,692.6,1801.3,618.8,2217.3,210.4,160.1,7.2,1606.8,125.1,196,119.5,34.3,368.9,19.6,14268.2,2850,11942.7
"14HM191.M",1,5.43,0.29,5428.3,683.1,206.5,2689.2,460,276.5,895,421.9,1899.1,91,178.6,11.6,2298.7,37.5,266.5,29,11,161.6,14.2,16059,4040.2,14253.2
"14HM192.M",0,5.19,0.27,11.4,425.8,246,485.4,109.4,616.6,1779.3,482.2,3575.3,102.1,226.4,15.6,1342.5,43.3,167.6,24.9,20.4,242.5,15.4,9932.1,2194.7,7808.9
"14HM193.M",1,5.2,0.27,5876.7,605.5,779.9,1115.1,223.8,119.9,730.1,1148.6,2657.3,113.3,78.4,43.1,1848.9,115.5,180.9,36.6,17.3,300.3,16.3,16007.5,2351.7,14918.1
"14HM194.M",1,4.05,0.21,7828.7,667.4,650.2,1153.3,330,121.2,787.4,1060.5,1780.8,77.5,68.4,31.7,1842.4,97.2,124.3,49.2,40.3,336.2,31.2,17077.8,2358.1,16225.7
"14HM195.M",1,4.62,0.24,7023.5,491.5,952.7,609.1,261.3,340.3,812.2,1536.6,1148.4,70.2,67.5,193.1,1989.1,200.1,71.1,206.4,168.7,284.3,174.4,16600.4,2269.6,15599
"14HM196.M",1,3.73,0.2,8615.7,1356.5,115.6,2579.2,2061.4,94,211.1,496.2,681.6,113.1,58.4,28.2,1588.5,62.4,153.4,17.8,9.1,113.6,10.6,18366.3,3314.9,18712.4
"14HM197.M",0,5.57,0.29,1.7,100.7,2395.3,226.3,14.4,479.4,2620.4,88.4,1682.1,113.5,143.9,65.6,1166.6,90.2,107.6,37.2,27.1,381.3,73.6,9815.4,2040.2,4821.1
"14HM198.M",1,6.61,0.35,4066.3,437,978.7,493,410.8,178.2,1031.1,1351.1,2244.2,123.1,128.3,19.8,1545,113.2,191.6,37.1,49,342.5,14,13754.3,1915.6,12611.1
"14HM199.M",1,3.15,0.17,9730.7,679.6,799.7,838.6,623.4,226.1,922.6,1879.6,1395.5,109.2,117.3,28.2,111.1,51.6,113,16.6,118.7,262.6,22.2,18046.4,2005.8,15780.4
"14HM200.M",1,2.62,0.14,11351.5,1080.6,180,1018.6,1327.6,43.8,296.4,386.9,1297.5,62,13.1,98.8,795.6,140.7,20.5,60.4,44.8,577.1,67.4,18863.3,2504.5,19152
"14HM201.M",1,4.7,0.25,6170.2,1024.2,190.5,2884.9,578.2,114.4,345,253.2,1692.6,79.3,67.8,14,2140.1,77.3,163.6,32.2,27,300,14.5,16168.9,4037.2,15042.3
"14HM202.M",1,4.34,0.23,7356.1,462,863.2,388,439.8,267,1206.9,1578.4,1169.9,72.9,139.6,73.6,1905.8,138.7,145.3,138.5,106.4,183,113,16748.1,1750.8,15864.6
"14HM203.M",1,4.23,0.22,7824.8,783.5,675.7,846.7,526.9,234.2,782.1,1350.5,1041.8,81.3,93.1,147.4,1779.6,129.4,103.9,155.5,194.2,270.6,210.7,17231.8,2491.7,16509.4
"14HM204.M",1,6.91,0.36,4360.6,489.3,815.2,536.1,666.3,435.1,784.2,693,1689.5,134.7,142.9,117.7,2386,191.3,186.1,197.5,98.7,535.7,169.8,14629.7,3015,14402.2
"14HM205.M",1,3.81,0.2,8109.6,808.7,302.5,1027.7,944.4,163.2,515,782.8,1566.4,89.9,70.1,29.9,1951.8,100.6,105.3,60.2,33.2,317.7,20.8,16999.8,2178.5,17594.2
"14HM206.M",0,3.72,0.2,0.9,219.4,640.8,277.7,11.8,96.1,702,43.8,4139.1,164.3,110.4,26.1,1125.6,129.7,70.8,4.4,51.6,715.8,97.6,8627.8,2278.6,7665.8
"14HM207.M",1,8.57,0.45,2477.4,630.6,1082.7,1452.8,1268.8,163.9,889.1,917.3,1305.4,78.6,194.8,142.6,3084.7,79.5,404.8,69.3,22.5,88.8,157.6,14511,3256.3,14319.2
"14HM208.M",1,3.99,0.21,7669,354.4,1065.5,804.6,331.4,115.1,1089.7,2109.8,2206.1,87.2,122.8,43.1,154.2,67,104.6,14.6,94.9,421.6,48.3,16903.9,2234.6,14023.6
"14HM210.M",1,6.85,0.36,4116.8,443.5,1035,551.2,677.1,246.5,935.7,794.9,2052,107.5,166.2,24.2,2286.7,82.7,249.3,89.7,40.7,489.7,24.7,14413.9,2515.2,14103.1
"14HM211.M",1,5.26,0.28,5297.5,208.1,1550.9,150.4,105.1,263.1,1570.2,3761.3,913,84.3,118,207,1245.7,62.1,178.2,112.4,216.4,52.9,85.7,16182.5,1372,13564.2
"14HM212.M",1,3.52,0.19,8885.4,804.2,436.9,905.3,932.9,75.4,514.1,1150.9,1315,65.4,67.1,70.8,1968.8,46.5,189.3,34.5,72.1,128.4,16,17679.1,1785.9,18331.4
"14HM213.M",1,6,0.32,4818.7,707.7,548.8,887.4,1083.7,83.1,735.4,722.5,2099.5,138.8,89.5,13.2,2060.3,83.2,183.5,33,22.5,352.9,9.7,14673.4,2165.5,15206.1
"14HM214.M",1,3.39,0.18,9650.7,1188.2,179.2,1665.3,1513.3,70.9,421.1,686.9,1237,83.3,87.9,40.8,1574.5,42.2,141.7,22.1,17,172.8,19.3,18814.1,2532.6,19250.5
"14HM215.M",1,6.3,0.33,4007.5,497.9,722,966.4,320.9,194.3,960.5,525.2,2632.5,152.5,188.8,7.9,2212.5,83.9,269.2,25,22.2,199,8.5,13996.7,2310.8,13150.9
"14HM216.M",1,4.84,0.25,6364.8,747.9,506.7,783.3,772.2,332.8,575.7,452.2,1658.1,122.5,51.4,96.3,1794.6,241.3,88.5,192.4,37.6,511.1,150.8,15480.4,2764.7,15257.9
"14HM217.M",0,3.7,0.2,2.2,254.3,960.1,154.1,7.9,83.6,831.2,63.9,4209.6,193.4,158.9,25.1,1054,123.4,108.6,4.8,36.4,496.5,26.5,8794.8,1685.1,7421.4
"14HM218.M",1,1.89,0.1,14954.1,747,225.2,682.5,387.7,66.9,557.4,1589.8,979.6,91.1,60,28.4,124.4,35.2,44.8,7.8,73.2,147.7,5,20807.8,1232.7,19687.6
"14HM219.M",1,4.85,0.26,5768.1,475.2,744.5,558.1,613.5,87.6,818.4,441.4,2533.4,153.8,94.2,21.8,1554.3,104.6,124.1,24.5,22.2,537.8,57.3,14734.7,2199.9,14314
"14HM220.M",1,8.39,0.44,3403.6,507,969.6,789.2,560,554.3,1154,445.8,2192,115.6,109.9,209.8,1752.2,209,127.4,136.7,40,542.4,378.4,14197,3759.7,12047.6
"14HM209.M",1,4.15,0.22,6768.1,235.2,982.7,375.4,164.5,355.8,1437.3,1227.9,748.3,146.3,114.9,112.5,1210,127,83.1,207.8,187.6,170.7,156.3,14811.4,1778.9,12628.4
"14HM221.M",1,4.21,0.22,7309.6,217.3,906.6,404.8,124.7,345.9,1590.4,2513.8,696,95.7,96.3,163.1,1346.3,65.4,71.8,142.2,308.7,104,149.6,16652.2,1661,14638.1
"14HM222.M",1,4.52,0.24,6294.8,185.8,982.3,283.1,116.1,303.3,1725.6,2345,662,110.3,86.7,130.5,1188.5,66.8,66.8,154.5,300.7,109.2,118.1,15230.2,1391.8,13072.1
"14HM223.M",1,5.06,0.27,5877,469,464.4,1498.2,413.4,85.4,1047.9,1727.5,1012.4,193.5,153.9,9.5,2697.8,33.6,94.4,5.4,29.4,69,6.7,15888.3,2087,15634.9
"14HM224.M",1,3.88,0.2,8563.9,753.4,332.5,2112.7,1037.1,65.3,757.3,608.3,1325.5,148,107.2,18.3,2163.3,67.8,116.2,20.9,11.2,153.6,5.6,18368,2854.1,17996.7
"14HM225.M",NA,6.43,0.34,962.9,684.5,455.2,120.6,939.7,197.8,1858,420.7,3922.5,193.8,292.2,8.4,1016.9,109.4,186.8,91.3,23,732.5,22.3,12238.7,2502.4,10967.6
"14HM226.M",1,6.96,0.37,2917.6,1361.5,268.2,3493.9,2592.5,45.8,505.2,540.2,753.5,219,169.2,28.2,2252.9,82.5,297.8,19.7,38.3,143.1,42,15771.4,4703.1,15722.2
"14HM227.M",1,7.01,0.37,3775.4,505.4,564.9,1870.8,465.7,164.3,1396.7,653,1910,166,167.4,19,2328.1,65,260.2,58.3,14.1,140.5,12.8,14537.5,3048.4,12824.4
"14HM228.M",1,5.54,0.29,3558.4,153.5,529.9,331.8,404.9,199.6,4177.3,1263,2107.8,185,167.2,27.1,67.6,59.4,147.2,400.4,103.8,428,50,14361.8,1976,9248.6
"14HM229.M",1,3.4,0.18,9085.5,354.9,888.7,843.7,216.9,299.6,737.7,983.4,1078,85.2,48.7,185,1461.8,219.7,100.7,237.3,114.9,324.6,164.5,17430.7,2556.7,15736
"14HM230.M",1,4.82,0.25,6526.7,569.2,678.2,1220,511.2,99.4,922.9,1113.9,1459.6,107.9,102.6,22.6,2395.4,83.8,107.7,63,45.5,270.3,8.7,16308.8,2218.1,16015
"14HM231.M",1,4.79,0.25,6402.5,1217.1,520,2297.2,389.1,78,555.7,327.3,2110.3,94.5,90.7,23.9,2038.1,66.9,132.6,10.6,7.1,190.5,14.1,16566.2,3164.4,15221.5
"14HM232.M",1,5.98,0.32,5048,539.1,1444.8,804,255.8,165.6,1296.9,778.2,2260.5,163.3,151.6,15.3,1597.5,95.4,130.4,36.1,31.8,399.8,20.3,15234.5,2237.7,12995.1
"14HM233.M",1,5.72,0.3,5113.8,385.8,1115.2,741.2,180,112.2,1159.2,930.3,1676.5,100.5,67.2,59.1,2550.6,156.8,63.1,160.6,73.7,385.3,72.2,15103.2,2020.8,14361.3
"14HM234.M",1,4.33,0.23,7012,566.9,861.5,1087.4,239.1,117.6,817.2,461.3,2030.9,76.4,81.2,41.8,1696.8,171.7,61.4,88.4,38.5,569.6,56,16075.8,2702.1,14754.4
"14HM235.M",0,5.42,0.29,298.3,1036.5,238.3,392.6,151,86.1,854.5,335,3095.5,148.4,173.8,14,2161.5,65.7,96.3,33.2,16,273.8,23.5,9494.3,1453.8,9878
"14HM236.M",1,2.28,0.12,12643,333.5,964.1,238.4,307.1,69.5,925.8,1643.2,1345.3,79.6,60.3,37.4,107.2,129.2,67.7,24.1,174.6,339.5,15.2,19504.9,1250.5,17586.1
"14HM237.M",1,2.74,0.14,10712.8,381.8,500.8,668.7,243.7,114.2,1180.4,2797.9,1016,83.9,122.8,26.3,205.5,27.1,78.6,48.8,174.1,169.6,30.8,18583.8,1490.2,16457.5
"14HM238.M",1,5.47,0.29,5592.7,561.3,641,1015.9,398.9,195.7,1730,1008.7,1739.5,115.3,137,25.2,1963.6,68.7,87.4,67.1,24.8,168.5,13.1,15554.1,1911.8,14027.5
"14HM239.M",0,4.45,0.23,141.6,295.2,480.2,234.6,11.9,135,2223.6,295.8,3731.3,154.5,175.3,23.4,891.7,77.2,85.9,56.3,11.4,481.6,41.3,9547.8,1785.9,6986.4
"14HM240.M",1,3.75,0.2,8452.5,570.4,264.9,1574.5,627.5,109.6,1398.4,538.2,1627,123.9,216.7,14,1299,51.2,249.3,57.2,20.7,272.6,12,17479.6,2982.5,15536.2
"14HM241.M",1,5.56,0.29,5240.1,176.8,1325.1,406.5,101.6,243.1,2180.5,2382.7,964.3,88.7,140.5,178.4,1463.8,50.7,155.7,70.5,117.4,89.1,102.5,15478,1663,12377.7
"14HM242.M",1,5.41,0.29,5202,577,617.7,1259.9,295.1,84.5,1319.5,394.8,2441.8,99.7,125.9,18.5,1708.3,76.9,131.4,25.7,9.1,361.3,36.5,14785.8,2547.3,13127.4
"14HM243.M",1,5.3,0.28,5227.5,397.9,657.9,716.7,245.1,219.7,887.7,395.3,1371.6,103.2,65.5,81,1437.2,299.2,69.1,256.4,94.1,736.5,203.3,13464.9,3100.6,12041.1
"14HM244.M",0,4.95,0.26,30.8,400.6,488.1,543.9,30.1,114.6,1576.9,215,3533.8,197.1,244.8,6.4,1011.4,78,137.2,44.8,19.7,512.6,21.8,9207.9,2253,7057.2
"14HM245.M",0,4.72,0.25,0.5,336.7,710,194.1,15.5,130.4,2146.1,199.6,3318.7,156.6,152.2,13,616.5,111.1,89.6,49.9,24,729.3,41.8,9035.7,2211.3,6103.3
"14HM246.M",1,5.5,0.29,5111.6,468.8,902.7,442.1,581,112.1,1325.3,593.3,2210.9,98.1,72.6,40.2,1807.5,120.1,70.8,65.5,14.4,410.1,42.8,14490,1714.4,13764.1
"14HM247.M",1,5.79,0.31,5014,193.8,1444.5,341.1,123.7,172.5,2187.5,2039.2,1341.2,98.2,129,51.4,1572.2,95,102,83.4,119.2,215.3,38.9,15362.1,1406.4,12615.3
"14HM248.M",1,7.09,0.37,3169.6,187.7,1635.3,315.8,161.5,375.4,2617.1,1156.2,2456,86.8,151.9,38.8,2286.2,119.2,116.5,69.2,27.3,193.5,26.5,15190.5,1554.9,12269.1
"14HM249.M",1,4.68,0.25,6899,227.1,975.4,407.7,194.5,712,1430.8,1258.6,863.7,161.3,116.4,182.3,1504.8,147.5,91.1,304.5,284.8,241.2,234,16236.6,2551.1,13923.4
"14HM250.M",1,2.61,0.14,10923.2,349.9,621.4,335.2,265.3,92.1,1299.5,2588.6,1103.1,89.5,117,40.6,120.6,33.8,91,27.2,146.2,139.2,13.8,18397.2,1073,16285
"14HM251.M",1,3.42,0.18,9582.7,1322.5,190,2398,2839.4,60,203.3,306.2,742.4,52.5,35.8,73,1317.9,26.6,59.1,11.2,3.3,126.1,48.4,19398.3,3034,20464.8
"14HM252.M",NA,4.16,0.22,672.3,53.2,2050.6,146.7,286,416.6,4481,184.3,1199.8,146.8,218.9,8.2,199.4,66.8,185.7,28,7,168.7,16.8,10536.9,1532.7,3437.9
"14HM253.M",0,4.81,0.25,301.7,720.6,606.6,267.8,34.3,106.6,1623.9,208.5,3791,167.6,221.9,22.4,1175.7,57.1,106.2,9.3,15.5,241.4,43.3,9721.3,1400.3,7890.9
"14HM254.M",0,5.16,0.27,26.2,495.2,319.6,351.4,24.2,623.5,1753.5,398.9,3486.6,196.8,194.6,14.3,1279.4,67.6,147.4,23.8,10,213.3,22.3,9648.6,1949.8,7468.1
"14HM255.M",1,3.29,0.17,8483.2,476.3,157.6,1164.8,382.3,199.6,1223.2,705.9,918.7,98.5,90.2,19.8,1031.1,64.1,67.7,284.5,183,431.8,37.7,16019.8,2548.6,14591.7
"14HM256.M",1,6.34,0.33,3291.1,376.1,550.6,810.8,233.9,166.7,1404.6,293.2,3277.6,100.3,107.1,37.8,1397.3,94.4,98,108.7,12.9,669.8,117.7,13148.7,2893.4,11405
"14HM257.M",1,3.6,0.19,8327.1,727.4,292.2,1754.5,465.8,151.5,801.1,375.3,1777.8,53.3,47.6,49.7,1623.1,60.8,70.5,43.3,5.8,282.8,57.1,16966.8,2824.2,15776.6
"14HM258.M",0,4.77,0.25,16.6,347.3,248.8,192.5,16.4,130.4,1767.8,245.6,3258.5,129.7,151.5,21.1,904.6,116.5,76.7,135.3,24.5,766,58.2,8608.3,2297.5,6790.2
"14HM259.M",1,1.69,0.09,15769.1,330.7,192.8,218.7,323.2,75.7,757.4,2407.3,315.3,92.5,67.3,16.5,15.9,13.4,86.9,12.2,29.1,57.2,8.1,20789.5,682.7,19720.9
"14HM260.M",NA,4.64,0.24,688.3,49.2,1161.7,336.1,104.4,445.4,4008.5,300,2059.2,136.4,147.6,11.4,148.8,51.2,170.1,144.4,13.5,285.4,15.6,10277.3,1882.7,4196.2
"14HM261.M",1,5.68,0.3,1103.5,229.7,1175,67.7,232.9,330.3,3343.1,495.8,3475.2,182.8,237.6,41.8,781.8,74.7,110.7,132.1,20.7,360.9,31.7,12428,1683.9,8050.7
"14HM262.M",0,4.29,0.23,134.1,592.7,357.2,385.5,42.2,71.1,1487,256.7,4066,124.8,154,17.1,1251.6,62.5,89.2,12.7,25.4,373.4,37.4,9540.8,1627.9,8198.9
"14HM263.M",NA,5.62,0.3,876.2,237.9,664.5,287,153.8,125.4,3048.3,353.2,3368.5,148.6,154.3,37,750.7,112.1,62.3,216.7,43,754.4,73.4,11467.5,2384.1,7850.5
"14HM264.M",1,5.58,0.29,5746,466.7,420.2,1111.8,527.2,133.7,2265.6,1108.6,1829.5,179.8,197.1,28.4,1977.2,52.6,179.9,38.7,22.5,191.2,8.2,16485,2229.6,14614.3
"14HM265.M",0,5.64,0.3,34.2,179.3,611.1,177.2,20.9,277.3,2711.7,186.6,2474.2,230.8,141.6,71.9,321.2,354,88.2,304,59.1,878.9,148,9270,2898.1,5090.4
"14HM266.M",1,3,0.16,9401.2,528.1,278.8,1432.8,239.1,230.7,772.9,419.2,1397.6,65.9,40.4,57.5,1112.6,92,27.1,108.9,46.2,504.3,129.1,16884.3,3082.3,15220.8
"14HM267.M",1,2.24,0.12,11750.9,528,414.8,1253.2,359.7,118.9,494.8,431.3,1077.3,46.4,27.9,76.6,930.2,60.8,42.9,48.4,12.1,171.7,46.4,17892.5,1998.7,16658
"14HM268.M",1,4.47,0.24,7272,275.3,865.6,669,198.4,184.7,1635.5,1762,1163,107.9,129.2,116.1,1462.3,141.1,159.7,199.9,176.4,243.1,109.3,16870.5,2123.3,14697.3
"14HM269.M",1,6.78,0.36,2107.4,163.2,965,493.6,138.2,255.1,3213.8,489.7,3028.6,154.2,101.3,106.7,1679.7,171.7,93.1,171.4,17.8,471.3,111.9,13933.8,2309.4,10257.2
"14HM270.M",1,5.15,0.27,5626.5,312.8,784.3,873.8,261.7,112.1,1353.7,609.2,2371,99.6,80.5,20.4,1967.4,146.5,98.6,87.7,27.5,390,24.6,15247.8,2113.1,14010
"14HM271.M",1,2.31,0.12,12500.8,299.9,260.5,508.5,393.5,75.8,1393.5,3135.3,535,111.4,138.4,7.2,75.7,12.4,100.2,17.7,88.3,75.3,6.6,19736.1,1094,17790.4
"14HM272.M",1,4.25,0.22,7197.8,407.8,584.9,862.7,235.5,112.3,1608.4,1129,1715.4,72.8,67.3,47,1885.4,77.9,78.2,68.9,25,222.2,45.8,16444.3,1781.8,15105.6
"14HM273.M",1,5.6,0.29,5130.9,476.9,456.6,962,334,221.4,2036,776.3,2259,114.7,144.6,13.8,1933.1,60.3,94.3,20.1,6.3,189.7,10.9,15240.8,1931.4,13514.4
"14HM274.M",1,4.15,0.22,7922.4,408.8,809.3,818.2,265.8,159.2,1746.7,1561.5,1624.8,96.5,118.2,19.3,1487.9,73.8,190.6,53.7,36.5,225.5,5.8,17624.5,1958.7,15473.6
"14HM275.M",1,5.37,0.28,5984.3,314.7,1091,664.8,187.6,220.8,2110.8,1173.5,2323.3,129.1,79.3,23.7,1890.7,120.2,84,79.1,25.2,281.9,18.2,16802.3,1756.7,14492.9
"14HM276.M",1,3.61,0.19,8866.9,421.4,514.9,1049.7,300.1,92.7,1259,1225.9,1514.6,92.9,100.5,47.3,1938.4,82.7,87.2,74.7,48.9,232.8,28.3,17978.9,1987,17004.1
"14HM277.M",1,3.76,0.2,8621,760.4,355.7,1163.4,334.7,102.4,1541.6,950,1586,98.1,110.7,25.9,1933.3,68.2,72.7,37,30.3,174.6,25.3,17991.2,1947.4,16823.7
"14HM278.M",1,5.14,0.27,5943.8,314.7,580.2,717.8,225.1,185.8,2473.1,1559,1584.2,82.7,124.1,20.5,1932.4,67.5,79.7,48.2,57.3,201,23.6,16220.7,1656.6,14163.4
"14HM279.M",1,2.07,0.11,12924.6,569.5,233.9,1236.7,321.8,63.6,406.4,613.6,876.8,47.8,32.6,53.6,1045.1,61.9,35.6,44.4,53.8,207,25.1,18853.8,1922,18125
"14HM280.M",0,5.11,0.27,120.8,235.5,402.4,36.2,100.2,114.4,1408.2,206.6,3170.1,148.3,189.8,34.3,1461.6,148.4,85.4,26.4,24.4,817.7,92.5,8823.1,2365.9,7897.8
"14HM281.M",1,5.81,0.31,5347.7,588.3,416.1,1517.2,522.8,175.5,1484.4,1050.9,1954.6,117.7,137.6,21.8,2245.7,64.7,108.4,19.2,20.5,173.1,11.6,15977.9,2438.3,14829.7
"14HM282.M",1,4.51,0.24,6779.6,454.9,560.7,1057.6,289,213.7,1215.2,1119.6,1649.6,75.1,108.1,25.2,2312,70.6,102.5,29.7,12.7,172.7,9,16257.7,1973.1,15508.7
"14HM283.M",0,4.39,0.23,118.6,272.8,800.4,175.1,13.8,195.4,1937.4,194.6,3710.1,152.4,138.7,23.2,148.5,194.4,96.2,54.4,40.7,827.9,73.3,9167.7,2527.1,5736.7
"14HM284.M",0,4.41,0.23,175.5,282.1,401,146.5,40.1,108.6,2166.6,307.4,3659.1,181,178,21,908.1,80.4,117.1,30.6,17.9,425.9,43.3,9290.3,1626.7,6993.9
"14HM285.M",1,6.33,0.33,4366.8,234.4,977.1,491.7,185.4,218.1,2489.6,925,2400.3,115.7,155.3,44.2,2382.1,112.4,162.7,74.5,21.5,302.9,60.1,15719.7,1960.7,13597.7
"14HM286.M",1,3.76,0.2,8169.5,244.7,815.1,467.1,173.3,144.4,1886,2555.8,749.4,93.4,127.7,27.9,1485.8,69.1,156.9,81.7,76.9,78.1,15.2,17418,1267.3,15444.6
"14HM287.M",1,4.76,0.25,6673.4,392,709.9,808.7,273.7,136,2113.3,1121.7,1840.7,119.8,87.9,29.2,1569.8,99.1,71.9,89.6,62.1,329.7,39.4,16568,1943.9,14378
"14HM288.M",1,3.54,0.19,9260.9,486.7,682.4,1273.8,443.8,112.7,1314,938.9,1733.1,98.5,108.1,43.7,1277.9,88.1,109.9,63.1,62,288,19.2,18404.8,2372.6,16436.5
"14HM289.M",0,5.44,0.29,6.3,181.9,279.2,1166.9,43,333.4,2284.7,280.1,3080.1,75.2,210.6,10.2,488.6,63.9,912.3,36.4,15.6,295.5,19,9782.9,4174.7,5049.9
"14HM290.M",1,5.57,0.29,5415.9,590.9,133.6,2191.3,983.1,68.7,865.2,384,1867.7,74,101.5,10.6,2699.4,50.8,667.1,14.4,7.1,156.1,11.3,16292.6,4040.9,15882.2
"14HM291.M",1,5.7,0.3,5238.9,518,316.4,1743,1198.4,62.7,888.4,329.8,2091.1,49.8,88,23.2,1658,57.9,595.9,33.6,7.6,335.1,15.9,15251.8,3810.7,14324.3
"14HM292.M",1,4.99,0.26,5618.4,905.8,51.2,4430.3,1582.7,121.2,391.1,177.3,1123.9,96,87,16,1964.6,55.6,440.8,20.4,8.9,198.3,28.4,17318.1,5989.7,15252.7
"14HM293.M",1,6.51,0.34,1554.2,263.6,327.6,532.5,762.3,179.4,3333.3,454.1,3108.1,93.2,160.5,37.8,851.9,67.8,624.4,105.1,12.5,417.4,77.1,12962.7,3148,9249
"14HM294.M",NA,6.63,0.35,784.5,443.5,270.8,230.2,1037,252.9,1903.7,297.7,3481.7,101.6,190.1,33.6,1016.8,58.4,696.7,76.9,18.3,481.8,60.6,11436.8,3185.1,9812
"14HM295.M",1,4.19,0.22,7320.4,661.2,108.5,3270.2,1669.2,30.5,479.7,306.2,683.8,97,80.8,12,1711.9,40.1,729.1,18.7,12.4,112.6,7.3,17351.7,5091.6,15987.1
"14HM296.M",1,5.34,0.28,5389.9,447.2,123.1,1678.9,880,62.4,1013,453.3,1662.6,73.6,108.6,13.4,2130.6,56.2,592.3,27.2,7.3,207.5,10.8,14937.9,3484.6,14297
"14HM297.M",1,4.66,0.25,7003.2,405.3,431.3,1084.6,618.4,102.4,1629.4,712.9,2075,59.1,104,33,1934.9,70.2,503.6,31.9,8.2,219.8,31,17058.2,2832.8,15630.1
"14HM298.M",1,8.64,0.46,2474.3,196.1,559.2,634.2,1740.2,117.9,1924.6,774,1722.3,131.2,202.2,5.3,2062.5,69.7,1481.8,18.5,16.2,187.3,3.5,14321,4305,13141.5
"14HM299.M",1,4.24,0.22,7009.1,268.4,516,917.9,368,247.5,1217.8,941.6,1473.1,61.2,86.7,116.1,1536.4,70.4,303.6,100.2,36.5,264.9,99.8,15635.3,2704.8,14000.4
"14HM300.M",1,4.28,0.23,7189.6,273.5,263.9,747.9,793.4,122.9,1688.9,1120.6,1147.5,68,171.3,39.2,1607.7,38.2,693.2,60.9,45.7,145.7,19.1,16237.2,2797.2,14899.6
"14HM301.M",1,2.9,0.15,10425.1,607.3,141.3,2144.6,1056.7,154.2,397.7,757.5,604.6,87.5,54,15.7,1684.1,27.8,280.1,15.7,33.2,75.7,12.3,18574.9,3104.5,18121.4
"14HM302.M",1,5.15,0.27,5449.5,330.5,404.8,918.1,477.8,181.2,1120.2,322.3,1670.4,84.4,60,40.2,1515.5,151.9,273.1,206.9,38.4,694.8,73.6,14013.6,3282.5,12822.1
"14HM303.M",1,4.38,0.23,6337.7,157.8,647,119.2,433.3,407.2,1777.8,3758.8,582.2,73.4,127.6,130.4,305,24.9,531.2,72.8,394,84.8,131.3,16096.3,2279,13332
"14HM304.M",1,8.1,0.43,3765.3,219.8,917.8,636,307.2,1040,1746.7,1170.8,1237.2,68.3,122.5,281.6,2105.2,62.8,683.9,60.6,65.4,146,357.5,14994.5,4454.8,11623.5
"14HM305.M",1,3.82,0.2,8368.3,819,310.9,2832.3,1161.3,108.5,405.7,246.3,1671.6,48.2,30.1,60.1,1325.8,36.7,294.5,27.2,6.1,262.9,25.8,18041.5,4197.4,16430.2
"14HM306.M",1,7.67,0.4,1932,407.3,294.8,408,1260.9,274.2,1437.4,316.6,3032.5,110,166.7,34.6,1050.3,50.4,539.6,60.9,14.7,604,70.1,12065,3310.8,11115.2
"14HM307.M",NA,5.48,0.29,253.9,43.4,818.4,58.9,69.5,532.8,3267.9,146.3,1599.7,181.5,97.4,187.5,176.6,130.9,597.7,201.1,24.3,446.5,255.7,9090.1,3476.5,3413.3
"14HM308.M",NA,8.23,0.43,780.3,491.5,214.6,1077.9,1262.3,76.9,756.4,208.4,2502.8,94.9,187.2,17.8,1695.5,69.6,835.4,154.5,15.7,395.1,28.7,10865.5,3878.1,10574.4
"14HM309.M",1,4.03,0.21,7362,329.5,414.6,832.4,527.4,76,1337.4,1283.8,1025.1,69.7,108.3,18.4,1786,58.6,508.3,48.6,41,153.8,8.3,15989.1,2375.8,14981.3
"14HM310.M",1,4.38,0.23,7301.1,381.2,503,1111.6,799,85.1,1089.9,977.8,1581,68,128.9,24.7,1938.5,32.5,507.7,14,14.4,202.9,22.5,16783.7,2816.5,16029.7
"14HM311.M",1,3.13,0.17,9547.8,382.6,437.1,551.3,305.3,929.7,527.6,2271,613.1,48.4,38.8,470.4,134.4,14.2,520.4,14.8,224.4,80.6,518.7,17630.8,4229.7,14286.5
"14HM312.M",1,4.27,0.23,7067.3,316,391,728.3,420.2,324.8,1203.1,1619.4,912.5,58.9,169.5,96.4,1558.6,31.1,591.8,49.7,84.2,136.3,78.9,15837.9,2932.8,14286.1
"14HM313.M",0,5.88,0.31,17.2,351.3,124.3,508.9,23.5,411.4,400.4,98,2708.5,59.7,110.1,46.1,1614.3,59.2,417.6,87.9,55.9,796.9,391.5,8282.8,4288.6,7506.9
"14HM314.M",1,3.93,0.21,7250.6,499.7,187.2,2031.2,669,56.9,585.8,298.3,1588.5,51.3,44.9,21,2040.6,57,316.2,4.5,7.3,206.4,32.8,15949.3,3264.8,15333
"14HM315.M",1,2.86,0.15,10174.6,268.3,458.8,707.4,466.8,53.9,949.6,1668.2,889.1,46.8,125.8,34,1386.5,26.3,377.3,25.4,44.8,112.3,12.6,17828.8,1925.7,16981.1
"14HM316.M",1,3.65,0.19,8124.4,346.6,450.7,1448.8,613.4,60.5,643.6,782.3,1659.2,55.8,49.9,48.4,1293.6,62,222.7,53.9,38.2,525.4,28.2,16507.7,3160.3,15438
"14HM317.M",1,7.06,0.37,3834.2,78.1,1016.1,218.6,223.8,555.4,2987.3,1949.1,1222.9,69.7,224.3,277.9,1603.1,56.8,499.9,108.3,117,138.4,169.5,15350.5,2891.8,11288.4
"14HM318.M",1,3.16,0.17,9540,365.8,385.9,1038.5,943.7,762.3,510.9,414.1,1000.7,57.9,45,162.4,1235.2,93.1,219.9,121.5,68.5,329.4,218.5,17513.6,3543.8,16324.4
"14HM319.M",1,6.05,0.32,4949.6,489.5,400.9,1130.1,804.6,231.7,1219.9,333.6,2461.6,160.2,101.5,43.2,1358.3,96,458.4,61.5,16.2,565.2,76.4,14958.5,3706.5,13379.5
"14HM320.M",1,5.29,0.28,5782.1,319.7,638.9,638.4,723.5,105.1,1811.8,661.9,2083.7,89.3,102.8,42.1,1491.7,79.9,460.6,86.2,28.5,340,34.1,15520.3,2557.7,13850.3
"14HM321.M",NA,6.93,0.37,957.1,378.7,397.1,504.2,1513.3,104.1,987.6,232.1,3604.5,122,216.9,9,2164.7,72.1,934.8,40.2,22.3,522.3,35.6,12818.5,3819.5,13257.4
"14HM322.M",1,4.93,0.26,6026,448,373.2,1203.2,882.9,87.6,832.3,440.3,1742.9,65.1,96.5,20.9,1701.5,80.4,641.9,36.4,18.8,370.3,38.4,15106.6,3509.3,14335.4
"14HM323.M",1,6.36,0.34,1336.8,328.3,309.1,138,745.4,160.3,1194.8,378.1,3744.1,69.7,175.5,40.9,1320.7,67.5,429.8,24.5,45.5,995.6,98,11602.6,3561.6,11100.2
"14HM324.M",1,5.81,0.31,5425.9,304.8,771.8,744.1,762.5,102.6,1689.9,975.6,1662.2,93.9,111.7,47.3,1898.2,79.7,660.4,23,20.1,211.6,32.5,15617.5,2814.6,14058.4
"14HM325.M",1,8.24,0.43,2471.3,216,444,421.7,1254.5,136,2521.3,932.1,1926,146.2,182,8.1,2010.9,94.1,1226.5,47.6,21.2,200.1,6.2,14265.8,3613.2,12512.7
"14HM326.M",1,7.26,0.38,4354,515.9,52.1,641.1,609,888.2,985.5,615.6,1430.5,156.3,57.2,202.3,1667.5,236.7,404.4,381,133.8,575.5,319.3,14225.8,4387.2,12849.2
"14HM327.M",1,6.8,0.36,4729.1,337.3,95.5,569.7,547.6,1587.4,1173.9,723,1080.9,89.1,61.3,371.2,1535.4,146.4,298.7,328.7,180.1,391.8,460.7,14707.7,4892,12206
"14HM328.M",NA,7.26,0.38,954.3,347.4,179.3,219.2,1002.2,296.3,2548.6,241.6,3126.9,236.8,237.7,77.4,579.9,223.2,1011.6,150,28,637.6,101,12199,4331,8914.8
"14HM329.M",0,4.79,0.25,26.6,340.1,60.8,103.6,45.4,162.5,1643.1,196,3307.5,150.5,142.7,35.1,791.7,161.1,367.3,106.1,33.9,832.2,76.2,8582.2,2995.3,6700.8
"14HM330.M",0,6.67,0.35,35,1102.5,260,683.4,107.5,78.3,906.7,617.5,1966.6,97.1,96.1,22.8,2352.5,90.8,534.9,26.6,7.1,218.7,14.9,9219.2,2417.7,8998.4
"14HM331.M",1,8.67,0.46,2453.9,1018.5,96.9,606.2,454.3,411.2,1583.6,1493.5,1751.9,95,64.5,85,2205.6,72.5,309.3,117.8,113.4,380.7,112.7,13426.3,2772.3,12857.7
"14HM332.M",1,7.38,0.39,1331,1741.8,163.4,1896.9,1591.8,69.7,465,257.9,1916.9,133.6,163.1,16,3484.3,74.6,750,31.1,10.5,184.4,19.2,14301,4052.8,15770
"14HM333.M",1,7.92,0.42,2881.5,452.2,559.3,558.3,954.1,57.1,1148,1108.7,2577.5,106.2,112.7,37.1,2036.1,76.5,742.8,34,27.2,326.7,10,13806,2924.1,13521.7
"14HM334.M",1,2.92,0.15,10480.3,747.3,229.4,1931.8,689.5,97.2,357.3,661.6,1419.6,37.1,40.6,53,1243.2,41.1,169.2,29,45.3,317.2,29.5,18619.1,3154.3,17648
"14HM335.M",1,7.09,0.37,2449.7,1445.2,176.7,1112.4,3516.8,25.3,416.2,543.1,1503.6,72.8,120.6,14.8,2588.4,35,730.4,19.1,27.3,203.1,3.9,15004.4,3147.9,18501.6
"14HM336.M",NA,9.77,0.51,999.1,1002.3,844.5,574.1,1051.6,719.3,622.1,393.9,2545.5,74.9,75.1,115.1,1787.2,131.6,192.1,126.9,42.2,937.5,231.4,12466.5,4205.6,11842.1
"14HM337.M",1,5.65,0.3,5464.5,310.3,431.9,683.3,477.4,158.1,1774.7,1168.2,2318.6,86.7,102.2,100.1,1619.6,91.7,351.1,101.6,22.6,382.4,70.1,15715.1,2650.9,14071.4
"14HM338.M",0,5.84,0.31,73.8,273.4,57,1245.7,107.9,38.8,1190.2,324.8,2897,129.2,162.4,15.3,1490.5,65.5,602.4,36.3,18.3,401.7,25.2,9155.5,3520.9,7369.6
"14HM339.M",1,3.65,0.19,8910.4,801.9,116.5,2127.3,1135.6,54,452.1,1015.2,774,81.1,90,22.4,1919.2,24.2,633.7,15.7,9.7,102.4,8.1,18293.6,3782.2,17829.7
"14HM340.M",NA,7.1,0.37,227.5,381.1,53.8,785.4,93.7,516.4,1436.6,206.9,2604.9,106.1,132.8,35.6,646.2,69.3,520.6,196.1,16.1,883.8,144.1,9057,4567.2,6118.5
"14HM341.M",1,6.39,0.34,4276.9,790.8,35.5,1858.3,1137.2,54.9,834.2,340,2146.9,54.2,142.4,12,2846.7,54.7,495.4,45.2,14.4,336.3,21.8,15497.5,3774.4,15986.7
"14HM342.M",0,5.38,0.28,1.6,533.5,45.1,959.1,45.3,137.3,1226.4,233.5,3257.5,120.5,229.9,36.9,1074.2,40.4,739,13.1,19.6,294.3,48.5,9055.5,3526.8,6732
"14HM343.M",1,2.97,0.16,9781.4,249.5,98.5,189.3,502.9,637.3,1237.7,3004.6,553.1,96.1,83.7,107.7,413.4,42.7,263.3,174.7,72.8,161.4,203.9,17873.8,2275.1,15998.9
"14HM344.M",1,7.96,0.42,2779.2,231.9,236.3,504.5,1297.7,177.1,2223.7,973.9,1979.7,119.9,148.4,37.4,2414.3,92.4,1118.1,30.1,22.7,201.9,8.2,14597.3,3523.6,13786
"14HM345.M",NA,7.55,0.4,974.9,2266.5,276,798.5,983.3,95.2,1293.2,504.7,2582.9,70.5,133,31.6,2824,62.7,531.5,12,6.4,173.6,28.3,13649,2525.2,14212.5
"14HM346.M",0,5.46,0.29,224.9,155.9,112,338.7,11,350.1,2041.6,223.8,2874.1,106,152.8,102.1,438.3,79.8,391.3,181.8,23.1,698.1,158.7,8664.3,3439.8,5409.6
"14HM347.M",0,5.6,0.3,198.2,3488.6,81.1,1173.8,2137.8,74.6,216.1,76.8,961.8,87.7,113.8,42.8,1446.1,53.7,706.1,59.4,6.6,108.8,10,11043.6,3054.6,12162.2
"14HM348.M",1,4.41,0.23,7141.9,551.2,178.7,1855.7,858.1,333.4,614.2,328.1,1752.7,35,56.7,161.6,2123.7,62.2,240.7,51.9,5.1,299.6,140.1,16790.6,3768.2,16134.3
"14HM349.M",1,5.72,0.3,5023.9,470.2,232.5,1390.2,554.2,102.1,1234.9,574.3,2176.6,66,143.4,41.8,2276.3,41.4,534.9,16.5,8.1,185.9,28.1,15101.5,3175.4,14190.8
"14HM350.M",0,5.07,0.27,1.2,115.9,306.9,393.2,33.2,112.8,2329.7,229.3,3032.5,122.9,221.1,21.2,518.9,101.2,959.4,59.1,37.4,495.5,48.8,9140,3755.6,5235.3
"14HM351.M",1,2.98,0.16,9877.9,423.8,195,774.9,607.2,234.5,1565.8,2188.3,1092.3,47.5,70.8,32.6,61.3,12,339.6,40.3,99.4,183.5,58.1,17904.6,2275,15389.4
"14HM352.M",1,2.66,0.14,11029,644.2,101.1,1400.8,1369.1,19.4,348.1,2187.5,341.9,159,55.6,67.2,18.5,20.9,720.8,11.7,133.3,50.1,24.6,18703,3134.2,17465.2
"14HM353.M",1,4.84,0.26,6162.6,582.9,89.4,1846,961.8,193.5,632.1,258.8,1913.6,60.7,88.6,22.5,1705.5,47.3,455.4,23.4,14.5,471.2,61.6,15591.4,4126.9,14836.9
"14HM354.M",1,3.06,0.16,9922.5,423.2,253.2,734,699.9,169.6,822,1348.5,1113.8,80.3,96.5,82.5,1226.6,85.6,360.1,94.5,118.7,245,66.8,17943.5,2426.5,17318.5
"14HM355.M",0,5.19,0.27,115.2,338,192.5,1035.7,11.6,235.9,969.9,251.4,3492,101.5,185.2,27.5,1277.3,53.9,481.1,16.6,16.3,417.4,61,9279.8,3403.3,7342.3
"14HM356.M",0,4.81,0.25,53.2,227.5,168,490.2,13.1,263.3,1266.1,209.2,3451.4,82.5,134.9,45.4,1066.8,69.3,427.9,17.3,26.4,516.5,132.3,8661.3,3087.1,6770.2
"14HM357.M",1,7.16,0.38,3827.1,956,52.8,1273.7,1660.6,85.8,883,340,2719.1,106.8,136.3,24.1,2095.5,69.7,779.1,12.4,18.4,396.7,30.3,15467.4,3932.1,15907.1
"14HM358.M",1,8.52,0.45,1318.6,418.9,219.3,376.7,1339.1,245,2112,881.6,2012.9,112,163.8,6.6,2339,90.4,1198.3,25.7,24.4,246.5,7.6,13138.3,3696.8,12421.2
"14HM359.M",1,5.48,0.29,5695.5,409.5,291.4,1189.1,597.5,93.8,1349.1,1041.9,1988.2,67.1,127.6,33.7,1971.1,42.4,648.2,9.8,10.6,230.8,23.6,15820.7,3249.4,14601
"14HM360.M",0,4.74,0.25,10.1,126.6,419.3,173.2,7.3,310.2,1169.5,144.1,3459.4,94.3,139.1,98.2,1534.6,56.1,476,8.3,23.1,386.5,204.8,8840.7,2855.2,7359.4
"14HM361.M",1,7.31,0.39,3926,463,390.5,1273.1,1126.3,121.3,1308.9,584,2090.6,88.8,200.2,18.9,2520.6,51.9,1105.4,10.3,9,157.2,27.3,15473.3,4193.2,14631.9
"14HM362.M",1,3.22,0.17,9472.8,434.3,284.5,1085.9,479.7,858.9,857.9,532.6,1069.9,76.5,47.9,180.2,1178.5,97.2,208.7,101,67.7,287.1,259.5,17580.9,3683.4,15426.1
"14HM363.M",1,4.49,0.24,6648.7,325.6,324.8,727.5,416.2,272.5,1355.1,801.7,1611.2,77.2,79.4,71.2,1812.8,118.5,293.4,98.7,56.8,357.1,100,15548.4,2651.5,14491.8
"14HM364.M",1,4.67,0.25,6827,514.9,227,1169.3,729.3,265.1,1183.4,579,1776.2,67,100.9,36.6,2453.5,50.4,469.2,23.6,21.5,208.7,45.7,16748.4,3019.1,16405.1
"14HM365.M",1,6.6,0.35,4651,217.4,224.7,416.8,481.4,1331.6,1099.3,770.9,1165.2,71.9,72.3,282.6,1637.9,85.5,664,103.3,115.6,361.8,467.3,14220.4,5089.5,11811.2
"14HM366.M",1,3.64,0.19,8479.6,539.7,190.5,1256.1,722.9,211,1067.1,638.7,1475.1,62.3,78.8,38.4,1484.1,54.5,477,21.8,15.6,259.2,50.7,17123.1,3158,15921.6
"14HM367.M",1,4.48,0.24,6904.7,476.6,219.3,1441.8,838.3,183.2,970.2,420.9,2101.5,50.7,78,38.3,1386.9,61.7,338.5,40.6,22.9,550.3,82.6,16206.9,3684.1,15041.3
"14HM368.M",1,6.07,0.32,4500.1,439,160.9,1213.9,577.9,75,1425.2,669.5,2058.4,86.1,145.2,18.3,2408,40.2,659.7,8.3,6.2,121.7,16.5,14630.1,3048.2,13867.4
"14HM369.M",1,7.7,0.41,1849.6,399.4,130.2,968.1,1654.7,68.3,957.6,380.9,2778.5,92.3,173.2,10.2,2350,63.8,1092.4,21.1,10.3,245.3,24.2,13270.1,3943.7,13797.1
"14HM370.M",1,6.23,0.33,3956,708.2,126.7,2378.7,917.8,66.6,727.3,481.3,1620.2,85.5,121.3,16.7,3486.6,32.4,569.9,14.4,4.1,172.2,17.5,15503.3,4102.4,15854.7
"14HM372.M",1,3.63,0.19,8667.8,677.2,291.3,1476.7,849.3,94.5,683.8,787.1,1353.6,49.6,85.8,34.7,1838.6,40.5,390.7,16.2,11.5,196,23.1,17568,2911.4,17146.3
"14HM373.M",1,6.66,0.35,4223.9,796.9,389.8,3008.1,998.2,39.2,513.7,611.7,1439.6,65.5,187,54.8,2549.6,39.1,823.9,72.7,13.7,185.3,24.7,16037.4,5356.9,14518.6
"14HM374.M",0,5.87,0.31,94.8,408.6,346.1,824.3,70.3,93.2,1113.2,217.1,3050.8,107.3,116.8,24.7,1118.6,103,507.5,16.4,30.7,629.8,37.8,8911.1,3409.3,6963.9
"14HM375.M",0,5.51,0.29,15.3,48.9,930.6,264.6,10.2,638.9,3329.9,184.7,2069,146.5,131.5,105.3,242.1,100.7,961.6,55.3,14.6,547,195,9991.6,4547.4,3600.4
"14HM376.M",1,4.79,0.25,6712.6,500.4,311.3,1166,958.9,86.6,1185.7,1212.7,1201.4,99,84.1,17.8,1907.9,48.8,656.6,17.9,39.6,169.6,14.6,16391.6,3036.2,15726.3
"14HM377.M",1,4.88,0.26,6295.7,613.2,379.9,836.5,1290,248.8,1233.6,273.7,2045,103.3,71.8,31,825.2,141.3,465.4,54.7,25.4,550.6,76.4,15561.4,3372.8,14217.4
"14HM378.M",1,6.94,0.37,3390.9,839.2,142.4,3128.3,1424.3,223.6,527.4,416.4,815,184.5,79.6,45.7,1776.3,104.1,779.2,57.9,26.2,204.2,35.8,14201,5515.6,12361.6
"14HM379.M",1,4.66,0.25,7044.9,542.5,276.3,1150.3,997.4,232.3,993,1077.4,1405,67,76,54.9,1844.6,50.7,473.3,38.4,53.7,301.4,74.1,16753,3211,16267.9
"14HM381.M",1,6.77,0.36,4396.7,276.8,617.8,465.3,861.4,227.5,1743.1,1292.9,2056.6,95.4,148.6,22.8,1815.6,59.1,778.2,11.6,16.7,206.4,10.7,15103.1,2854.8,13723.6
"14HM382.M",1,6.54,0.34,4238.2,400.4,402.8,911.7,569,170.7,1361.9,727.1,2232.9,94.7,132.7,37.6,2375.6,72.6,650.6,18.1,13.3,226.2,49.3,14685.4,3105,13853.1
"14HM383.M",1,6.56,0.35,4127.4,528.4,178.3,253.4,584.8,517.2,826.4,1121.9,2125,67.4,109.1,285.3,2413.6,92.7,563.3,72.4,35.4,194.9,112.3,14209.5,2906.2,14305.3
"14HM384.M",0,6.57,0.35,73,272.5,598.6,1998.2,93.5,185.9,2135.2,228.3,1658.2,95.3,203.4,19.6,402.1,40.3,1080.6,15.5,14.2,193.3,25.5,9333.4,5006,3555.9
"14HM385.M",0,5.8,0.31,98.5,97.8,913.2,385.2,50,431,2194.4,125.9,2656.3,88.6,199.6,59.7,441.6,103.7,419.4,20.9,18.9,492.5,139.4,8936.5,3177.8,4601.5
"14HM386.M",1,9.73,0.51,1321.1,929.5,209.4,381.1,984.5,254.9,1222,1119.1,2011.1,97.8,141.2,87.4,2025.8,107.5,899.8,57.8,50.4,388.2,88.4,12376.8,3617.4,12045.9
"14HM388.M",0,5.55,0.29,10.7,154.4,479.3,1200.3,65.8,247.6,1523.8,189.5,3083.8,77.8,195.7,10.3,526.3,44.5,688.3,56.6,20.1,389.2,33,8997.1,3875,5186.4
"14HM389.M",1,6.22,0.33,4714.2,626.9,313.1,2517.5,907.3,84.5,876.7,509.8,2045,65.8,153.8,31.9,2235.7,50,492.6,26.9,5.8,181,19.1,15857.2,4172.9,14466.9
"14HM390.M",1,3.53,0.19,8800.8,199.8,450.2,230.8,395.3,334.2,2296.9,3375.6,644.3,66.1,143.7,70.3,47.2,26,513.5,227.8,354.2,125,72.2,18373.6,2200.2,15032.6
"14HM391.M",1,6.05,0.32,22.4,319.3,463.2,898.3,111.4,169.7,1949,226.9,2825.9,81.4,139.4,14.1,470.1,81.7,567.7,187.4,17.2,614,43.4,9202.4,3671.8,5474.5
"14HM392.M",0,5.03,0.27,7.6,53.6,681.9,255.7,35,264.7,1745.3,162.7,3263.6,124,122.7,47.7,506.8,161.6,195.7,183.8,22.1,888.5,114.4,8837.2,3088,5811.4
"14HM393.M",1,6.7,0.35,4334.2,552.4,231.8,2441.1,1820.3,93.9,724.9,383.2,1422.3,124.3,138.2,9.9,2701.9,38.3,1061.1,29,17.2,165.9,5.6,16295.6,5148.3,16090.3
"14HM394.M",0,5.36,0.28,130.4,302.2,550.1,551.6,56.2,167,2010.9,250.2,3244.4,63.4,193.1,7.7,612.8,54.1,687.5,63.6,24.7,387.3,24.8,9382,3118.5,5828.8
"14HM395.M",0,5.3,0.28,31.9,275.1,314.9,1050,70.3,76.9,1197.2,275.8,3342.5,70.7,140.3,11,1344.1,83.9,685.8,12,23.9,280.6,25.2,9312.3,3261.5,7165.4
"14HM396.M",1,6.89,0.36,4020.3,380.1,540.2,750.4,881.5,105.5,1649.2,735.4,2213.8,79.7,172.5,24.9,2234.8,54.7,713,25.8,9.2,163.6,15.1,14769.7,2836.8,13869.6
"14HM397.M",0,4.48,0.24,8.4,253.5,327,582.8,38.9,93.5,1241.9,185.1,3793.3,72.8,228.2,14,1140.4,58.5,577.7,30,22,361.2,30.9,9060.2,2858.4,7107
"14HM398.M",1,3.05,0.16,9522.1,483.9,154.7,1679,654.4,75.8,445,783.4,1111.2,47.2,79.2,49.8,1680.2,22.3,377.8,23.9,34.1,158.2,23,17405.2,3001.8,16867.3
"14HM399.M",0,5.3,0.28,11.4,197,527.9,670.1,52.7,316,1529.6,153.3,3313.8,65.5,154.7,44.8,581.5,99.8,382.6,68.1,13.5,673.5,122.1,8977.8,3542.1,5777.9
"14HM400.M",0,4.6,0.24,12.7,216,521.9,311.7,48.1,154.2,1377.8,160.8,3627.8,68,160,33.9,1035.2,70.9,446.6,26.9,27.3,490.8,75.8,8866.6,2686.3,6824.3
"14HM401.M",1,4.79,0.25,7212.3,542.2,562.6,2023,640.9,301.6,755.6,469.2,2153,47.2,84.9,178.4,1821.5,77.4,438.8,53.3,12.2,325,119.6,17818.7,4354.7,15751.4
"14HM402.M",1,8.55,0.45,2454.5,121.8,1402.4,220.1,308,526.3,3361.6,1284.6,1468.5,247,134.3,294,1700.9,195.5,1008.4,262.8,115.1,184.4,124.6,15414.8,3809.7,10271.5
"14HM403.M",1,7.33,0.39,3498.8,522.5,318.9,1966,2018.2,68.9,788.2,275.3,2222.4,63.6,191.1,12.6,2274.9,43.4,789.9,8.5,8.4,252.7,14.5,15338.9,4352.9,15446.9
"14HM404.M",0,5.97,0.31,23.4,350.8,354.6,1056.5,115.5,112.4,1482.2,268,2955.7,75.5,213.9,10.9,1091,57.4,807.6,11,17.7,216.4,29,9249.4,3499.7,6349.1
"14HM405.M",1,3.56,0.19,9088.7,644.8,237.1,1868.7,719.6,82,583.6,654.1,1449.9,53.5,141.9,35.8,1994.7,34.6,465.3,20.2,17,203,17.5,18312.1,3500.2,17576.9
"14HM406.M",1,5.62,0.3,5431.5,206.2,820.2,466.1,411.7,193.1,2041.6,1081.2,1358.5,128.6,127.2,52.5,1545.8,139.5,444.3,195.4,103.1,280.5,70.9,15097.5,2430,12802.9
"14HM407.M",0,4.98,0.26,28.8,295.4,236.9,687.8,46.7,160.5,892.5,191.7,3383.2,75.6,234,13.9,1527.6,47,429.6,15,18.1,534.4,48.4,8867.1,3120.8,7709
"14HM408.M",1,4.34,0.23,7552.5,600,342,1724,1223.2,74.3,914.4,710.9,1730.7,58.5,108.8,17.3,1635.4,31.6,395.9,11.8,9.6,190,7.9,17338.9,3112.1,16590.8
"14HM409.M",1,5.8,0.31,5321.8,287.8,912.4,462.9,509.8,190.1,2173.8,1497.4,1519.2,69.3,134.1,23.5,1858.7,73.9,557.1,25.5,11.6,117.4,10.6,15756.9,2180.9,13598.5
"14HM410.M",1,6.18,0.33,4839,441.4,424.1,1044,986.8,93.1,1251.3,488.1,2596.3,79.1,133.7,15.9,1841.9,74.3,679.5,33.7,15.3,365.7,6.3,15409.4,3389.6,14531.1
"14HM411.M",1,5.08,0.27,3731.3,1102.6,122.3,5339.9,1556.5,49.4,317.8,344,874.2,73.4,62.8,25.4,2132.3,17.7,325.3,8.7,11.5,117.8,8.6,16221.3,6380.7,13652.5
"14HM412.M",1,1.89,0.1,14411,431.6,346.7,206.5,602.6,336.5,326.4,1935.6,422.7,48.9,50.7,78.9,138.3,44.8,309.3,11.1,96.3,154.5,109.6,20062,1819.2,19089.9
"14HM413.M",1,5.04,0.27,6614.1,437.9,559.5,1291.7,1102.5,278.4,942.8,892.1,1494,65.5,70,64.9,1558.6,82.2,460.7,34.6,116.7,331.9,87.1,16485.4,3464.5,15425.8
"14HM414.M",1,5.59,0.29,4990.2,221.2,455.4,424.8,512.4,662,972.4,847.2,3043,68.7,106.3,114.7,760.5,63.4,406.2,18.2,161.9,517.7,242.5,14588.5,3640.5,12575.8
"14HM415.M",1,4.62,0.24,6597.5,738.3,132.8,3567.6,1522.5,187.4,322.5,412.7,762.4,119.1,81.2,44.6,1945.6,15,543.8,10.3,64.2,82.1,60.7,17210.3,5253.9,15786.9
"14HM416.M",1,3.79,0.2,8533.2,376.2,747,815.2,662.4,198.5,1345.8,1093.4,1170.4,43.7,167.6,72.3,1690.4,70.7,373.3,41.7,32.4,139.5,55.9,17629.6,2390.9,16168.6
"14HM417.M",1,5.85,0.31,5081.2,521.9,393.1,2264.8,1041.7,263.2,665.7,306,1897.3,31.8,135.3,89.5,1511,33.3,524.6,12.1,9.6,251.2,133.2,15166.6,4570.9,13226.2
"14HM418.M",1,5.6,0.3,4980,144.3,553.5,506.5,625,169,1417.6,381.8,3472.1,101.4,288.8,18.5,1169,67.3,1234.1,7,64,282.3,55.7,15537.9,4127.1,13085.1
"14HM419.M",1,6.97,0.37,4226.5,296.7,899.9,763.6,263.1,410.2,2207.5,874.4,1829.6,62.4,112.1,87.9,1935.3,78.1,380.5,73.3,47.5,403.7,141.1,15093.3,3224.4,12258.3
"14HM420.M",1,4.28,0.23,7018.4,175.8,538.6,165.3,225,1419.4,1297.7,2325.2,491.5,67.4,67.4,304.8,351.9,44.2,316.8,59.5,500.5,96.6,539.6,16005.6,3862.8,12389.3
"14HM421.M",1,3.92,0.21,7544.4,204.4,532.5,207.1,186.2,1531.1,1052,2540.6,376.6,68.4,48.6,297,210.7,48.3,295,40.8,528.1,100.4,533.9,16346,3942.3,12725.4
"14HM422.M",1,4.22,0.22,7094.7,205.2,567.2,140.7,239.3,1589.8,1245.8,2523.9,375.4,78,54.6,325.6,61.8,48.3,323.7,54.9,564.5,100.7,612.4,16206.6,4184.2,12164.1
"14HM423.M",1,4.27,0.23,7049.5,178,596.7,151.3,213.9,1596.2,1190.3,2723.2,450.3,65.9,59.8,342.2,99.9,42.8,313.5,36.5,510.6,104.7,627.4,16352.8,4240.9,12256.9
"14HM424.M",1,4.13,0.22,7224.8,199.9,633.1,110,189.1,1641.7,1150.4,2696.8,326.9,72.2,56.8,341.7,182.7,42.8,289.2,32.2,546.6,85.6,559.2,16381.7,4018.1,12475.3
"14HM425.M",1,4.11,0.22,7077.3,199.6,599.4,103.5,181.1,1637,1132.6,2538.7,297.4,72.3,53,308.3,173.3,44.3,285.7,46.3,541.7,82.2,575.9,15949.6,3989.5,12105.9
"14HM426.M",1,3.99,0.21,7250.5,168.6,583.2,151.4,178,1517.9,985.2,2647.2,337.6,55,50.2,340.4,158.3,37.5,290.6,38.8,505.3,87.6,619.7,16003.1,4055.7,12268.6
"14HM427.M",1,3.95,0.21,7501.5,190.3,711.4,137.6,190.6,1608.1,880.9,2691.1,357.5,47.7,48.1,362.6,204.3,45.1,308.4,24.4,383.4,90.6,654.5,16438.1,4263.5,12459.6
"14HM428.M",1,3.97,0.21,8196.6,596.2,555.4,1402.4,1123.7,83.2,727.7,513.3,1795.2,52.5,86.1,47.9,1419.9,86.3,494.2,22.3,9.1,302,21.7,17535.8,3255.4,16583.5
"14HM429.M",1,4.51,0.24,7133.1,345.8,676.3,1014.4,683.1,607.4,672.9,494,1617.2,51.9,86.6,217.8,1240.8,156.8,342.9,92.5,34.1,477.7,336.4,16281.7,4240.2,14128.2
"14HM430.M",1,2.85,0.15,10097.6,239.9,551.7,116.3,465.9,1314.3,1122,1810,323.1,90.8,81.5,144.4,177.7,71.7,376.1,54.9,203.6,106.5,310.3,17658.3,3242.3,14417.2
"14HM431.M",1,3.14,0.17,9473.5,527.1,426.6,1269.4,519.8,205.6,790.7,567.4,1364.4,38,61.4,57.1,1276.9,78.5,251.2,53.3,45.2,356.3,58.6,17421,2925.6,16063.7
"14HM432.M",1,7.63,0.4,3645.2,249.2,1181.1,604.3,387.5,601.6,1466.9,1078.2,1728.8,42.5,180.4,207.9,2842.5,67.3,554,31.6,29.3,152.7,195.9,15247.2,3399.5,13447
"14HM433.M",1,4.32,0.23,7210.9,386.4,613.9,1011.3,296.3,632.8,516.3,896.6,1185,39.6,57.1,167.5,2084.1,116.5,300.5,131.3,79.4,323.5,212.1,16261.1,3540.8,15092.9
"14HM434.M",1,4.86,0.26,6402.5,697.6,517.4,1223.4,1466,84.8,593.4,542.5,1556.7,54.5,90.9,26.6,1776.8,63.5,508.1,28.2,16.4,223.9,10.1,15883.5,2909.9,16024.5
"14HM435.M",1,7.88,0.42,3332.7,255.5,1377.8,415.3,689.4,214.6,1716.6,1208.1,2523.6,62,178.2,65.8,1419.8,90.6,409.1,39.1,50.3,451,84.8,14584.2,2763.7,12191
"14HM436.M",1,6.82,0.36,4019.5,317.5,897.4,1007.8,359.1,185,1323.6,391.5,2392.2,57.5,138.2,46,1580.8,114.5,523.9,35.3,18,604.9,65.9,14078.7,3766.2,11734.3
"14HM437.M",1,3.61,0.19,8652.9,691.4,188.8,2014.9,1904.5,65.2,378,315,969.4,48.3,75.8,6.4,1973.3,33.2,383.2,5.6,13.4,133.1,8,17860.2,3210.7,18598
"14HM438.M",1,6.07,0.32,4930.9,294.7,984.6,648.3,799.1,183.4,1653.9,500.9,2154.8,55.7,104.1,24.4,1147.8,82.8,417.6,22.9,54.2,664.1,65.6,14790,3254.8,12626.5
"14HM439.M",1,3.25,0.17,9504.8,230.8,1191.3,185,668.6,160.5,1683.9,2260.3,970,70.4,122.7,34.4,135.1,51.1,679.8,9.7,44,170.4,16.8,18189.6,2236.6,14911.9
"14HM440.M",1,7.72,0.41,2828.9,147.2,1913.6,369.5,415.4,257.9,2045.7,714.4,2634,70.6,206,62.6,1772.7,95,635.8,25.1,18.6,284.5,45.5,14543,2827.5,11118.2
"14HM441.M",1,6.8,0.36,4010.7,316.2,420.4,508.2,554.9,48.5,1248.9,746.7,2051.9,43.5,135.9,15.7,2004.2,51.4,1117.4,31.6,165.9,328.6,174.6,13975.2,3949.3,12979.2
"14HM442.M",1,4.88,0.26,6802.7,211.4,933.4,448.9,388.2,703.8,1302,1454.6,1171,60.5,74.8,265.8,1565.6,98,447.4,79.9,30.8,212.7,288.8,16540.3,3391.1,13962.1
"14HM443.M",0,5.6,0.3,54.2,222.3,282.8,997.7,0,42.6,664.4,194.9,2800.9,47.5,166.2,10.5,1889.1,82.8,651.7,83.2,19.6,541.3,35.7,8787.4,3674.5,7761.7
"14HM444.M",1,5.19,0.27,3307.5,950.5,57.3,3117.7,4563.2,279.5,178.4,181,513.6,86.8,42,20.5,1670.9,10.6,302.9,27.3,8.7,56.2,20.9,15395.5,4219.7,17608.5
"14HM445.M",1,3.86,0.2,8310.9,369.1,556.9,1049.3,631.8,90.5,1087.3,1474.5,1131,64.2,136.2,29.1,1625.3,25.5,688.9,9.6,20.5,123.9,16.4,17440.7,2963.2,16038.2
"14HM446.M",1,3.1,0.16,10055.7,383.5,761.7,924.9,489.7,126.9,760.6,1059.3,1486,42.2,67.9,80.6,1341,59.9,432.5,16.2,16.7,216.1,48.5,18369.8,2594.5,16953.7
"14HM447.M",0,5.72,0.3,61,309.6,382.8,1532.1,120.5,108,893.1,148,3096,68.1,166.7,13.9,1210.4,55.8,692.4,37.7,20.7,371.5,21.5,9309.8,3991.5,6795.1
"14HM448.M",1,5.35,0.28,6263.7,418.9,535,1042.6,756,1032.9,552.3,1040.2,1003.4,26.3,90.5,383.7,2127,53.2,420.8,36.2,37.9,107.7,394.6,16322.7,4395.8,14738
"14HM449.M",1,5.34,0.28,5882.5,170,1020.6,260.7,241.7,708.6,1242,1991.7,651,94.7,65.6,244.3,1530.1,137.4,477.1,240.9,199.6,110.6,241.5,15510.7,2937.6,13084.3
"14HM450.M",0,5.42,0.29,18.4,113.3,770.8,298.6,36.6,311.8,1439.1,91.2,3022,63.3,154.5,82.5,638.1,79,364,10.9,27,757.7,174.4,8453.3,3439.5,5480.5
"14HM451.M",1,4.74,0.25,6411,617.3,285.3,1979.9,1094.6,60,436.8,804.1,1029.6,60.8,100.9,22.8,2493.6,18.5,497,8.9,38.4,189,11.4,16160.1,3558.5,16373.9
"14HM452.M",1,2.49,0.13,11954,818.3,119.3,2212.9,946.6,136.8,215.2,403.8,621,71.1,60.2,23.7,1408.3,10,329.3,5.1,10.8,79.4,19.7,19445.5,3290.3,18684.1
"14HM453.M",1,2.93,0.15,10393.5,855.3,191.3,1670.8,1627.2,151.5,332.3,1952.8,568.2,132.8,47.7,40.2,39.2,60.5,321.2,20.8,62.5,119,65.5,18652.5,2921.7,17500.3
"14HM454.M",0,3.95,0.21,15.7,62.9,2292.1,384.3,43.9,599.7,4399.5,138.7,882.2,41.6,234.8,72.5,115.1,28.3,613,29.4,12.6,141.8,106.5,10214.4,3013.8,1655.3
"14HM455.M",1,5.02,0.26,6314.8,562.9,498,1524,712.1,264.7,843.9,386.6,1707.7,55.5,124.9,30.8,2117.3,72.4,471.4,31.4,20.8,351.9,54.4,16145.5,3699.9,15111.1
"14HM456.M",1,3.62,0.19,9123.7,441.1,864.4,1156.3,610.3,126,617.3,1107.7,1703.9,40.2,92.2,63,1545.5,56.5,431.3,14.5,22.8,302.9,41,18360.6,2987.9,17091.2
"14HM457.M",1,5.13,0.27,6299.7,261.7,1319.1,512.2,429.5,230.7,1154.2,1776.8,1577,43.9,118.6,127,1462.5,63.6,532.8,27.6,46.8,178.4,89.6,16251.7,2590,14042.8
"14HM458.M",1,6.18,0.33,5004.7,643.8,475.8,1997.3,1153.8,102.8,725.5,523.8,1739.5,86,131.3,16.8,2237.8,43.4,736.2,15.8,8.3,148.8,19.1,15810.7,4056.7,14962.2
"14HM459.M",0,6.08,0.32,9.1,80.4,788.2,453.5,34.3,532.5,1112.5,69.9,2937.3,56.2,166.5,86.7,885.8,54.2,411.1,24.4,26.7,783.5,266.8,8779.5,4162.1,5854.2
"14HM460.M",1,6.23,0.33,4564,617.4,625.6,1357.7,841.1,120.2,977.6,359.8,2832.7,69.9,103.6,17.8,2012.8,71.2,330.9,9.7,8.2,352.8,28.2,15301.2,3022.9,14530.6
"14HM461.M",1,4.16,0.22,7633.9,384.1,400.2,1225.1,1304.3,86.9,758.2,1057,1111.2,58.8,82.8,21.4,2284.7,40.1,487.5,3.1,14.8,116.8,16,17086.9,2656.9,17572.5
"14HM462.M",1,4.16,0.22,7429.5,329.8,973.3,702.3,737.1,123.7,989,963.3,1684.7,34.4,91.6,41.7,1574.6,78,218.1,28.9,36,329.4,40.4,16405.6,2135.1,15495.2
"14HM463.M",0,5.43,0.29,53.2,296.9,371.1,1444.8,129,106.2,463.7,74.3,2950.6,57.7,187.6,8.2,1613.9,56.8,511.2,9.9,12.7,463.7,28.8,8840.3,3754.1,7417.7
"14HM464.M",0,6.61,0.35,39.4,136.5,1489.2,1356.7,151.8,253.4,2340.9,231,1208.2,74.8,286.3,6.7,163.2,17.6,1398.7,4.3,7.8,165.8,32.2,9364.5,5096.4,2505.5
"14HM465.M",1,6.33,0.33,4765.8,277,867.5,693.2,785.7,137.3,1078,2135.3,1133.2,80.6,137.1,34.3,2336.3,43.4,847.8,13.4,22.3,91.6,10.6,15490.2,2901.8,14785.3
"14HM466.M",1,6.95,0.37,1857.2,313.8,1174.2,560,574.8,166.1,1778.2,324.5,3745.3,75,185.8,35.4,1759.2,63.4,487.2,10.5,14.8,371.7,52.2,13549.4,2769.6,11395.6
"14HM467.M",1,5.21,0.27,6256,670,719.3,1780.8,470.6,222.5,1026.9,675.2,1732.8,49.5,76.2,23.2,2429.5,46.8,286.6,18,13.6,251.9,37.1,16786.3,3253.6,15480.8
"14HM468.M",1,6.82,0.36,3543.3,447.3,783.9,1066.3,364.8,141.7,1138,458.4,2686.8,55.9,121.5,41.5,2461.4,74.8,370.2,26.8,10.9,416.9,45.3,14255.7,3035.8,13309.4
"14HM469.M",0,4.91,0.26,10.7,82.1,951.3,461.1,34.8,165.4,823.8,39.9,3224.3,65.5,90,19.9,506,115.3,434.6,10.5,36.1,1055.9,112.1,8239.3,3941.4,5642.8
"14HM470.M",1,8.13,0.43,3481.6,226.4,1532,415.5,1024.2,166.8,1950.8,1254.9,1880.2,65.9,217.5,38.6,1857.8,63.1,942.9,12.8,20.2,197.8,34.4,15383.3,3188.6,12923.9
"14HM471.M",1,4.74,0.25,6675.2,1501.9,152.3,3164.6,3368.3,68.1,219.3,281.3,930.9,32.4,69.8,34.9,1270.7,6.2,331.9,35.1,9.6,147.8,30.8,18331.2,4358.4,18902
"14HM472.M",0,4.48,0.24,51.4,209.1,731.3,549,35.8,86.6,780.7,58.6,3855.6,69.4,220.1,12.6,1328.7,45.7,567.1,48,17.3,439.4,49,9155.4,2979.1,7495.2
"14HM473.M",0,4.43,0.23,45,144.5,814.3,540.4,36.8,106.1,834.9,72.3,3873.6,117.1,204.7,14.4,1037,62.3,545.2,15.9,30.6,494.2,29.5,9018.5,3003.5,6971.2
"14HM474.M",1,7.1,0.37,3820,445.9,739.8,1344.9,1103.5,203.7,663.3,288.5,2912.6,89.1,152.1,16.7,1749.9,83.6,750,17.4,13.1,506.8,18.9,14919.7,4268.8,13813.2
"14HM475.M",1,3.97,0.21,8076.9,855.3,397.9,2305.1,535.3,91.3,534,637.8,1209.9,84.3,62.7,42.6,2154.2,52.6,401.2,17.4,45.9,142.7,40.4,17687.6,3670.5,16495
"14HM476.M",0,5.5,0.29,21.4,296.9,615,1489.7,81.8,168.9,519.3,64.2,3246.7,63,274.9,12.7,1254.2,43.8,762.9,74,13.7,324.6,21.1,9348.7,4163.5,6790.3
"14HM477.M",1,4.24,0.22,7549,326.7,1050.8,621.2,361.2,222.2,800.7,1563.2,1328.3,44.3,126.7,97.1,1477.3,98.4,425.7,60.1,189.5,300.9,104.2,16747.6,2728.9,15228.6
"14HM478.M",1,6.78,0.36,1126.4,329.7,824.2,805.1,971.2,95.9,777.6,92.4,3928,71.1,216.9,17.1,1683.7,106.8,693.9,22,18.5,905.9,40.6,12726.9,4415.8,11822.1
"14HM479.M",1,7.19,0.38,4275.4,364.1,987.7,900.7,387,869.4,902.3,473.8,2115.8,45.7,104.9,246.1,2072.3,96,346.5,46,26.4,476.1,296.2,15032.5,4358.9,12768.2
"14HM480.M",1,7.93,0.42,3140.5,340.2,1215.1,822.4,1001.5,144.6,1010,642.7,2173,86.8,187.5,11.2,2481.8,90.8,855.9,13.3,13.2,200.7,5.8,14436.9,3290.3,13590.3
"14HM481.M",1,3.36,0.18,8485.9,656.5,348.7,1928.2,657.3,199.4,436.8,379.7,1404.8,32.2,72.6,20.2,1179,27.7,229.4,10.2,30.4,323.2,34.3,16456.5,3394.3,15025.7
"14HM482.M",1,3.56,0.19,7949.9,266.4,790.7,403.2,431.1,338.8,686.7,1621.3,658.1,46.9,87.5,121.9,1270.9,91.3,492.5,124.3,180.2,114.5,101.4,15777.6,2368.3,14545.6
"14HM483.M",0,4.88,0.26,27.8,309.4,673.5,706.6,46.2,79.3,767.3,55.3,3375.7,66.3,119.5,12.8,945.1,81.6,253.4,11.6,26.9,881.5,56.6,8496.4,3301.3,6763.9
"14HM484.M",1,5.65,0.3,5386,402.2,871.5,1130.4,577.7,147.1,1553.9,989,2204.2,65.7,109.9,47.6,1550.7,62.3,205.4,38.4,8.9,99,8.3,15458.3,2060.5,13459.1
"14HM485.M",0,5.18,0.27,35,384.8,337.3,964.7,71,112.1,943.3,274.5,3299.4,93.3,158.7,41.8,1560.6,90.2,392.3,25.4,11.1,222.3,10.7,9028.5,2527.8,7620.3
"14HM486.M",0,5.98,0.32,5.3,56.2,895.1,397.2,43.6,567.3,2477.8,189.7,2616.8,181.8,165.5,85.6,420.4,296.5,284.7,285.1,32,402.6,54.8,9458,2699.8,4729.6
"14HM487.M",1,3.31,0.17,9433,416.3,312.4,824.8,2012,150.1,872.1,2864.3,575.9,120.4,120.4,7.9,13.7,9.7,510.2,52.3,155.2,75.1,2.3,18528.2,2278.4,17899.1
"14HM488.M",1,8.34,0.44,1599.5,513.2,496.2,2025.5,1134.7,92.6,1160.5,482.8,2588.4,128.2,228.3,13.9,2545.9,66.8,1067.2,13.8,11.5,98.3,9.5,14276.9,4710.4,12808.3
"14HM489.M",1,6.06,0.32,4831.7,286.3,682.6,847.8,519.7,244.9,1518.9,601.1,2268.9,88.8,109.2,46.5,1561.3,113.3,341.4,148.3,37.1,364.6,58.1,14670.5,2776.5,12826
"14HM490.M",1,5.66,0.3,5416.7,235.2,693.4,612.2,975.5,535.8,927.7,1176.7,1142.9,54.8,69.8,250.7,1846.8,102.9,255.6,111.1,50.7,159.1,180.3,14798.1,2658.7,14042.5
"14HM491.M",1,7.52,0.4,3399.9,229.3,1095.6,570.1,417.5,285,2055.8,979.2,2122.8,79.6,111.8,112.4,1983.6,98,339.2,107.9,19.8,232.1,77.9,14317.5,2377.7,11992.7
"14HM492.M",1,6.14,0.32,5338,263.8,630.8,794.5,397.2,765,1461.9,1537.1,752.1,110.9,137.6,204,1760.7,100.1,588,248.6,169.3,104.7,120.7,15484.9,3527.7,13009.4
"14HM493.M",1,4.42,0.23,6696.8,161.7,683.5,109,247.6,856.9,1346.5,3057.3,383.3,173.6,81.6,250.9,331.5,56,515.5,157,538.9,97.7,313.3,16058.7,3151.4,12963.4
"14HM494.M",1,5.67,0.3,5986.2,255.7,805.9,581.7,1079.9,650.6,1200.7,1181.1,1373.3,72.5,90.1,302.6,1838.4,95.4,288.8,91.6,37.7,162.4,205.8,16300.4,2939.1,15034.8
"14HM495.M",1,2.33,0.12,11928.7,275.9,422,226.8,1287.5,63.2,646.6,2650.2,465.4,75.1,89.5,23.3,30.3,30.7,350.1,24.9,137.8,101.4,1.4,18830.7,1308.7,18432.7
"14HM496.M",1,6.7,0.35,4244,149.2,1280.7,345.1,280.5,209.8,2661.7,1667.6,1474.9,108.6,139.3,57.3,1764.3,122.8,490,123,58,168.2,61.5,15406.6,2191.1,12141.2
"14HM497.M",1,1.74,0.09,14971.5,374.2,391.8,285.3,330.5,577.8,221.7,1624.7,221.2,42.9,55.8,85.7,218.6,26.7,216.2,10.1,164.1,21.9,59.7,19900.2,1600.2,18692.8
"14HM498.M",1,7.17,0.38,4590.7,330.4,522.4,927.1,627,1038.8,1242.6,518.8,1800.4,112.2,105.4,211.3,1621.7,150,497.2,211.4,52.9,381.9,220.9,15163.1,4482.6,12549
"14HM499.M",1,7.5,0.4,3115.2,496,546.8,1820.3,927.8,98.8,900,852.3,2170.7,77.9,86.7,44.7,2708.3,78.3,271.1,39.6,13.7,262.1,27.9,14538.2,3172.6,14313.5
"14HM500.M",1,5.7,0.3,5516.8,345.2,581.7,1031.2,732.3,221.5,1377.6,742.9,2094.5,61.4,146.9,49.7,1638.4,76.5,423.2,63.4,29.5,341,74.4,15548.1,3126.5,13965.6
"14HM501.M",1,6.68,0.35,4892.6,230.2,839.8,594.5,1028.7,633.1,1222.1,1285.8,1617.2,53.2,91,273.7,2058.8,105.5,245.7,81.5,40.2,195.6,183,15672.2,2840.9,14611.7
"14HM502.M",1,2.18,0.12,12229.6,393.4,229.6,477.8,864.2,84.4,625.4,2629.7,358.3,73.4,100.1,44,11.3,9.5,312.7,11,68.5,41.6,3.1,18567.6,1420.9,17625.2
"14HM503.M",1,5.78,0.3,5706,299.9,751.2,623.6,1112.2,589,1200.7,1110.7,1460.9,49.2,78.7,207.5,1841.5,107.5,231.4,76.9,36,202.7,186.9,15872.4,2740.6,14885.6
"14HM504.M",1,3.97,0.21,7932.3,384.9,689.3,1104.5,492.1,219.5,971.2,897.9,1720,61.6,105.9,111.2,1509.4,93.9,271.4,58.8,17.2,226.5,69,16936.6,2675,15319.5
"14HM505.M",1,6.98,0.37,4575.9,308.5,852.6,926.1,415.7,350.7,1731.4,916.4,1765,88.8,135.5,180.6,2045.5,146.3,381.7,202.3,52.9,292.5,127.3,15495.5,3195.7,13177.5
"14HM506.M",1,5.7,0.3,5455.4,426.7,797.2,1098.7,436.3,88.3,1315.5,927.8,2075.8,69.8,122.6,54.1,2170.7,83,374.5,18.5,10.2,246,36.5,15807.7,2677.9,14454.5
"14HM507.M",1,6.68,0.35,4681.8,347.7,756.4,1154.2,638.6,113.7,1753.2,1162.3,1998.7,87.8,174.5,29.7,2309.1,56.2,507.2,56.7,21.7,159.4,19.7,16028.8,2844.8,14433.3
"14HM508.M",1,6.62,0.35,4575.4,225.7,777.2,503.4,338.6,476.1,1891.1,1549.1,1486.9,80.5,151.1,141.4,2128.2,70.1,404.1,66.6,72.6,198.7,126.2,15263.1,2730.2,13261.6
"14HM509.M",1,2.22,0.12,12988.3,311.3,302.7,1355.8,521.2,210,353.9,590.7,895.4,35.5,50.6,47.8,1303.3,77.7,230.4,68.1,53.7,215.7,53.6,19665.9,2663.6,18861.4
"14HM510.M",1,3.02,0.16,9941.3,326.2,551.1,421.5,691.9,179.7,1375.8,2422,902.1,81.8,128.5,37.3,56.5,37.4,419,57,259.5,197.3,33.3,18119.3,2066.3,15943.5
"14HM511.M",1,4.8,0.25,6563.8,374.3,682.3,982.8,565.5,87.4,1214.1,1264.2,1532.2,63.1,168.3,32.8,1597.5,93.5,330.5,75.7,67.8,255.5,23.7,15975.2,2490.7,14590.5
"14HM512.M",0,5.87,0.31,11.1,336.6,702.6,1055.6,93.3,165.2,2008.6,286.8,3142.5,99.3,279.2,58.7,596.5,74,564.6,44.5,6.2,323.9,26.2,9875.2,3388,5636.7
"14HM513.M",1,7,0.37,3800.4,453.4,581.4,1351.3,567.7,134.9,1566.9,626.2,2677,68.6,160.7,39.4,2268.5,53,450.5,18.7,7.6,242.2,40.4,15108.9,3152.6,13574.1
"14HM514.M",1,3.98,0.21,7812.7,283,1041.7,506,492.8,133.9,1389.1,1711.6,932.8,100.2,127.4,76,1227.7,111.4,452.8,109.5,66.9,118.8,31.9,16726.2,2050.4,14643.4
"14HM515.M",0,5.3,0.28,23.9,392.7,477,1041.4,72.4,82,1224.9,227.4,3505.7,101.4,196.6,61.5,993.2,96.9,611,11.4,10.5,287,25.2,9442,3227.8,6701.7
"14HM516.M",1,6.78,0.36,4330.9,588.4,781.7,1410,735.3,164.9,1436.1,501.4,3020.5,67.7,103.8,47.3,1567.3,138.8,232.4,83.2,11.6,450,49.9,15721.2,3190.8,13670.3
"14HM517.M",0,5.59,0.29,20.2,335,397.7,945.2,64.5,116.9,1277.7,245.5,3292.6,121,147.4,57.5,1045.2,121.5,487.5,44.7,9.8,502.5,30.2,9262.7,3307.5,6800.5
"14HM518.M",1,7.22,0.38,3834.7,751.9,327.1,2348.5,1369.5,99.4,960.8,404.9,2211.7,73.3,100.4,18.5,2241.4,68.4,616.1,23.5,6.8,245.2,17,15719.2,4323.5,14780.9
"14HM519.M",0,4.82,0.25,2,60.2,1151.7,231.8,24.6,454.7,3082.5,228.4,2950.8,92.5,181.4,71.1,411.7,88,530,55,5.3,232.5,67.6,9921.9,2599.1,4504.6
"14HM520.M",0,5.73,0.3,27.2,440.6,280.5,2710.2,13.8,92.9,667.3,221.4,2277.6,82.6,187.6,32.8,1680.7,97.9,598.3,15.6,26.2,298.6,12.8,9764.6,4843,6805.1
"14HM521.M",0,6,0.32,6.7,427.7,396.3,953.6,62.5,93.7,842.9,230.8,2705.2,84.2,249.2,36.6,2128.4,90.5,488.1,205.4,21.9,190.7,35.4,9249.7,2761.4,8276.3
"14HM522.M",1,3.81,0.2,8318.1,421.4,535.5,973.9,403.3,641.7,635.1,852.5,1083.6,43.4,71.1,131.7,1925.3,90,482.2,95.7,89.4,221.3,178.4,17193.6,3582.1,15872.2
"14HM523.M",0,5.74,0.3,16.9,429.5,352.6,981.8,61.1,98.8,1158,260.5,3182,106.7,155.3,56.8,1324.2,111.7,439.9,18.9,10.3,505.5,32.2,9302.4,3247.7,7311
"14HM524.M",0,5.01,0.26,23.4,494.6,311.3,885.5,70.6,108.7,907.5,214.9,3709.4,94.9,218.5,66.1,1583.9,92,573.2,5.8,17.5,294.3,28.6,9700.6,3070.9,8181.4
"14HM525.M",0,5.42,0.29,7.9,54.6,1031.8,216.4,41.6,556,2847,233.4,2569.4,101.3,203.9,84.3,346,104.8,517.2,55.8,9.2,465.7,117.6,9564.1,3261.7,4281.8
"14HM526.M",1,3.3,0.17,9463.9,784.1,218.5,2149.4,1581.8,54.2,507.8,474.9,1038.6,73.4,75.9,10.7,1261.5,40.6,295.6,24.8,19.1,138.1,3.2,18216,3164,17722.5
"14HM527.M",1,6.02,0.32,5114.7,494.5,662.1,1582.8,538.7,302.5,1092.5,584.2,1831.7,49.4,119.2,114.6,2289.8,58.2,354.9,41.6,19.3,212.4,62.2,15525.2,3378.1,14024.1
"14HM528.M",0,5.54,0.29,11.3,170.1,644.2,614.2,49.5,127.8,1595.5,242.8,3061,133.3,231,36.7,915.2,73.2,818.5,8.2,10.8,188,12.3,8943.6,3047.4,5765.6
"14HM529.M",1,6.68,0.35,4914.3,389.1,987,1049.7,707.2,289.6,1578.5,843.9,2134.8,122.9,66.1,85.8,1686.9,157.2,251,113.9,34.7,407,82,15901.4,2971.1,13783.3
"14HM530.M",1,6.39,0.34,5004.1,228.1,913.7,588.7,336.6,705.9,1250.2,1174.1,1128.2,83.3,80.8,201.1,1898.7,191.9,255.3,236,148.8,297.9,244.7,14968.4,3172.4,12920.1
"14HM531.M",1,3.67,0.19,8564.3,460.7,579,1202.4,692.3,166.5,1092.8,814.9,1463.3,61.6,84.3,36.2,1276.6,71.8,329.3,52.5,40.4,277.9,38.6,17305.6,2781,15714
"14HM532.M",1,3.69,0.19,8223.7,533.7,342.6,1392.8,1835.3,56.1,573.1,805.5,727.4,86.3,89,17.4,1550.1,31.2,477.5,20.6,37.2,96.6,4.1,16900.2,2711.7,17339.1
"14HM533.M",1,5.14,0.27,6078.4,255.7,768.9,433.2,437.4,422,1229.6,1682.3,923.1,93.2,139.2,75.9,1439.9,86,720.3,77.6,192.1,205.3,132.2,15392.3,3185.8,13454.4
"14HM534.M",1,7.37,0.39,3471.7,202.9,857.5,721,1597.4,134.9,1187.8,409.4,2119.3,132.4,131.8,9.7,1256.9,97.2,636.9,19.7,10.5,323,16.8,13336.4,2950.4,12407.8
"14HM535.M",1,6.79,0.36,4727.4,234.3,993.4,493.7,268.1,1212.8,974.7,1764.5,775.7,83.9,61.8,502.5,1484.3,115.5,471.8,158.7,165.4,111.8,302.6,14902.7,4043,11691.7
"14HM536.M",1,4.97,0.26,6556.4,389.5,795.6,934,319.6,653.2,842.2,728,1310.7,57.5,90.4,247.4,1897.1,172.5,275.1,178.3,82.8,334.8,231.5,16096.5,3607.7,14154.3
"14HM537.M",0,6.57,0.35,4.7,107.3,619.1,321.5,24,686.3,890.2,81.1,2570,73.7,72.1,167.7,516.7,177.3,474,28.4,12.8,930.5,306.8,8064.3,4670.2,4902.9
"14HM538.M",0,4.95,0.26,46.2,264.8,448.3,1270.6,94.5,85.9,608.3,108,3464,73.8,168.8,42.1,1181.2,77.7,526.2,16.9,9.7,423.2,36.9,8947.1,3540.2,6967.8
"14HM539.M",1,6.68,0.35,4490.9,478.2,749.5,1541.9,940.8,111.6,1103,492.4,2404.2,83.7,163.3,24.8,2322.6,55.5,576.8,12.3,6,204.7,20.2,15782.4,3445.2,14705
"14HM540.M",1,7.41,0.39,4180.2,282.9,1108.6,663.2,1113.5,149.2,1910.9,1509.6,1582.9,122.5,198.6,9.8,2268.4,41.4,776.8,19.2,18.4,82.8,4.6,16043.5,2749.3,14580.7
"14HM541.M",1,8.19,0.43,3253.9,261.9,1229.6,770.9,322.1,678.4,1709.4,1670.5,1370.7,82.3,77.6,373.9,2651.3,64.1,558.4,28.7,37.6,115.4,6.5,15263.2,3261.4,12805.3
"14HM542.M",1,6.31,0.33,4770.8,445.4,503.8,1005.1,1929,70.1,691.1,1210.7,1116.6,93.7,115.3,14.1,2514.2,63.8,608.6,44.8,56.2,207.9,6.2,15467.5,2850.2,16888.7
"14HM543.M",1,4.52,0.24,7350.3,924.9,384.5,2376,1194.5,104.5,593.4,316.6,1791.9,73.3,130.6,23.7,1572.8,60,505.6,14,5,162.6,18.9,17603.1,4009,16178.2
"14HM544.M",1,6.33,0.33,4686.3,435.6,790.2,1252.6,483.8,237,1312,759.4,2001.3,54.5,145.9,85.1,1941.6,80.7,285,35.8,9.7,199.6,56.2,14852.3,2802.3,13042.7
"14HM545.M",1,5.9,0.31,5569.6,401.1,607.6,1049.6,446.9,1094.3,1033.4,583.7,1307.2,72.3,73.8,198.9,1570.3,158.1,241.6,160.5,95.4,389.2,321.2,15374.8,4320.7,12709
"14HM546.M",0,5.24,0.28,63.6,180.7,550.1,326.9,43.6,530,1419,174,3389.7,106.5,78.5,100.7,753.8,142.8,177.7,55.1,19.8,660.2,203.3,8975.9,3118.5,6264.2
"14HM547.M",1,5.36,0.28,5636.5,458.5,550.7,1523.1,576.5,109.6,898.3,441.2,2503.7,90,106.2,13.7,2079.2,64.9,522.4,9.8,7.1,250,17.8,15859.3,3333.2,14715.4
"14HM548.M",0,6.49,0.34,10.6,84.9,911.6,537.6,51.5,610.1,1842,146.3,2693.3,92,198.1,146.3,553.1,103.8,412.1,54,13.9,557.9,192,9211.1,3816.1,4875.8
"14HM549.M",1,3.55,0.19,8985.5,942,154.7,2832.6,1474.5,67.5,371.5,488.8,743.9,58.9,88.4,14.2,1689.7,27.6,362.5,16.6,15.3,98,10.5,18442.8,3944.9,17692.6
"14HM550.M",1,4.62,0.24,6843.2,235.1,1218.9,364.6,410.9,207.8,1292.8,2574,1080.5,73.4,157.1,71.6,1337.9,58.9,414,41.7,110.2,134.8,57.7,16685,2014.1,14700.7
"14HM551.M",1,7.04,0.37,4741.4,372.9,762.4,1141.6,869,754.6,1275.1,420.8,1735.1,73.7,122.1,63.8,1384,99.8,684.5,49.9,70.1,547.8,163,15331.4,4872.8,12587.6
"14HM552.M",0,6.49,0.34,23.8,63.5,1007.1,224.7,24.7,960.2,1952.3,140.8,2519.5,122.3,104.5,306.8,368.9,172.8,381.9,54.8,4.4,441.5,266.5,9141.1,3775.9,4162.2
"14HM553.M",1,2.11,0.11,13277.2,377.2,375.2,328.1,504.2,559.8,619.2,1852,545.7,57,109.5,97.4,54.8,58.4,287.5,15.3,168.6,128,135.5,19550.6,2196.7,17707.9
"14HM554.M",0,6.05,0.32,26.5,42.3,1189.6,267.6,44.7,532.8,1730.3,127.9,2668,76.9,127.8,77.6,415.4,131.4,359.4,24.1,7.2,771.2,205.8,8826.5,3678.6,4671.4
"14HM555.M",0,5.71,0.3,9.1,60.8,1416.8,356.9,37.4,264.3,2560.5,171.1,2296.5,131.6,184.9,45.6,308.2,130.7,559.1,49.4,7.9,511.3,96.5,9198.8,3185.5,3936.9
"14HM556.M",1,3.15,0.17,9402.9,355.1,700.2,948.6,568.7,250.6,661.1,878.9,1332.6,30.2,63.1,101.6,1186.6,88.1,257,45.8,54.7,259,96.1,17281,2588,15924.7
"14HM557.M",1,3.44,0.18,8910.2,440.8,543,1450.3,656.9,129.6,545,968.5,1237.7,53.4,68.3,41.9,1517.7,79.5,356.4,56.6,41.8,241,32.8,17371.4,2950.5,16340.8
"14HM558.M",1,5.82,0.31,5675.2,501,784.2,1328.9,824.7,246.7,841.1,718.6,1690.4,44,148.4,66.8,2466.4,74.5,508.4,51.5,36.5,290.4,89.5,16387.3,3567.6,15626.4
"14HM559.M",1,7.11,0.37,4017.6,821.2,462.9,2222.7,1666.2,86.2,563.8,454.6,1670.2,98.3,136.5,10.1,2562.5,51.5,610.1,28.8,17.5,319.5,7.7,15808,4330.1,15902.7
"14HM560.M",0,5.05,0.27,9.9,129,622.3,456.6,32.7,268.1,680.7,63.1,3217.4,75.8,112.4,36.7,994.2,122.6,375.4,30.4,15.4,837.7,145.5,8225.9,3591,6447.9
"14HM561.M",0,5.2,0.27,79.2,13.2,2108.8,500.3,105.5,236.7,3170,151,1322.4,90.6,204,51.3,188.9,105.3,720.3,46.4,10.7,292.1,86,9482.8,3189.2,2605.1
"14HM562.M",0,4.47,0.24,37,260.5,624,708.7,71.9,78.3,803.5,137,3874.4,93.7,149,43.7,1664.3,98.2,457,22.2,14.4,236.4,20.5,9394.7,2407.5,8162.4
"14HM563.M",1,6.88,0.36,4095.9,444,867.2,1454.4,532.6,176.5,1136.2,562.1,2242.6,51.6,175.3,26.1,2574.4,60.9,536.5,24.5,9.1,245.4,33.7,15248.8,3463.5,13898.1
"14HM564.M",1,6.88,0.36,4451.5,592.1,719,1314.6,1880.2,82.7,775.8,437.9,2040.5,78.3,128.4,31.6,1808.8,94.8,720.9,37.4,11.7,249.7,19.3,15475.3,3537.1,15288.9
"14HM565.M",1,5.67,0.3,5808.2,376.4,910.6,600.6,938.6,413.6,1059.2,736,1713.3,49.9,123.6,100.3,1868,142.3,414.2,95.2,48.4,353.3,144.1,15895.8,3061.6,14842.3
"14HM566.M",1,6,0.32,5201.7,350.7,753.3,650.9,825,574.4,516,673.2,1733.9,35.8,76.1,97.1,1695,145.2,372.2,83.7,126.4,698.6,187.6,14796.6,3915.1,14070.3
"14HM567.M",0,5.2,0.27,76,280.9,516.5,504,60.2,736.9,732.2,89.6,3555.9,84.3,125.5,76.9,1274.4,84.8,243.5,21.3,18.3,551.2,201.3,9233.4,3435.3,7364.9
"14HM568.M",1,6.67,0.35,4623.5,393.9,794.5,657.6,957.1,499.1,969.6,567.2,1843.4,66.5,97.2,241.5,2322,148,269.2,98.6,17.5,317.3,199.7,15083.5,3067.9,14503.7
"14HM569.M",1,6.49,0.34,4873.3,551.3,344.6,1030.1,1278.9,317.8,540.7,308.4,1872.8,354.8,443.7,69.8,1512.9,86.4,577.1,276.4,7,347.1,66.5,14859.6,3842.9,14181.7
"14HM570.M",1,3.74,0.2,8013.5,541.5,473.1,942.8,1128,182.9,592.9,714.9,1246.1,53.6,73,32.5,1786.1,75.3,310.6,14.5,32,249.7,34.3,16497.2,2420.4,16726
"14HM571.M",1,3.84,0.2,8382.4,612.4,560.2,1345.4,728.8,111,599.8,701.7,1624.1,38.4,66.2,63,2273.8,77.4,209.1,18.4,32.6,258.5,48.2,17751.4,2617.1,17706.4
"14HM572.M",1,6.87,0.36,4639.5,362.8,1112.9,706.6,933.1,198.3,1500.4,802.7,2234.8,306.5,150.2,32.2,1850.9,55.7,439.7,23.7,13.5,326.6,49.7,15739.9,2719.5,14291.6
"14HM573.M",1,4.91,0.26,6570.5,1458.1,180.1,2849.5,3562.2,33.7,303.4,428.6,823.9,101,85.1,16.4,1624.7,9.9,352.5,28.4,9.9,73.4,6.9,18518.2,3850.3,19877.7
"14HM574.M",1,3.44,0.18,8898.1,535.4,425.1,708.2,1025,108.7,763,952.6,1161,56.6,72.7,25.8,1818.2,86.9,256.5,79.6,80.1,269.7,25.8,17349,2019.4,17799.8
"14HM575.M",1,4.48,0.24,7088.6,271.8,992.6,479.1,295.2,323.4,1113.2,2342,1080.2,56.7,81.6,171,1438.9,81.4,372.5,63,134,144.2,123.7,16653.2,2336,14782.7
"14HM576.M",1,7.49,0.39,3522.3,442.8,974.3,855.6,938.7,168.9,1469.2,682.9,2707.1,94.6,146.4,39.5,1861.3,75.6,485.7,31.4,9.5,195.2,21.8,14722.7,2615.8,13295.2
"14HM577.M",1,3.03,0.16,10066.7,655.7,587.3,1058.2,1362.2,276.2,397.6,2412.6,404.7,48,89.3,293.6,162.2,15.9,298.3,5.2,45.3,30,167,18376.2,2707.9,16762.4
"14HM578.M",1,5.71,0.3,5021.3,730.5,416.2,2134,788.1,98.7,625.4,496.4,1645.7,64.6,121.6,15.4,2446.8,44.2,357.4,14.6,9.6,179.8,15.6,15226.1,3475.5,14642
"14HM579.M",1,7.36,0.39,2191.2,369.4,888.1,1008,1273.2,96.2,905.9,331.4,3440.2,79.8,146.4,20.6,2080,92.2,413.1,17.5,6.6,400.7,27.7,13788.3,2954.4,13550
"14HM580.M",0,6.06,0.32,9.9,38.6,1221.1,208.8,34.1,1074.6,2585.1,155.5,2043.4,106,95.6,187,247.3,115.8,334.7,38.8,4.5,475.3,274,9249.9,3733.9,3439.1
"14HM581.M",1,3.19,0.17,9885,666,337,2165.1,583.3,192.1,665,591.9,1274.9,46.7,72,37.9,1601.9,34.1,222.8,25.4,11.2,151.6,36.5,18600.4,3288.8,17034.4
"14HM582.M",1,5.99,0.32,5104.2,211.2,757,577.4,304.5,564.8,1363.5,881.8,1214.6,80.8,131.2,210.9,2110.3,120.9,493.9,171.6,72.6,210.4,193.1,14774.6,3279,12849.3
"14HM583.M",1,4.76,0.25,6850.3,327.6,1243.6,869.8,405.5,179,1229.4,934.3,1674.1,104,68.9,169.4,1662,120.9,368.4,112.9,37.8,184.4,40.5,16582.8,2473.8,14398.1
"14HM584.M",0,3.64,0.19,22,121.3,1000.4,420.5,41.2,260.7,4812.8,350.2,1308.5,122.9,239.6,22.6,102.4,53,557.4,174,13.7,211.6,32.7,9867.6,2547,2625.1
"14HM585.M",1,5.1,0.27,6050.2,605.4,727.1,1922.5,524.5,521.4,460.6,111.9,2983.3,64.7,39.6,225,1015,173,88.9,43.4,27.3,522.3,228,16333.9,4386.9,13514.6
"14HM586.M",1,6.6,0.35,4868.5,417.7,511,1331.2,812.8,183.1,1477.7,1004.4,2005.3,77.8,210.9,21.2,2274,44.3,584.4,30.1,29.2,234,12.3,16130.2,3408.1,14869.9
"14HM587.M",1,5.2,0.27,6117.2,285.2,881.3,798.6,349.5,204.2,1278.7,815.7,1853.8,63.2,94.4,101.2,1953.5,149.7,430.7,122.2,38,346.2,85,15968.2,2922,14285.4
"14HM588.M",1,3.97,0.21,7806,525.6,564.9,1520.9,486.2,441.2,652,573.9,1433.8,42.8,64.2,210.1,1517.5,81.5,200.1,67.7,23.3,242.1,166.4,16620.1,3453.7,14745.7
"14HM589.M",1,6.69,0.35,3863.3,481.3,625.3,1303.8,654.6,225.7,1316.7,351.6,3197.2,73.8,131.9,70.7,1504,97.8,286.4,33,9.1,404.3,81.1,14711.4,3275.5,12739.8
"14HM590.M",0,5.05,0.27,16.5,86.7,819.1,433.8,53.3,212.3,2642.4,212.9,2918.9,89.6,201.9,33.9,407.1,70.4,690.5,29.5,9.9,346.7,71.7,9347,3099.6,4641.3
"14HM591.M",1,3.75,0.2,8436.6,707.1,315.1,2072.8,992.5,91.7,616.5,446.5,1308.4,54.7,96.1,29.9,1868.5,36.7,375.6,14.2,10.8,147.2,14,17635,3364.2,16858.5
"14HM592.M",0,5.67,0.3,79.1,416.8,471.2,893.7,122.2,223.9,1749.8,197.5,3171.3,89.4,151.2,17.5,794.5,86.3,285.4,51.9,6.8,517.5,33.8,9359.6,2959.3,6370.4
"14HM593.M",1,5.24,0.28,6031.6,334.3,496.4,541.7,948.2,324.2,1944.8,653,1622.2,94.7,135.1,36.6,1271.6,100.6,521.1,147,76,360.3,40.9,15680.3,2882.3,13834.4
"14HM594.M",1,7.12,0.38,4301.5,202,731.3,474.6,198.8,1482.3,2130.3,1559.5,966,98.2,98.7,360.9,1977.5,80.1,391.7,115.2,73.1,77.8,172,15491.5,3699.7,11818.8
"14HM595.M",1,4.59,0.24,7029.3,281.7,518.8,789.7,391.8,768.1,1313.4,1374.8,941.2,60.6,142.8,149.6,1881.9,40.6,456,60.7,89.9,125.6,111.2,16527.5,3235.8,14601
"14HM596.M",1,4.57,0.24,7095.4,478.8,417.1,1476.2,750.2,181.6,948.9,1077.3,1711.1,71.3,73,18.1,1821.2,58.4,362.9,37.2,26.1,224,4.2,16833,2931.1,15889.9
"14HM597.M",1,5.86,0.31,4881.2,660.9,231.8,2993,968.5,119.5,815.6,1407.9,901.9,109.4,105,14.8,2751.9,40.1,151.1,29.1,35.8,69.8,2.8,16290.1,3679.8,15572.6
"14HM598.M",0,5.78,0.3,61.3,137.9,572.3,534.8,17.9,450.9,1340.2,134.9,2963.9,85.3,68.6,67,636.9,210,177.3,74.1,9.2,979,118.7,8640.2,3671.3,5764.3
"14HM599.M",1,5.99,0.32,5190.4,248.1,809.4,644.3,286.5,247,1888.6,659.6,1980.3,113.2,120,95.2,1625.9,215.4,309.4,207.7,68.8,487,132.4,15329.1,2964.2,12848.6
"14HM600.M",1,2.49,0.13,11337.8,1365.7,714.3,441.1,451.7,126.3,380.4,2232.5,623.1,85,75.1,16.3,27.4,24.4,384.4,5.3,46.7,107.2,8.9,18453.5,1659.8,16808.3
"14HM601.M",1,4.77,0.25,6927.7,372.6,711.4,814.5,525.7,588.3,1109.7,593.7,2015.8,83.1,75.2,202.2,1516.6,167.1,236.3,129.7,45.5,412.9,131,16658.9,3240.5,14711.1
"14HM602.M",1,4.78,0.25,6688.3,391.9,634.2,1116.3,591.1,210.3,1368.2,838.8,1773.7,78.9,108.5,63.3,1800.3,87.6,285.5,74.8,24,209.1,23.6,16368.5,2534.9,14886.3
"14HM603.M",1,4.42,0.23,7080.1,470.4,518.5,1470,432.6,256.3,1065.1,765.7,1558.1,48.9,87.3,80.2,1648,58.1,360.3,44.5,21.9,262.9,80.3,16309.3,3300.8,14435.7
"14HM604.M",1,4.32,0.23,6241.1,327.2,602.7,326.5,422.5,622.8,1074.5,3297,431.7,68.1,43.3,498.4,164.7,10.5,526.5,13.6,138.5,37.9,273.3,15120.7,3166.4,11868
"14HM605.M",1,3.86,0.2,8071.9,414.6,385.1,1021.4,510.7,1146.3,491.1,996,702.3,44.1,90.7,376.9,1716.4,45.1,243.4,82.9,86,106.9,269.4,16801.3,3874.7,15044.9
"14HM606.M",1,5.36,0.28,5859.5,185.9,1038.1,380.2,362,570.1,1992.8,1641.8,1007.7,104.3,50.4,189.5,1365.8,119.2,210.1,154.4,123.1,221.5,96.8,15673.3,2247,12876.8
"14HM607.M",1,4.47,0.24,4660.8,1448.5,60.8,5799.1,1491.6,136.1,228.2,220.2,761.5,106.1,93.6,28.4,1494.1,17,104.5,11.2,4.2,60.1,12,16738.1,6410.5,13248.4
"14HM608.M",1,4,0.21,7485.4,808.8,221.8,2958.3,665.2,100.4,597.9,595.6,998.3,95.7,70.3,10.8,1930.6,20.2,229.3,10.4,7,92.1,7.9,16906,3798.4,15291.8
"14HM609.M",1,2.32,0.12,11974.8,304.6,605.7,285.9,384.3,181.2,753.7,1817.9,1022.3,54.2,59.8,69.3,82.6,78.1,323.7,26.6,234.9,288.3,55.7,18603.6,1931.6,16892.4
"14HM610.M",0,4.61,0.24,96,511.7,294.2,626.7,37.1,175.7,1065.7,193.8,3762.9,75.9,117.2,36.6,1355.1,96.1,243.6,16,17.5,384.7,52.5,9159.1,2317.8,7860.5
"14HM611.M",0,5.09,0.27,89.8,258,526.5,731,130.4,228.8,1342.1,151.5,3554.2,57.5,210.1,34.4,972.5,67.3,442.3,9.9,16.6,327.9,71.2,9222,2887.2,6687.8
"14HM612.M",1,6.54,0.34,4642.7,233.2,852.6,534.1,541.4,234.2,2009.4,1628,1936.6,77.3,150.5,61.3,1900.4,83.9,344.1,62.7,43.8,231.5,43.2,15611,2217.7,13783.4
"14HM613.M",1,4.09,0.22,7839.5,413.1,556.2,1401.8,353.3,443.6,1107.4,857.2,1700.5,39.9,89.3,113.4,1519,63.1,192.2,30.8,26.5,247.8,110.5,17105.1,3149.2,14926.6
"14HM614.M",1,4.85,0.26,6250.1,430.3,379.2,1846,521.5,289.6,856.2,630.9,1352.6,50.6,100.6,24.9,2185,61,366,42.6,31.4,277.1,44.4,15740.1,3636.2,14510.1
