row.ID,annotation.network.number
37,NA
242,NA
45,NA
38,NA
224,NA
48,NA
63,0
69,NA
141,NA
71,NA
88,NA
84,0
288,NA
98,NA
105,NA
81,NA
75,0
53,NA
72,NA
323,NA
102,NA
150,NA
146,1
186,NA
106,NA
31,NA
159,NA
161,0
171,NA
172,NA
185,NA
176,NA
179,NA
180,NA
103,NA
177,NA
169,NA
189,NA
158,NA
115,NA
58,NA
198,NA
117,NA
241,NA
108,NA
218,12
47,NA
223,NA
508,NA
272,NA
199,NA
212,NA
91,NA
220,NA
196,1
277,NA
46,4
43,4
234,NA
166,NA
210,NA
439,NA
249,12
346,NA
156,13
215,NA
292,4
279,NA
157,4
151,NA
188,NA
233,NA
39,NA
109,NA
107,4
270,NA
271,NA
164,4
265,NA
119,4
110,NA
301,NA
116,NA
283,NA
294,NA
555,10
59,NA
132,NA
16,NA
306,NA
619,13
308,NA
289,NA
284,NA
232,10
351,NA
134,4
93,NA
227,NA
54,NA
9,NA
50,NA
315,NA
221,NA
312,NA
262,NA
330,14
425,NA
278,NA
263,NA
325,NA
359,NA
264,NA
366,NA
257,NA
517,NA
197,NA
111,NA
268,NA
334,NA
70,NA
382,NA
347,NA
379,NA
781,NA
114,NA
252,NA
362,NA
85,NA
369,NA
349,NA
375,NA
390,NA
388,NA
411,NA
389,NA
386,NA
384,NA
140,NA
412,NA
333,NA
445,NA
620,14
415,NA
478,NA
421,NA
427,NA
417,NA
416,NA
247,NA
452,NA
437,NA
431,NA
645,NA
479,NA
418,NA
451,NA
444,NA
335,NA
441,NA
460,NA
465,NA
487,NA
480,NA
470,NA
471,NA
467,NA
488,NA
486,NA
493,NA
497,NA
484,NA
556,NA
520,NA
494,NA
529,NA
540,NA
527,NA
532,NA
535,NA
541,NA
692,NA
843,NA
557,NA
528,NA
649,23
845,23
576,NA
700,NA
580,NA
549,NA
849,23
583,NA
666,21
587,NA
588,NA
610,NA
860,21
596,NA
683,23
597,NA
605,NA
607,NA
762,NA
617,NA
613,NA
818,NA
616,NA
621,NA
623,NA
790,NA
703,NA
622,NA
603,NA
766,NA
653,23
640,NA
691,NA
680,23
632,NA
626,NA
634,NA
639,NA
758,NA
718,NA
594,NA
648,NA
702,NA
665,NA
669,NA
812,NA
675,NA
707,NA
698,NA
699,NA
709,NA
711,NA
723,NA
637,NA
483,NA
727,NA
655,NA
741,26
852,NA
816,NA
734,NA
729,NA
736,25
717,NA
726,NA
738,NA
739,NA
753,25
684,NA
752,NA
748,25
742,NA
745,25
746,25
886,25
759,NA
764,NA
728,NA
770,NA
769,NA
776,NA
779,NA
780,NA
787,NA
917,NA
796,NA
792,NA
765,NA
809,NA
814,NA
789,NA
828,NA
760,NA
869,26
824,NA
825,NA
822,NA
797,NA
870,NA
826,NA
899,NA
784,NA
836,NA
829,NA
840,NA
853,NA
834,NA
851,NA
846,NA
794,NA
884,NA
801,NA
861,NA
830,NA
864,NA
910,NA
877,NA
885,27
813,NA
962,27
919,NA
957,NA
908,NA
897,48
926,NA
966,48
987,NA
930,NA
1060,NA
914,NA
902,NA
938,NA
977,NA
945,32
907,48
956,32
903,48
1026,48
905,48
940,35
932,NA
965,35
972,NA
933,NA
969,NA
944,NA
820,NA
947,37
1059,37
915,NA
916,NA
941,NA
1008,NA
991,NA
997,NA
980,NA
918,NA
1041,NA
964,NA
974,NA
981,NA
1062,48
1052,NA
906,NA
994,NA
921,NA
1015,48
1022,NA
1069,48
1108,NA
1048,NA
1029,NA
1030,NA
1037,NA
1034,NA
1027,NA
1107,48
1036,NA
1084,NA
1112,48
1040,NA
1049,NA
1061,NA
1119,NA
1124,48
1128,48
1058,NA
1121,NA
1075,NA
1175,NA
1067,NA
1082,NA
1127,NA
1066,NA
1091,NA
1089,NA
1077,NA
1090,NA
1101,NA
1043,NA
1100,NA
1117,NA
1095,NA
1178,48
1105,NA
1116,NA
999,NA
1142,NA
1122,42
1109,42
1111,NA
1134,NA
1063,NA
1079,NA
1118,NA
1083,NA
1215,NA
1126,NA
1159,NA
1139,NA
1103,NA
1227,NA
1129,NA
1137,NA
1276,NA
1031,NA
1132,NA
1136,NA
1125,NA
1148,NA
1045,NA
1153,NA
1143,NA
1165,NA
1181,NA
1152,NA
1154,NA
1240,48
1172,NA
1177,NA
1174,NA
1180,43
1189,NA
1182,44
1146,NA
1183,44
1179,NA
1185,NA
1099,NA
1228,48
1251,48
1186,NA
1194,NA
1184,NA
1195,NA
1209,NA
1157,NA
1221,NA
1299,NA
1096,NA
1201,NA
1106,NA
1193,NA
1210,NA
1204,NA
1191,NA
1164,NA
1162,NA
1224,48
1220,NA
1223,48
1266,48
1238,NA
1212,NA
1243,NA
1241,NA
1325,NA
1248,NA
1247,NA
1242,NA
1246,NA
1300,NA
1256,NA
1252,NA
1260,NA
1271,NA
1309,48
1264,NA
1262,NA
1272,NA
1277,NA
1273,NA
1259,NA
1274,NA
1232,NA
1313,NA
1284,NA
1285,NA
1315,NA
1286,NA
1292,NA
1283,NA
1293,NA
1303,NA
1308,NA
1366,NA
1302,NA
1291,NA
1347,NA
1310,NA
1365,48
1307,NA
1295,NA
1324,NA
1311,NA
1319,NA
1383,NA
1384,NA
1306,NA
1371,48
1367,NA
1305,NA
1389,48
1339,NA
1444,NA
1330,NA
1357,NA
1346,NA
1349,NA
1333,NA
1335,NA
1359,NA
1341,NA
1352,NA
1363,NA
1372,NA
1446,NA
1353,NA
1368,NA
1375,NA
1412,48
1364,NA
1378,NA
1525,48
1321,NA
1396,NA
1358,NA
1399,NA
1397,NA
1394,NA
1475,NA
1409,NA
1413,NA
1340,NA
1420,NA
1404,NA
1423,NA
1436,NA
1484,48
1428,NA
1433,NA
1418,NA
1550,NA
1419,52
1370,NA
1425,NA
1427,NA
1435,NA
1533,52
1684,52
1432,NA
1437,NA
1377,NA
1416,NA
1439,NA
1430,NA
1491,NA
1447,NA
1429,NA
1452,NA
1453,NA
1454,NA
1445,NA
1842,53
1843,53
1455,53
1459,NA
1471,NA
1448,NA
1462,NA
1474,NA
1481,NA
1541,48
1497,NA
1568,NA
1498,55
1490,55
1492,55
1473,NA
1494,NA
1504,NA
1468,NA
1469,NA
1485,NA
1557,NA
1685,NA
1502,NA
1482,NA
1493,NA
1495,NA
1480,NA
1503,NA
1916,NA
1560,NA
1501,NA
1426,NA
1510,NA
1511,NA
1608,NA
1476,NA
1488,NA
1606,NA
1505,NA
1509,NA
1575,48
1515,NA
1516,NA
1489,NA
1507,NA
1534,NA
1973,NA
1529,NA
1551,NA
1724,NA
1548,NA
1567,NA
1559,NA
1907,NA
1545,NA
1637,NA
2044,48
1531,NA
1499,NA
1583,NA
1514,NA
1652,NA
1614,56
1630,NA
1607,NA
2092,NA
1635,56
1841,NA
1605,NA
1547,NA
1612,NA
1665,NA
1528,NA
1555,59
1618,NA
1572,NA
1789,NA
1672,NA
1603,NA
1707,NA
1537,NA
1779,58
1654,NA
1539,NA
1561,NA
1604,NA
1661,NA
1697,NA
1666,NA
1796,NA
1660,NA
1689,NA
1573,NA
1677,NA
1656,NA
2054,48
1671,NA
1647,NA
1687,NA
1951,NA
1694,NA
1678,NA
1566,NA
1791,NA
1617,NA
1790,NA
1651,NA
1767,NA
1679,NA
1597,59
1538,NA
1871,NA
1838,NA
1552,NA
1734,NA
1717,NA
1733,NA
1571,NA
1721,NA
1828,NA
1553,NA
1627,NA
1662,NA
1797,NA
2063,NA
1737,NA
1725,NA
1739,NA
1766,NA
1736,NA
1699,NA
1714,NA
2139,NA
1722,NA
2040,NA
1977,NA
1771,NA
1811,60
1753,NA
2051,NA
1887,NA
2039,NA
1867,NA
1564,NA
1803,NA
1785,NA
1570,NA
1914,NA
2048,NA
1861,NA
1884,NA
1994,NA
1619,NA
1774,NA
1743,61
1826,NA
1804,NA
1904,NA
1825,NA
1778,NA
1768,NA
1915,NA
1776,64
1786,NA
1693,NA
1865,NA
1787,NA
1700,NA
2001,NA
1936,NA
1744,NA
1765,65
1798,NA
1821,NA
1890,NA
1862,NA
1855,NA
1738,NA
1574,NA
1939,NA
2079,NA
1863,66
1718,NA
1731,NA
2000,NA
1897,NA
1872,NA
1586,NA
1949,NA
1864,NA
1775,NA
1840,NA
1952,NA
2142,NA
1728,NA
1992,NA
1985,NA
1881,NA
1989,NA
1761,NA
1800,NA
1921,NA
2130,66
1899,NA
2165,NA
1873,NA
1745,NA
1979,NA
1845,NA
1851,NA
1589,NA
1585,61
1854,NA
1598,NA
1777,NA
1941,NA
2004,NA
1822,NA
1544,NA
1980,NA
1932,NA
1874,64
1813,NA
1549,NA
1902,NA
2146,NA
1616,NA
2041,NA
1818,NA
1908,NA
1837,NA
1900,NA
1928,NA
2113,48
1788,65
2100,NA
2029,NA
1950,NA
1999,69
1817,NA
1948,NA
1888,NA
1835,NA
1923,NA
1892,NA
1812,NA
1880,NA
1905,NA
1981,NA
2144,NA
2068,NA
1964,NA
1911,NA
1912,NA
2206,NA
1990,NA
1953,70
2166,NA
2047,NA
1674,60
1922,NA
2035,69
1615,NA
1859,NA
1978,NA
1930,NA
2128,NA
1784,NA
1938,NA
2042,68
2015,NA
2114,NA
2037,NA
2043,NA
1998,NA
1954,NA
2036,68
2122,NA
2093,NA
2088,NA
1956,NA
2094,NA
1988,NA
1987,70
2073,NA
2019,NA
2034,NA
2136,NA
2038,68
2107,NA
2046,NA
1996,NA
2053,NA
1869,68
2057,NA
2049,NA
2058,NA
1984,NA
2129,NA
2176,72
2109,NA
2154,NA
2125,NA
2141,NA
2151,NA
2152,NA
2169,NA
2132,NA
2149,NA
2175,NA
2184,NA
2173,72
2174,NA
2190,NA
2177,72
2204,NA
2194,NA
2218,NA
2138,NA
2219,NA
2193,NA
2201,NA
2197,NA
2203,NA
2230,NA
2205,NA
2228,NA
1971,NA
2199,NA
2216,NA
2214,NA
2229,NA
2217,NA
2223,NA
2233,NA
2225,NA
2234,NA
2158,NA
2212,NA
2172,NA
2235,NA
2222,NA
2263,NA
2123,NA
2249,NA
2232,NA
2221,NA
2240,NA
2238,NA
2241,NA
2209,NA
2248,NA
2253,NA
2256,NA
2247,NA
2259,NA
2242,NA
2272,NA
2254,NA
2196,NA
2262,NA
2288,NA
2264,NA
2271,NA
2307,NA
2269,NA
2287,NA
2282,NA
2290,NA
2297,NA
2295,NA
2298,NA
2279,NA
2292,NA
2318,NA
2300,NA
2309,NA
2327,NA
2316,NA
2311,NA
2308,NA
2310,NA
2314,NA
2304,NA
2324,NA
2319,NA
2321,NA
2354,NA
2313,NA
2312,NA
2338,NA
2351,NA
2343,NA
2344,NA
2328,NA
2347,NA
2346,NA
2348,NA
2322,NA
2368,NA
2345,NA
2389,NA
2361,NA
2363,NA
2370,NA
2374,NA
2372,NA
2357,NA
2373,NA
2399,NA
2436,NA
2375,NA
2442,NA
2367,NA
2392,NA
2366,NA
2381,NA
2440,NA
2387,NA
2385,NA
2398,NA
2395,NA
2400,NA
2391,NA
2433,NA
2432,NA
2406,NA
2412,NA
2382,NA
2403,NA
2416,NA
2386,NA
2390,NA
2417,NA
2434,NA
2415,NA
2461,NA
2422,NA
2409,NA
2439,NA
2435,NA
2423,NA
2428,NA
2459,NA
2444,NA
2421,NA
2429,NA
2460,NA
2437,NA
2458,NA
2420,NA
2431,NA
2441,76
2479,NA
2457,NA
2443,76
2446,76
2455,NA
2466,NA
2493,NA
2472,NA
2506,NA
2450,NA
2464,NA
2469,NA
2495,NA
2496,NA
2474,NA
2503,NA
2592,NA
2478,NA
2483,NA
2470,NA
2481,NA
2486,NA
2502,NA
2485,NA
2537,NA
2535,NA
2447,NA
2504,NA
2488,NA
2505,NA
2473,NA
2518,NA
2454,NA
2501,NA
2538,NA
2608,NA
2477,NA
2510,NA
2527,NA
2512,NA
2534,NA
2498,NA
2484,NA
2556,NA
2542,NA
2509,NA
2529,NA
2533,NA
2540,NA
2494,76
2544,NA
2547,NA
2549,NA
2565,NA
2536,NA
2627,76
2621,76
2551,NA
2524,NA
2553,NA
2609,NA
2559,NA
2555,NA
2591,NA
2604,NA
2577,NA
2600,NA
2554,NA
2568,NA
2563,NA
2557,NA
2640,NA
2593,NA
2564,NA
2617,NA
2590,NA
2516,NA
2633,NA
2629,NA
2622,NA
2558,NA
2513,NA
2596,NA
2607,NA
2602,NA
2798,NA
2514,NA
2573,NA
2586,NA
2641,NA
2630,NA
2624,NA
2652,NA
2567,NA
2686,NA
2638,NA
2637,NA
2619,NA
2648,NA
2651,NA
2703,NA
2578,NA
2611,NA
2694,NA
2639,NA
2781,76
2710,NA
2634,NA
2658,NA
2709,NA
2663,NA
2636,NA
2672,NA
2662,NA
2657,NA
2631,NA
2673,NA
2681,NA
2532,NA
2582,NA
2676,NA
2664,NA
2670,NA
2702,NA
2748,NA
2757,NA
2687,NA
2644,NA
2643,NA
2700,NA
2612,NA
2705,NA
2688,NA
2661,NA
2708,NA
2667,NA
2699,NA
2715,NA
2736,NA
2711,NA
2704,NA
2714,NA
2738,NA
2625,NA
2741,NA
2745,NA
2588,NA
2718,NA
2740,NA
2752,NA
2837,NA
2761,NA
2716,NA
2720,NA
2770,NA
2739,NA
2758,NA
2751,NA
2747,NA
2717,NA
2788,NA
2760,NA
2776,NA
2774,NA
2756,NA
2816,NA
2762,NA
2787,NA
2777,NA
2785,NA
2793,NA
2784,NA
2775,NA
2754,NA
2795,NA
2794,NA
2805,NA
2802,NA
2797,NA
2656,NA
2792,NA
2769,NA
2771,NA
2819,NA
2789,NA
2826,NA
2838,NA
2833,NA
2804,NA
2818,NA
2815,NA
2806,NA
2772,NA
2811,NA
2908,NA
2790,NA
2843,NA
2820,NA
2821,NA
2810,NA
2840,NA
2750,NA
2873,NA
2807,NA
2808,NA
2879,NA
2800,NA
2832,NA
2839,NA
2834,NA
2861,NA
2823,NA
2809,NA
2853,NA
2729,NA
2850,NA
2854,NA
2852,NA
2856,NA
2841,NA
2858,NA
2848,NA
2842,NA
2855,NA
2829,NA
2874,NA
2885,NA
2860,NA
2913,NA
2713,NA
2825,NA
2665,NA
2888,NA
2897,NA
2712,NA
2912,NA
2891,NA
2916,NA
2951,NA
2894,NA
2899,NA
2836,NA
2907,NA
2887,NA
2902,NA
2890,NA
2914,NA
2948,NA
2892,NA
2937,NA
2921,NA
2959,NA
2910,NA
2920,NA
2922,NA
2917,NA
2918,NA
2886,NA
2924,NA
3014,NA
2753,NA
2934,NA
2931,NA
2929,NA
2943,NA
2942,NA
2927,NA
2978,NA
2919,NA
2970,NA
2954,NA
2958,NA
2979,NA
2778,NA
2960,NA
2898,NA
2900,NA
2961,NA
2964,NA
3037,NA
3067,77
3068,77
2984,NA
2985,NA
2883,NA
2944,NA
3079,NA
2909,NA
2980,NA
2977,NA
2955,NA
2963,NA
2950,NA
2966,NA
2974,NA
2987,NA
3040,NA
2989,NA
3001,NA
2997,NA
2999,NA
2981,NA
2993,NA
2982,NA
3009,NA
2968,NA
3006,NA
3051,NA
3012,NA
2971,NA
3024,NA
3013,NA
3039,NA
3023,NA
3007,NA
3030,NA
2994,NA
3015,NA
3017,NA
3022,NA
3046,NA
2983,NA
3026,NA
3034,NA
3072,NA
3029,NA
2995,NA
3061,NA
3048,NA
3054,NA
2870,NA
3032,NA
3162,NA
2868,NA
3069,NA
2973,NA
3071,NA
3033,NA
3063,NA
3062,NA
3059,NA
3101,NA
3053,NA
3120,NA
3114,NA
2869,NA
3058,NA
3146,NA
3056,NA
2814,NA
3031,NA
3121,NA
3088,NA
3119,NA
3136,NA
3115,NA
2896,NA
3110,NA
3077,NA
3078,NA
3075,NA
3064,NA
3117,NA
3108,NA
3111,NA
3137,NA
3139,NA
3076,NA
3118,NA
3140,NA
3138,NA
3060,NA
3197,NA
3160,NA
3141,NA
3125,NA
3151,NA
3143,NA
3086,NA
3145,NA
3133,NA
3132,NA
3113,NA
3098,NA
3157,NA
3129,NA
3123,NA
3155,NA
3144,NA
3152,NA
3170,NA
3161,NA
3019,NA
3159,NA
3169,NA
3182,NA
3179,NA
3168,NA
3164,NA
3154,NA
3173,NA
3150,NA
3180,NA
3183,NA
3149,NA
3194,NA
3296,NA
3185,NA
3214,NA
3199,NA
3188,NA
3178,NA
3207,NA
3198,NA
3218,NA
3394,NA
3112,NA
3195,NA
3235,NA
3232,NA
3229,NA
3215,NA
3216,NA
3213,NA
3442,NA
3291,NA
3200,NA
3203,NA
3223,NA
3236,NA
3010,NA
3171,NA
3226,NA
3259,NA
3256,NA
3217,NA
3276,NA
3231,NA
3244,NA
3307,NA
3109,NA
3287,NA
3292,NA
3196,NA
3230,NA
3289,NA
3272,NA
3286,NA
3258,NA
3290,NA
3237,NA
3257,NA
3311,NA
3240,NA
3343,NA
3262,NA
3313,NA
3309,NA
3337,NA
3300,NA
3354,NA
3312,NA
3323,NA
3184,NA
3387,NA
3225,NA
3314,NA
3319,NA
3301,NA
3329,NA
3134,NA
3355,NA
3338,NA
3326,NA
3328,NA
3491,NA
3294,NA
3395,NA
3166,NA
3246,NA
3190,NA
3384,NA
3385,NA
3359,NA
3345,NA
3356,NA
3297,NA
3377,NA
3393,NA
3504,NA
3441,NA
3386,NA
3365,NA
3245,NA
3402,NA
3541,NA
3346,NA
3378,NA
3397,NA
3302,NA
3418,NA
3360,NA
3391,NA
3364,NA
3431,NA
3403,NA
3298,NA
3389,NA
3398,NA
3538,NA
3351,NA
3253,NA
3439,NA
3408,NA
3428,NA
3419,NA
3429,NA
3432,NA
3434,NA
3451,NA
3453,NA
3435,NA
3454,NA
3396,NA
3412,NA
3493,NA
3447,NA
3325,NA
3433,NA
3445,NA
3484,NA
3472,NA
3465,NA
3460,NA
3455,NA
3478,NA
3464,NA
3471,NA
3505,NA
3494,NA
3299,NA
3488,NA
3544,NA
3469,NA
3486,NA
3532,NA
3448,NA
3483,NA
3470,NA
3423,NA
3511,NA
3517,NA
3525,NA
3603,NA
3468,NA
3519,NA
3512,NA
3489,NA
3509,NA
3518,NA
3516,NA
3510,NA
3514,NA
3500,NA
3496,NA
3530,NA
3534,NA
3466,NA
3550,NA
3545,NA
3561,NA
3528,NA
3533,NA
3498,NA
3495,NA
3522,NA
3537,NA
3552,NA
3548,NA
3553,NA
3546,NA
3520,NA
4600,NA
3586,NA
3559,NA
3569,NA
3576,NA
3608,NA
3342,NA
3372,81
3609,NA
3918,81
3591,NA
3593,NA
3536,NA
3592,NA
3584,NA
3607,NA
3601,NA
3611,NA
3706,NA
3594,NA
3677,NA
3605,NA
3636,NA
3639,NA
3653,NA
3543,NA
3668,NA
3598,NA
3602,NA
3632,NA
3661,NA
3551,NA
3616,NA
3604,NA
3635,NA
3596,NA
3663,NA
3630,NA
3674,NA
3860,NA
3715,NA
3401,NA
3700,NA
3694,NA
3684,NA
3697,NA
3920,NA
3696,NA
3701,NA
3704,NA
3779,NA
3656,NA
3702,NA
3708,NA
3719,80
3745,NA
3368,80
3716,NA
3730,NA
3724,NA
3678,NA
3675,NA
3770,NA
3690,NA
3738,NA
3681,NA
3655,NA
3749,NA
3744,80
4455,NA
3728,80
3695,NA
3735,NA
3654,NA
3742,NA
3727,NA
3765,80
3671,NA
4111,NA
3800,NA
3667,NA
3672,NA
3723,NA
3725,NA
3618,NA
3692,NA
3778,NA
3652,NA
3777,NA
3764,NA
3798,NA
3766,NA
3784,NA
3921,NA
3703,NA
3659,NA
3799,NA
3775,NA
3740,NA
3767,NA
3925,NA
3712,NA
3818,NA
3801,NA
3804,NA
3813,NA
3802,NA
3856,NA
3822,NA
3755,NA
3820,NA
3827,NA
3982,NA
3847,NA
3824,NA
3823,NA
3834,NA
3761,NA
3825,NA
3830,NA
3853,NA
3850,NA
3841,NA
3776,NA
3829,NA
3769,NA
3833,NA
3835,NA
3846,NA
3993,NA
4106,NA
3836,NA
3771,NA
3893,NA
3905,NA
3837,NA
3907,NA
3904,NA
3797,NA
3908,NA
3969,NA
3843,NA
3714,NA
3895,NA
3997,NA
3909,NA
4311,NA
3900,NA
3894,NA
3862,NA
3912,NA
3867,NA
3896,NA
3915,NA
3923,NA
3944,NA
3649,NA
3887,NA
3976,NA
3864,NA
3780,NA
3914,NA
3832,NA
3892,NA
3928,NA
3989,NA
4078,NA
4002,NA
4000,NA
4020,NA
4066,NA
4104,NA
4068,NA
3913,NA
4027,NA
3848,NA
4021,NA
3970,NA
3859,NA
3911,NA
4044,NA
4059,NA
3910,NA
4005,NA
3941,NA
4072,NA
4076,NA
4025,NA
4046,NA
4051,NA
4107,NA
4071,NA
3951,NA
4113,NA
4086,NA
4062,NA
4013,NA
4039,NA
4006,NA
4081,NA
4014,NA
4003,NA
4018,NA
4088,NA
3999,NA
4012,NA
4103,NA
4131,NA
4221,NA
4085,NA
4105,NA
3968,NA
4132,NA
4112,NA
4160,NA
4139,NA
3873,NA
4063,NA
4136,NA
4137,NA
4049,NA
4146,NA
4148,NA
4007,NA
4159,NA
4141,NA
4475,NA
4008,NA
4172,NA
4101,NA
4149,NA
4151,NA
4220,NA
4190,NA
4135,NA
4157,NA
4179,NA
3927,NA
4099,NA
4186,NA
3660,NA
4211,NA
4100,NA
4029,NA
4212,NA
4202,NA
4253,NA
4234,NA
4191,NA
4189,NA
4210,NA
4276,82
4296,NA
4143,NA
4256,82
4116,NA
4183,NA
4584,NA
4267,84
4239,NA
4241,NA
4270,NA
4079,NA
4269,NA
4396,NA
4334,84
4266,NA
4284,NA
4242,NA
4263,NA
4278,NA
4271,NA
4153,NA
4273,NA
4331,NA
4268,NA
4301,NA
4305,NA
3930,NA
4320,NA
4274,NA
4249,NA
4335,84
4201,NA
4265,84
4198,NA
4281,NA
4295,NA
4341,NA
4275,NA
4340,NA
4344,NA
4177,NA
3978,NA
4193,NA
4117,NA
4154,NA
4348,NA
4233,NA
4285,NA
4361,NA
4330,NA
4451,NA
4350,NA
4353,NA
4328,NA
4379,NA
4384,NA
4345,NA
4375,NA
4362,NA
4386,NA
4354,NA
4493,NA
4377,NA
4390,NA
4360,NA
4389,NA
4394,NA
4170,NA
4398,NA
4423,NA
4332,NA
4408,NA
4254,NA
4426,NA
4407,NA
4453,NA
4454,NA
4585,NA
4461,NA
4425,NA
4450,NA
4481,NA
4440,NA
4462,NA
4393,NA
4467,NA
4364,NA
4471,NA
4492,NA
4290,NA
4415,NA
4504,NA
4470,NA
4473,NA
4476,NA
4387,NA
4527,NA
4687,NA
4505,NA
4526,NA
4490,NA
4576,NA
4457,NA
4499,NA
4503,NA
4536,NA
4588,NA
4491,NA
4484,NA
4507,NA
4677,NA
4486,NA
4487,NA
4574,NA
4501,NA
4660,NA
4535,NA
4546,NA
4559,NA
4582,NA
4626,NA
4533,NA
4479,NA
4603,87
4502,87
4497,NA
4534,NA
4609,NA
4681,NA
4578,NA
4613,NA
4583,NA
4586,NA
4579,NA
4630,NA
4580,NA
4474,NA
4624,86
4587,NA
4605,NA
4674,NA
4594,NA
4604,NA
4601,NA
4607,NA
4602,NA
4610,NA
4635,NA
4611,NA
4636,86
4641,NA
4651,NA
4664,NA
4702,NA
4648,NA
4729,NA
4683,NA
4531,NA
4595,NA
4696,NA
4668,NA
4703,NA
4692,NA
4720,NA
4251,NA
4693,NA
4620,NA
4575,NA
4695,NA
4740,NA
4783,NA
4667,NA
4701,NA
4733,NA
4554,NA
4698,NA
4616,NA
4752,NA
4343,89
4690,NA
4736,NA
4768,NA
4746,NA
4744,NA
4811,NA
4748,NA
4853,NA
4742,NA
4749,NA
4914,NA
4739,NA
4722,NA
4773,NA
4741,NA
4691,NA
4799,NA
4787,NA
4865,NA
4732,NA
4899,NA
4786,NA
4788,NA
4999,NA
4699,NA
4789,NA
4790,NA
4352,89
4589,NA
4785,NA
4726,NA
4753,NA
4862,NA
4795,NA
4859,NA
4818,NA
4774,NA
4851,NA
4827,NA
4766,NA
4738,NA
4810,NA
4826,NA
4718,NA
4840,NA
4845,NA
4800,NA
4803,NA
4894,NA
4804,NA
4805,NA
4745,NA
4854,NA
4792,NA
4847,NA
4884,NA
4879,NA
4877,NA
4889,NA
4888,NA
4949,NA
4906,NA
4907,NA
4905,NA
4921,NA
4928,NA
4932,NA
4939,NA
4950,NA
4926,NA
4820,NA
4940,NA
4941,NA
4929,NA
4944,NA
4688,NA
5078,NA
4963,NA
4913,NA
4959,NA
4777,NA
4952,NA
5279,NA
4960,NA
4948,NA
4896,NA
4937,NA
4947,NA
4873,NA
4882,NA
4885,NA
4965,NA
4977,NA
4982,NA
4997,NA
4923,NA
4998,NA
5002,NA
4954,NA
5009,NA
4874,NA
4969,NA
4523,NA
4973,NA
5028,NA
5127,NA
4919,NA
5020,NA
5139,NA
5055,NA
5025,NA
5013,NA
5062,NA
5016,NA
4967,NA
5004,NA
5086,NA
5079,NA
5011,NA
5070,NA
5066,NA
5074,NA
5043,NA
5138,NA
5056,NA
5094,NA
5015,NA
5031,NA
5081,NA
5033,NA
5071,NA
5165,NA
5213,NA
5095,NA
5191,NA
5518,NA
4989,NA
5142,NA
5148,NA
5163,NA
5054,NA
5093,NA
5098,NA
5097,NA
5082,NA
5173,NA
5182,NA
5172,NA
5105,NA
5183,NA
5171,NA
5069,NA
5101,NA
5188,NA
5364,NA
5190,NA
5247,NA
5207,NA
5480,NA
5292,NA
5216,NA
5240,NA
5252,NA
5243,NA
5251,NA
5187,NA
5344,NA
5272,NA
5221,NA
5370,NA
5096,NA
5248,NA
5509,NA
5280,NA
5217,NA
5275,NA
5204,NA
5287,NA
5286,NA
5238,NA
5219,NA
5116,NA
5352,NA
5368,NA
5316,NA
5312,NA
5304,NA
5276,NA
5289,NA
5249,NA
5197,NA
5285,NA
5294,NA
5347,NA
5449,NA
5255,NA
5253,NA
5302,NA
5402,NA
5366,NA
5313,NA
5372,NA
5278,NA
5309,NA
5177,NA
5264,NA
5349,NA
5444,NA
5210,NA
5410,NA
5282,NA
5403,NA
5481,NA
5322,NA
5409,NA
5052,NA
5388,NA
5374,NA
5450,NA
5407,NA
5426,NA
5436,NA
5441,NA
5377,NA
5451,NA
5461,NA
5478,NA
5544,NA
5406,NA
5430,NA
5419,NA
5467,NA
5778,NA
5363,NA
5464,NA
5471,NA
5376,NA
5681,NA
5457,NA
5533,NA
5526,NA
5357,NA
5498,NA
5566,NA
5513,NA
5465,NA
5522,NA
5293,NA
5463,NA
5563,NA
5543,NA
5514,NA
5546,NA
5541,NA
5660,NA
5531,NA
5532,NA
5557,NA
5371,NA
5551,NA
5588,NA
5542,NA
5525,NA
5573,NA
5550,NA
5605,NA
5596,NA
5598,NA
5607,NA
5530,NA
5600,NA
5590,NA
5621,NA
5594,NA
5610,NA
5653,NA
5534,NA
5626,NA
5603,NA
5604,NA
5579,NA
5606,NA
5613,NA
5648,NA
5615,NA
5620,NA
5659,NA
5580,NA
5860,NA
5583,NA
5644,NA
5684,NA
5649,NA
5727,NA
5683,NA
5675,NA
5732,NA
5673,NA
5672,NA
5687,NA
5704,NA
5700,NA
5759,NA
5709,NA
5711,NA
5715,NA
5894,NA
5721,NA
5701,NA
5730,NA
5703,NA
5647,NA
5753,NA
5794,NA
5760,NA
5694,NA
5843,NA
5735,NA
5805,NA
5807,NA
5761,NA
5756,NA
5848,NA
5831,NA
5838,NA
5845,NA
5920,NA
5809,NA
5806,94
6000,NA
5844,NA
5722,97
5878,NA
5933,NA
5993,97
5899,NA
5865,NA
5919,NA
5862,NA
5996,NA
5900,NA
5927,NA
5876,NA
5958,NA
5885,NA
5901,NA
5950,NA
5867,NA
5903,NA
5955,NA
5752,NA
5748,NA
5976,NA
5841,NA
5968,NA
5956,NA
5991,NA
6213,NA
5940,NA
5832,94
5915,NA
5897,NA
5916,NA
6828,NA
5975,NA
5980,NA
6075,NA
5937,NA
5992,NA
5886,NA
6035,NA
6147,NA
6155,NA
5891,NA
5835,NA
6052,NA
6142,NA
6151,NA
6107,NA
6077,NA
6229,NA
6129,NA
5858,NA
5802,NA
6055,NA
6059,NA
5907,NA
6040,NA
6034,NA
5768,NA
6030,NA
6053,NA
6039,NA
6050,NA
5904,NA
6058,NA
6070,NA
5947,NA
5998,NA
5909,NA
6125,NA
6303,NA
6132,NA
6176,NA
6042,NA
6413,NA
6149,NA
5932,NA
6082,NA
6240,NA
5911,NA
5808,NA
6158,NA
6157,NA
5966,NA
6181,NA
6087,NA
6183,NA
6166,NA
6227,NA
6233,95
6235,95
6012,NA
6093,NA
6228,NA
6057,97
6245,NA
6186,NA
5994,NA
6137,NA
6148,NA
6187,NA
6189,NA
6165,NA
6156,NA
6243,NA
6251,NA
6194,NA
6252,NA
6331,NA
6150,NA
6279,NA
6266,NA
6329,NA
6219,NA
6241,NA
6289,NA
6238,NA
6298,NA
6299,NA
6221,NA
6248,NA
6263,NA
6253,NA
6196,NA
6242,NA
6255,NA
6104,NA
6301,NA
6333,NA
6285,NA
6230,NA
6141,NA
6223,NA
6305,NA
6009,NA
6390,NA
6317,NA
6307,NA
6269,NA
6316,NA
6320,NA
6287,NA
6202,NA
6341,NA
6373,NA
6339,NA
6324,NA
6367,NA
6304,NA
6262,NA
6372,NA
6347,NA
6361,NA
6462,NA
6264,NA
6290,NA
6421,NA
6297,NA
6296,NA
6300,NA
6395,NA
6274,NA
6564,NA
6391,NA
6465,NA
6402,NA
6412,NA
6418,NA
6429,NA
6460,NA
6358,NA
6415,NA
6468,NA
6393,NA
6447,NA
6464,NA
6410,NA
6533,NA
6466,NA
6470,NA
6407,NA
6441,NA
6416,NA
6321,NA
6469,NA
6356,NA
6488,NA
6540,NA
6343,NA
6482,NA
6294,NA
6444,NA
6357,NA
6539,NA
6526,NA
6527,NA
6310,NA
6572,NA
6549,NA
6474,NA
6523,NA
6552,NA
6541,NA
6542,NA
6473,NA
6525,NA
6544,NA
6543,NA
6538,NA
6530,NA
6342,NA
6529,NA
6521,NA
6537,NA
6536,NA
6463,NA
6394,NA
6433,NA
6576,NA
6609,NA
6605,NA
6551,NA
6535,NA
6459,NA
6619,NA
6453,NA
6547,NA
6616,NA
6554,NA
6566,NA
6604,NA
6591,NA
6753,NA
6700,NA
6599,NA
6608,NA
6574,NA
6623,NA
6626,NA
6575,NA
6629,NA
6618,NA
6670,99
6550,NA
6642,NA
6680,NA
6632,99
6607,NA
6624,NA
6558,NA
6674,NA
6678,NA
6677,NA
6603,NA
6699,NA
6696,NA
6628,NA
6693,NA
6614,NA
6773,NA
6741,NA
6692,NA
6581,NA
6675,NA
7348,NA
6762,NA
6452,NA
6676,NA
6643,NA
6532,NA
6704,NA
6724,NA
6659,NA
6717,NA
6667,NA
6733,NA
6809,NA
6601,NA
6688,NA
6502,NA
6820,NA
6816,NA
6817,NA
6822,NA
6847,NA
6813,NA
6875,NA
6569,NA
6815,NA
6737,NA
6386,NA
6833,NA
6807,NA
6811,NA
6836,NA
6896,NA
6825,NA
6808,NA
6851,NA
6850,NA
6862,NA
6639,NA
6846,NA
6954,NA
6842,NA
6845,NA
6831,NA
6844,NA
6898,NA
6683,NA
6477,NA
6771,NA
6783,NA
6936,NA
6892,NA
6946,NA
6891,NA
6790,NA
6853,NA
6561,NA
6879,NA
6798,NA
6666,NA
6698,NA
6772,NA
6939,NA
6908,NA
6827,NA
6777,NA
6915,NA
6957,NA
6911,NA
6964,NA
6734,NA
7054,NA
6992,NA
6860,NA
7058,NA
6868,NA
7091,NA
6950,NA
6901,NA
6986,NA
6843,NA
6952,NA
6996,NA
7082,NA
6890,NA
6902,NA
6978,NA
6944,NA
7255,NA
6981,NA
6640,NA
7047,NA
7066,101
6959,103
7089,NA
7067,NA
7051,102
6962,NA
7084,101
7052,NA
7087,NA
7065,104
7086,NA
7029,NA
6938,NA
7085,NA
7043,102
7078,NA
6997,103
7071,NA
6871,NA
6960,NA
6769,NA
6966,NA
7061,104
7070,NA
6998,104
6894,NA
6912,NA
7088,NA
6988,NA
6941,NA
7168,NA
7151,NA
7073,NA
7075,NA
7108,NA
7208,NA
7095,NA
7116,NA
6961,NA
7117,NA
7101,NA
7227,NA
7213,NA
7528,NA
7668,NA
7099,NA
7665,NA
7100,NA
7111,NA
7266,NA
7663,NA
7284,NA
7049,NA
7265,NA
7295,NA
7243,NA
7247,NA
7250,NA
7187,NA
7241,NA
7292,NA
7106,NA
6914,NA
7098,NA
7193,NA
7229,NA
7163,NA
7220,NA
7293,NA
7146,NA
7305,NA
7351,NA
7271,NA
7281,NA
7317,NA
7231,NA
7290,NA
7316,NA
7291,NA
7325,NA
7405,NA
7280,NA
7297,NA
7407,NA
7006,NA
7252,NA
7368,NA
7107,NA
7463,NA
7313,NA
7283,NA
7404,NA
7350,NA
7197,NA
7239,NA
7402,NA
7357,NA
7461,NA
7538,NA
7183,NA
7536,NA
7518,NA
7308,NA
7535,NA
7311,NA
7259,NA
7579,NA
7508,NA
7493,NA
7355,NA
7595,NA
7310,NA
7540,NA
7534,NA
7215,NA
7202,NA
7587,NA
7267,NA
7613,NA
7465,NA
7511,NA
7558,NA
7326,NA
6887,NA
7975,NA
7917,NA
7435,NA
7432,NA
7385,NA
7491,NA
7133,NA
7387,NA
7970,NA
7495,NA
7382,NA
7181,NA
7384,NA
8116,NA
7727,NA
7176,NA
7397,NA
7434,NA
7594,NA
7416,NA
7129,NA
7660,NA
7618,NA
7672,NA
7716,NA
7262,NA
7261,NA
7218,NA
7456,NA
7570,NA
7458,NA
7490,NA
7628,NA
7343,NA
7299,NA
7627,NA
7904,NA
7263,NA
7673,NA
7621,NA
7598,NA
7650,NA
7264,NA
7275,NA
7622,NA
7695,NA
7563,NA
7740,NA
7332,NA
7837,NA
7753,NA
7496,NA
7643,NA
7611,NA
7674,NA
7864,NA
7647,NA
7573,NA
7601,NA
7772,NA
7396,NA
7849,NA
8063,NA
7774,NA
7737,NA
7452,NA
7858,NA
7652,NA
7741,NA
7773,NA
7840,NA
7775,NA
7468,NA
7661,NA
7795,NA
7779,NA
7766,NA
7807,NA
7783,NA
7802,NA
7781,NA
7640,NA
7803,NA
7805,NA
7810,NA
7784,NA
7804,NA
7499,NA
7814,NA
7697,NA
7656,NA
7541,NA
7441,NA
7426,NA
7857,NA
7606,NA
7545,NA
7572,NA
7815,NA
7869,NA
7938,NA
7502,NA
7542,NA
7489,NA
7745,NA
7556,NA
7430,NA
7657,NA
7939,NA
8346,NA
7751,NA
7274,NA
7662,NA
7913,NA
7929,NA
7987,NA
7619,NA
7847,NA
7927,NA
7860,NA
7679,NA
7575,NA
7838,NA
8059,NA
8068,NA
7694,NA
7585,NA
7956,NA
7966,NA
7969,NA
7722,NA
7870,NA
7935,NA
7706,NA
7845,NA
7813,NA
7876,NA
7780,NA
7682,NA
7820,105
7934,NA
7976,NA
7999,NA
7978,NA
7932,NA
7989,NA
8051,NA
7894,NA
8061,NA
8015,NA
7712,NA
8166,NA
7757,NA
8001,105
8006,NA
7930,NA
8056,NA
8057,NA
7331,NA
7762,NA
7875,NA
8062,NA
7951,NA
8148,NA
7996,NA
8049,NA
8111,NA
7755,NA
7984,NA
8085,NA
8022,NA
8081,NA
7817,NA
8107,NA
7670,NA
8064,NA
8083,NA
8087,NA
7985,NA
8009,NA
7912,NA
8050,NA
8162,NA
8096,NA
7972,NA
8216,NA
8211,NA
8167,NA
7832,NA
8219,NA
7808,NA
8055,NA
7828,NA
8153,NA
7365,NA
8074,NA
8218,NA
8149,NA
8205,NA
8011,NA
8330,NA
8132,NA
8278,NA
8210,NA
8212,NA
8213,NA
8268,NA
8258,NA
8127,NA
8224,NA
8110,NA
8280,NA
8003,NA
8092,NA
8245,NA
8261,NA
8265,NA
8247,NA
8281,NA
8613,NA
8104,NA
8282,NA
8200,NA
7977,NA
8305,NA
8229,NA
8549,NA
8332,NA
8005,NA
8099,NA
8304,NA
8379,NA
8342,NA
8155,NA
8233,NA
8616,NA
8392,NA
7942,NA
8194,NA
8356,NA
8164,NA
8403,NA
8461,NA
8260,NA
8376,NA
8407,NA
8408,NA
8430,NA
8409,NA
8161,NA
8866,NA
8102,NA
8262,NA
7890,NA
7940,NA
8325,NA
8617,NA
8451,NA
8459,NA
8264,NA
8448,NA
8449,NA
8163,NA
8401,NA
7555,NA
8185,NA
8485,NA
8515,NA
8366,NA
8504,NA
8287,NA
8579,NA
8454,108
8453,108
8336,NA
8458,108
8433,NA
8315,NA
8464,NA
8169,NA
8936,NA
8486,NA
8339,NA
8521,NA
8307,NA
8518,NA
8490,NA
8517,NA
8942,NA
8510,NA
8513,110
8277,NA
8308,NA
8524,110
8516,NA
8473,NA
8494,NA
8172,NA
8293,NA
8395,NA
8271,NA
8256,NA
8202,NA
8319,NA
8380,NA
8470,NA
8322,NA
8257,NA
8301,NA
8432,NA
8147,NA
8450,NA
8445,NA
8588,NA
8250,NA
8547,NA
8582,NA
8197,NA
8618,NA
8557,NA
8623,NA
8581,NA
8562,NA
8242,NA
8215,NA
8933,NA
8568,NA
8706,NA
8876,NA
8645,NA
8620,NA
8626,NA
8638,NA
8651,NA
9079,NA
8627,NA
8400,NA
8697,111
8699,111
8679,NA
8631,NA
8425,NA
8715,NA
8692,NA
8309,NA
8693,NA
8752,NA
8710,NA
8587,NA
8730,112
8827,NA
8695,NA
8657,NA
8671,NA
8762,112
8405,NA
8766,112
8765,NA
8801,NA
8796,NA
8666,NA
8717,NA
8431,NA
8760,NA
8499,NA
8775,NA
8790,NA
8754,NA
8718,NA
8416,NA
8785,NA
8767,NA
8661,NA
8915,NA
8787,113
8800,NA
9055,NA
8776,NA
8838,NA
8789,113
8786,NA
8585,NA
8804,NA
8682,NA
8792,NA
8538,NA
8698,NA
8798,NA
7980,NA
8761,NA
8577,NA
8714,NA
8821,NA
8829,NA
8440,NA
8797,NA
8744,NA
8545,NA
8872,NA
8818,NA
8599,NA
8880,114
8442,NA
8875,NA
8918,NA
8438,114
9056,NA
8882,NA
8601,NA
8917,NA
8737,NA
8913,NA
8948,NA
8921,NA
9061,NA
8958,NA
8905,NA
8878,NA
8725,NA
8895,NA
8244,NA
8985,NA
8983,NA
9788,NA
8738,NA
9014,NA
8877,NA
9793,NA
8406,NA
9511,NA
8812,NA
8597,NA
8893,NA
8788,NA
8578,NA
8826,NA
8860,NA
9053,NA
8772,NA
8846,NA
8727,NA
8595,NA
8825,NA
8854,NA
8857,NA
9136,NA
9151,NA
9185,NA
8742,NA
8811,NA
8700,NA
8831,NA
8822,NA
9182,NA
9467,NA
9181,NA
9184,NA
8873,NA
9491,NA
9806,NA
8881,NA
9319,NA
9023,NA
8951,NA
9091,NA
9043,NA
9484,NA
9193,NA
9122,NA
9255,NA
9017,NA
9187,NA
9057,NA
8887,NA
9349,NA
8923,NA
8982,NA
9103,NA
9358,NA
9062,NA
9131,NA
9760,NA
10464,NA
9045,NA
9393,NA
8904,NA
9026,NA
9840,NA
9650,NA
9052,NA
9273,NA
9146,NA
9292,NA
9287,NA
9050,NA
9138,NA
9107,NA
9317,NA
9148,NA
9573,NA
9157,NA
9471,NA
9579,NA
9325,NA
9673,NA
9701,NA
9457,NA
9578,NA
9653,NA
9527,NA
9398,NA
9174,NA
9660,NA
9284,NA
9495,NA
9152,NA
9144,121
9771,NA
9161,NA
9295,NA
9657,NA
9735,NA
9743,NA
9365,NA
9707,NA
9678,NA
9718,NA
9736,NA
9250,NA
9267,NA
9230,NA
9390,NA
9748,NA
9649,NA
9453,NA
9168,NA
9658,NA
9377,NA
9724,NA
9755,NA
9780,NA
9762,NA
9534,NA
9275,NA
9716,NA
9661,NA
9787,NA
9651,NA
9406,117
9274,NA
9777,NA
9783,NA
9877,NA
9340,NA
9717,NA
9279,115
9580,NA
9745,NA
9797,NA
9261,115
9750,NA
9768,NA
9876,NA
9644,NA
9505,NA
9852,NA
9330,NA
9838,NA
9805,NA
8696,NA
9796,NA
9547,116
9374,124
9722,NA
9642,NA
10094,NA
9846,NA
9360,NA
9918,NA
9817,NA
9648,NA
10182,NA
9882,NA
9435,NA
9447,NA
9875,NA
9885,NA
10017,NA
9429,NA
9892,NA
9548,NA
9645,NA
10097,NA
9654,NA
9969,NA
9431,NA
9781,NA
9860,NA
10093,NA
9546,NA
9328,NA
9849,NA
9903,NA
9820,NA
9283,NA
10065,NA
9911,NA
9699,NA
9615,NA
9893,NA
10174,NA
9725,NA
9656,NA
9730,NA
9975,NA
9753,116
9282,118
9751,123
9702,NA
9798,118
9916,NA
9842,NA
9738,NA
9813,NA
10008,NA
10051,NA
9931,117
9995,NA
9013,119
9831,119
10122,NA
10034,NA
9915,NA
10011,NA
10088,NA
9974,124
9896,NA
10013,NA
10052,NA
10089,NA
10061,NA
10086,NA
9968,NA
10104,NA
10083,NA
9889,NA
9982,NA
10286,NA
9981,NA
9900,NA
9990,NA
8979,NA
10242,NA
10054,NA
9964,NA
10090,NA
10039,NA
9902,NA
10173,NA
10233,NA
10164,NA
10192,NA
9853,NA
10222,NA
10165,NA
10261,120
10171,NA
10193,121
9881,NA
10184,NA
10497,123
10055,NA
10255,NA
10189,NA
10204,NA
10210,NA
10478,NA
9901,NA
10360,NA
10252,NA
10166,NA
10281,NA
9858,121
10299,NA
10479,NA
10226,120
10235,NA
10343,NA
10119,NA
10288,NA
10092,NA
10155,NA
10232,NA
10075,NA
10225,NA
10267,120
10263,NA
9996,NA
10262,120
10310,NA
10434,NA
10238,NA
10349,NA
10218,NA
10463,NA
10367,NA
9807,NA
10477,NA
10378,NA
10569,NA
10303,NA
10361,NA
10300,NA
10509,124
10357,NA
10117,NA
10559,NA
10331,NA
10311,NA
10326,NA
10293,NA
10417,126
10334,NA
10268,NA
10560,NA
10389,NA
10666,NA
10317,NA
10318,NA
10556,NA
10398,NA
10329,NA
10383,NA
10538,NA
10377,NA
10418,NA
10385,NA
10277,NA
10308,NA
10441,NA
10382,NA
10407,NA
10443,NA
10159,NA
10449,NA
10393,NA
10379,NA
10392,NA
10540,NA
10196,NA
10217,NA
10209,NA
10347,NA
10508,NA
10439,NA
10448,NA
10457,NA
10488,NA
10475,NA
10422,NA
10474,NA
10424,NA
10469,NA
10237,NA
10352,NA
10512,NA
10425,NA
10503,NA
10460,NA
10521,NA
10667,NA
10525,NA
10511,NA
10604,NA
10507,NA
10502,NA
10498,NA
10504,NA
10581,NA
10495,NA
10583,NA
10513,NA
10571,NA
10531,NA
10568,NA
10612,NA
10482,126
10510,124
10125,NA
10518,NA
10544,NA
10592,NA
10195,NA
10553,NA
10541,NA
10586,NA
10590,NA
10597,NA
10550,NA
10514,NA
10664,NA
10359,NA
10615,NA
10608,NA
10929,NA
10982,NA
10641,NA
10642,NA
10798,NA
10663,NA
10661,NA
10659,NA
10676,NA
10640,NA
10648,NA
10665,NA
10649,NA
10645,NA
10849,NA
10706,NA
10669,NA
10686,NA
10685,NA
10634,NA
10643,NA
10710,NA
10718,NA
10715,NA
10725,NA
10712,NA
10705,NA
10707,NA
10721,NA
10995,NA
10674,NA
10630,NA
10739,NA
10733,NA
10742,NA
10735,NA
10726,NA
10749,NA
10740,NA
10729,NA
10847,NA
10801,NA
10763,NA
10778,NA
10843,NA
10773,NA
10829,124
10809,NA
10780,NA
10728,NA
10868,NA
10774,NA
10834,NA
10885,NA
10805,NA
10789,NA
10827,128
10815,NA
10803,NA
10607,NA
10817,NA
10819,NA
10807,NA
10933,NA
10825,NA
10808,128
10942,NA
10863,129
10859,129
10840,NA
10842,NA
10884,NA
10797,NA
10918,NA
10903,NA
10907,NA
10940,NA
10890,NA
10938,NA
10913,NA
10925,NA
10905,NA
10957,NA
10979,NA
10954,NA
10914,NA
10930,NA
10998,NA
10946,NA
11048,NA
10955,NA
10941,NA
10971,NA
11027,NA
10978,NA
10943,NA
10996,NA
10972,NA
10999,NA
11034,NA
11006,NA
11011,NA
11029,NA
11120,NA
11076,NA
11039,130
11042,130
11077,NA
11045,NA
11051,NA
11050,130
11052,130
11056,NA
11068,NA
10988,NA
11049,NA
11008,NA
11071,NA
11097,NA
11057,NA
11078,NA
11085,NA
11101,NA
11074,NA
11102,NA
11106,NA
11066,NA
11094,NA
11100,NA
11212,NA
11104,NA
11121,NA
11125,NA
11134,NA
11117,NA
11098,NA
11144,NA
11128,NA
11129,NA
11130,NA
11138,NA
11133,131
11132,NA
11137,131
11139,131
11073,NA
11072,NA
11152,NA
11143,133
11147,133
11141,NA
11155,NA
11156,NA
11086,NA
11175,NA
11167,NA
11177,NA
11165,NA
11161,NA
11163,NA
11160,NA
11162,NA
11172,NA
11171,NA
11176,NA
11186,NA
11181,NA
11185,NA
11182,NA
11213,NA
11184,NA
11195,NA
11211,NA
11193,NA
11196,NA
11198,NA
11202,NA
11214,NA
11119,NA
11201,NA
11208,NA
11210,NA
11217,NA
11222,NA
11227,NA
11233,NA
11230,NA
11219,NA
11236,NA
11237,NA
11313,NA
11241,NA
11240,NA
11234,NA
11246,NA
11293,NA
11255,NA
11254,NA
11257,NA
11259,NA
11273,NA
11266,NA
11324,NA
11263,NA
11264,NA
11265,NA
11267,NA
11268,NA
11258,NA
11260,NA
11280,NA
11282,NA
11279,NA
11284,NA
11286,NA
11295,NA
11296,NA
11303,NA
11294,NA
11297,NA
11304,134
11311,NA
11301,134
11306,NA
11308,NA
11337,NA
11340,NA
11326,NA
11317,NA
11322,135
11320,135
11323,135
11318,NA
11325,NA
11336,NA
11339,NA
11329,NA
11347,NA
11333,NA
11331,NA
11328,NA
11334,NA
11277,NA
11335,NA
11332,NA
11349,NA
11327,NA
11352,136
11354,136
11359,NA
11361,NA
11358,NA
11362,NA
11360,NA
11371,NA
11398,NA
11370,NA
11376,NA
11366,NA
11379,NA
11369,NA
11476,NA
11368,NA
11381,NA
11391,NA
11386,NA
11372,NA
11395,137
11396,137
11394,NA
11392,137
11363,NA
11375,NA
11445,NA
11401,NA
11400,NA
11409,NA
11408,NA
11403,NA
11407,NA
11414,NA
11413,NA
11415,NA
11417,NA
11423,NA
11418,NA
11421,NA
11491,NA
11426,NA
11428,138
11427,138
11425,NA
11451,NA
11432,NA
11436,NA
11437,NA
11440,NA
11442,NA
11447,NA
11439,NA
11465,NA
11473,NA
11461,NA
11446,NA
11452,NA
11458,NA
11456,NA
11454,NA
11459,NA
11485,NA
11457,NA
11433,NA
11460,NA
11463,NA
11484,NA
11480,NA
11467,NA
11470,NA
11481,NA
11488,NA
11487,NA
11490,139
11479,NA
11494,139
11472,NA
11504,NA
11503,NA
11516,NA
11505,NA
11506,NA
11507,NA
11509,NA
11499,NA
11462,NA
11522,NA
11492,NA
11474,NA
11511,140
11515,140
11519,NA
11471,NA
11518,NA
11540,NA
11544,NA
11530,NA
11531,141
11539,NA
11532,NA
11536,NA
11533,NA
11534,141
11537,141
11593,141
11501,NA
11547,NA
11510,NA
11542,NA
11554,NA
11514,NA
11564,NA
11553,NA
11566,NA
11569,NA
11513,NA
11538,NA
11565,NA
11574,NA
11572,NA
11561,NA
11578,NA
11585,143
11587,NA
11579,NA
11594,NA
11588,NA
11589,144
11590,144
11577,NA
11496,143
11592,NA
11576,NA
11611,NA
11612,NA
11584,NA
11596,NA
11614,NA
11610,NA
11603,NA
11606,NA
11607,NA
11608,NA
11609,NA
11597,NA
11624,NA
11571,NA
11599,NA
11620,NA
11613,NA
11595,NA
11627,NA
11617,NA
11618,NA
11633,NA
11630,NA
11623,NA
11644,NA
11629,NA
11625,NA
11639,NA
11640,NA
11604,NA
11637,NA
11653,NA
11678,NA
11635,NA
11647,NA
11648,NA
11634,NA
11657,NA
11651,NA
11645,NA
11638,NA
11656,NA
11661,NA
11652,NA
11650,NA
11664,NA
11668,NA
11646,NA
11670,NA
11676,145
11567,154
11673,145
11669,NA
11688,NA
11693,NA
11684,NA
11680,NA
11675,NA
11692,NA
11694,NA
11677,NA
11702,NA
11690,NA
11701,NA
11813,146
11683,NA
11742,NA
11667,NA
11713,NA
11699,NA
11704,NA
11655,NA
11718,NA
11709,NA
11730,NA
11720,NA
11700,NA
11696,146
11721,NA
11714,NA
11712,NA
11725,NA
11686,150
11756,NA
11711,154
11710,147
11739,NA
11733,NA
11745,148
11743,NA
11728,NA
11752,NA
11894,NA
11778,NA
11705,NA
11672,NA
11753,NA
11755,NA
11732,148
11763,NA
11761,NA
11765,NA
11766,NA
11775,NA
11708,149
11786,NA
11726,150
11774,NA
11740,NA
11773,152
11886,NA
11800,NA
11939,151
11767,NA
11687,152
11737,NA
11791,NA
11787,NA
11799,NA
11792,NA
11762,NA
11790,NA
11793,NA
11815,NA
11873,NA
11785,NA
11788,NA
11777,NA
11801,NA
11804,152
11805,NA
11806,152
11803,NA
11814,NA
11807,NA
11838,NA
11812,NA
11819,NA
11794,NA
11741,157
11820,NA
11828,156
11823,NA
11821,NA
11837,NA
11827,157
11824,NA
11842,NA
11829,NA
11854,NA
11855,NA
11860,NA
11832,NA
11776,NA
11851,NA
11715,159
11830,NA
11831,156
11846,NA
11822,NA
11867,NA
11869,NA
11839,NA
11850,NA
11844,159
11840,156
11848,159
11843,NA
11853,NA
11885,NA
11862,156
11849,NA
11877,NA
11863,NA
11859,163
11836,NA
11900,NA
11920,NA
11872,154
11864,NA
11870,NA
11919,NA
11876,NA
11882,NA
11888,154
11889,163
11861,NA
11945,NA
11918,NA
11895,NA
11875,NA
11913,NA
11898,NA
11834,NA
11896,NA
12029,154
11965,NA
11983,164
12025,154
12028,NA
11912,NA
11911,NA
11921,NA
11909,166
11925,NA
11933,NA
11926,165
11928,165
11934,NA
11916,NA
11931,NA
11935,NA
11929,165
11922,NA
11938,NA
11951,NA
11998,166
11976,NA
11968,NA
11881,164
11923,NA
11954,NA
12023,NA
11961,NA
11936,NA
11952,NA
11943,NA
12005,NA
11940,NA
11978,NA
11887,NA
11958,NA
12081,NA
11956,NA
11979,NA
11992,NA
11955,NA
11944,NA
11973,NA
12021,NA
11962,NA
11996,NA
11966,NA
11969,167
11967,167
11964,NA
11960,NA
11947,NA
11975,NA
11953,NA
11972,NA
11988,168
12012,NA
11994,NA
12099,NA
11984,NA
12013,NA
12024,NA
11987,168
12010,NA
12035,NA
12033,NA
12006,NA
12046,NA
11982,NA
11879,NA
12073,169
12011,NA
12039,169
12026,NA
12000,NA
12027,NA
12014,171
12009,NA
12019,171
12017,171
12015,NA
12016,NA
12007,NA
12020,NA
12030,NA
12031,NA
12036,NA
12040,NA
11985,NA
12042,NA
12049,NA
12051,NA
12050,NA
12037,NA
12055,NA
12057,NA
12045,NA
12054,NA
12063,NA
12062,NA
12069,NA
12065,NA
12058,NA
12093,NA
12108,172
12044,NA
12053,172
12061,NA
12052,NA
12003,NA
12092,NA
12064,173
12102,173
12090,NA
12085,NA
12086,NA
12087,NA
12105,NA
12091,NA
12095,NA
12096,NA
12112,NA
11989,NA
12088,NA
12122,NA
12103,NA
12104,NA
12101,NA
12151,NA
12118,NA
12115,NA
12116,NA
12113,NA
12089,NA
12192,NA
12121,175
12123,175
12124,175
12152,NA
12130,NA
12196,NA
12128,NA
12153,NA
12106,NA
12195,NA
12149,NA
12144,NA
12145,NA
12146,NA
12137,NA
12170,NA
12162,NA
12174,NA
12194,NA
12168,NA
12160,NA
12193,NA
12158,NA
12161,NA
12157,NA
12172,NA
12233,NA
12155,NA
12166,NA
12165,NA
12143,NA
12117,NA
12183,NA
12167,NA
12237,181
12344,181
12186,179
12185,179
12177,NA
12187,NA
12241,NA
12191,179
12200,NA
12333,NA
12198,NA
12181,NA
12205,NA
12207,NA
12222,NA
12208,NA
12210,NA
12211,NA
12217,NA
12184,NA
12156,NA
12219,NA
12225,NA
12224,NA
12223,NA
12226,NA
12343,181
12256,NA
12234,NA
12227,NA
12231,NA
12236,NA
12216,NA
12249,NA
12275,NA
12248,NA
12254,182
12265,NA
12244,NA
12336,182
12253,NA
12252,NA
12257,183
12271,NA
12327,183
12266,NA
12286,NA
12261,NA
12272,NA
12288,NA
12270,NA
12276,NA
12274,NA
12278,NA
12273,NA
12280,NA
12279,NA
12314,NA
12298,NA
12297,NA
12295,184
12293,NA
12290,NA
12433,NA
12289,184
12303,NA
12341,NA
12300,NA
12302,184
12264,NA
12347,NA
12305,NA
12345,NA
12307,NA
12296,NA
12268,NA
12306,NA
12320,NA
12299,NA
12319,NA
12330,NA
12328,NA
12359,NA
12342,NA
12364,187
12338,NA
12332,NA
12403,NA
12318,186
12321,186
12363,NA
12360,NA
12367,NA
12362,NA
12366,187
12382,NA
12380,NA
12376,NA
12390,NA
12369,NA
12379,NA
12371,NA
12375,NA
12377,NA
12308,NA
12383,NA
12331,NA
12397,NA
12381,NA
12393,NA
12395,NA
12389,NA
12396,NA
12519,NA
12425,NA
12411,NA
12386,NA
12398,189
12473,NA
12426,NA
12400,189
12407,NA
12413,NA
12404,NA
12422,NA
12432,NA
12439,NA
12440,NA
12461,NA
12442,NA
12417,NA
12423,NA
12457,NA
12456,NA
12480,NA
12459,NA
12460,NA
12449,NA
12466,NA
12470,NA
12445,NA
12471,NA
12455,NA
12472,NA
12477,NA
12482,NA
12465,NA
12478,NA
12391,NA
12484,NA
12486,NA
12494,191
12500,193
12630,NA
12503,NA
12518,NA
12525,NA
12497,NA
12479,NA
12508,192
12504,NA
12512,192
12764,192
12498,NA
12678,194
12420,194
12780,NA
12529,194
12679,NA
12527,NA
12549,NA
12733,NA
12528,NA
12524,NA
12619,NA
12566,NA
12664,202
12638,NA
12535,NA
12540,NA
12539,202
12615,204
12559,NA
12695,193
12685,NA
12827,203
12565,NA
12692,NA
12578,203
12545,210
12608,NA
12558,NA
12629,NA
12620,NA
12474,194
12661,202
12720,203
12614,210
12621,210
12643,202
12636,NA
12791,210
12688,NA
12683,NA
12698,NA
12701,NA
12721,NA
12671,204
12816,NA
12730,NA
12662,NA
12666,NA
12702,NA
12609,NA
12715,NA
12713,NA
12772,NA
12682,NA
12727,NA
12650,NA
12707,207
12591,210
12729,NA
12776,NA
12925,NA
12718,NA
12647,NA
12724,NA
12725,NA
12773,NA
12728,NA
12731,NA
12732,NA
12753,NA
12742,209
12743,209
12741,NA
12759,213
12657,NA
12626,210
12722,NA
12810,211
12748,NA
12837,NA
12803,215
12745,NA
12834,NA
12763,207
12775,NA
12760,NA
12616,NA
12756,211
12557,NA
12556,NA
12779,NA
12489,215
12757,NA
12784,217
12551,NA
12747,NA
12653,NA
12673,NA
12801,NA
12654,NA
12680,NA
12792,NA
12534,213
12491,217
12737,NA
12618,NA
12746,NA
12800,NA
12797,NA
12786,NA
12543,NA
12815,NA
12736,NA
12976,210
12817,NA
12546,NA
12838,NA
12836,NA
12863,NA
12859,NA
12853,218
12857,NA
12847,NA
12839,NA
12849,NA
12855,NA
12842,NA
12854,218
12858,NA
12856,NA
12941,NA
12871,NA
12841,NA
12852,NA
13018,NA
12926,NA
12921,NA
12982,NA
12882,NA
12896,219
12878,NA
13015,221
12831,NA
12897,219
12929,NA
13007,NA
12920,NA
12886,NA
12885,NA
12531,NA
13000,220
12995,220
12880,NA
13017,223
12907,NA
12917,NA
12998,NA
12892,NA
12923,NA
12913,NA
12990,NA
12949,221
12932,NA
12894,222
12996,NA
12927,NA
12876,NA
12959,NA
12974,223
12952,NA
13130,NA
12973,224
12936,NA
12954,224
13016,223
12965,NA
12969,NA
12970,NA
12944,NA
12948,NA
12983,NA
12975,NA
13057,NA
12938,NA
12988,NA
13020,NA
13004,NA
13064,NA
13041,NA
13013,NA
13029,NA
13034,223
13022,NA
13031,NA
13071,NA
13045,NA
13056,NA
13042,NA
13069,NA
13091,NA
13012,NA
13058,NA
13050,NA
13104,NA
13076,NA
13079,NA
13019,NA
13098,NA
13044,NA
13150,NA
13035,NA
13095,NA
13062,NA
13084,NA
13118,NA
13053,NA
13114,NA
12935,NA
13109,NA
13115,NA
13156,NA
13140,NA
13137,NA
13254,NA
13025,NA
13092,NA
13152,NA
13146,NA
13181,NA
13136,NA
13090,NA
13186,NA
13147,NA
13161,NA
13171,NA
13145,NA
13170,229
13192,229
13176,NA
13200,NA
13179,NA
13123,NA
13183,NA
13220,NA
13234,NA
13148,NA
13255,NA
13205,NA
13243,NA
13228,NA
13266,231
13239,231
13221,NA
13253,NA
13270,NA
13260,NA
13219,NA
13187,NA
13262,NA
13225,NA
13287,231
13226,NA
13274,NA
13306,NA
13276,NA
13288,NA
13291,NA
13303,NA
13302,NA
13312,236
13301,NA
13318,NA
13300,NA
13334,NA
13305,NA
13314,NA
13323,236
13336,NA
13316,NA
13320,238
13329,236
13259,NA
13338,NA
13324,NA
13350,NA
13395,NA
13337,NA
13393,NA
13304,NA
13374,NA
13392,NA
13353,NA
13325,NA
13319,NA
13359,NA
13452,NA
13345,NA
13399,NA
13356,NA
13365,NA
13420,NA
13387,NA
13346,NA
13371,NA
13422,NA
13429,242
13419,NA
13402,NA
13408,242
13451,NA
13478,NA
13458,NA
13434,NA
13435,NA
13437,NA
13428,NA
13421,NA
13273,NA
13455,NA
13444,NA
13426,NA
13467,NA
13427,NA
13500,NA
13349,NA
13471,NA
13431,NA
13425,NA
13391,NA
13501,NA
13509,NA
13461,NA
13505,NA
13525,NA
13517,NA
13472,NA
13526,NA
13470,NA
13507,NA
13795,242
13474,NA
13524,242
13533,NA
13579,242
13539,NA
13810,NA
13561,NA
13557,NA
13556,NA
13575,NA
13538,NA
13577,NA
13620,NA
13521,248
13462,NA
13655,NA
13635,NA
13576,NA
13595,NA
13616,NA
13588,NA
13626,NA
13614,NA
13621,NA
13612,NA
13617,NA
13623,NA
13649,NA
13656,NA
13681,NA
13653,NA
13650,NA
14057,NA
13605,NA
13666,NA
13706,NA
13582,NA
13671,NA
13685,248
13923,NA
13952,250
13821,NA
13796,255
13892,NA
13890,NA
13798,NA
13894,NA
13585,255
13644,NA
13692,NA
13804,258
13863,267
13629,268
13841,NA
13586,260
13625,265
13573,259
13870,NA
13822,NA
13489,269
13634,263
13559,NA
13569,261
13850,NA
13849,NA
13641,NA
13840,262
13815,NA
13860,NA
13930,NA
13865,NA
13896,NA
13901,NA
13845,NA
13862,NA
13762,NA
13613,NA
13902,NA
13651,NA
13900,NA
13898,NA
13968,NA
14134,NA
13907,NA
13911,NA
13917,NA
13904,NA
13897,NA
13914,NA
13919,264
13916,NA
13874,NA
13786,267
13940,NA
13965,NA
13839,NA
14003,NA
13873,NA
13942,264
13939,NA
13975,NA
13953,NA
13959,NA
14101,NA
13989,NA
14038,NA
14115,NA
14173,270
14042,NA
13934,NA
14008,NA
13396,NA
13990,NA
14019,270
14012,NA
14021,NA
14159,NA
13948,NA
14002,NA
14027,NA
14162,NA
14044,NA
14050,NA
14054,NA
14035,NA
14026,NA
14058,NA
14047,NA
14076,NA
14030,NA
14077,NA
14088,NA
14017,NA
14387,272
14028,NA
14025,NA
14290,303
14331,NA
14037,NA
14308,272
14161,NA
14096,NA
13846,NA
14276,272
14289,NA
14100,NA
14217,NA
14079,NA
14181,NA
14352,271
14066,NA
14126,NA
14340,272
14165,NA
14140,NA
14133,NA
14179,NA
14149,NA
14177,NA
14191,NA
14401,NA
14185,NA
14155,NA
14158,NA
14160,NA
14225,NA
14349,NA
14122,NA
14184,NA
14336,NA
14209,NA
14275,NA
14301,NA
14240,NA
14321,NA
14287,NA
14418,274
13947,NA
14245,NA
14248,NA
14190,NA
14448,274
14232,NA
14397,NA
14220,NA
14157,NA
14208,NA
14247,NA
14262,NA
14223,NA
14069,265
14205,NA
14293,NA
14310,NA
14405,272
14295,NA
14123,NA
14362,275
14398,NA
14334,NA
14332,NA
14286,NA
14260,NA
14363,275
14345,NA
14566,NA
14602,NA
14380,NA
14456,NA
14406,NA
14419,NA
14390,NA
14378,NA
14339,NA
14440,NA
14371,NA
14316,NA
14711,NA
14279,NA
14450,NA
14266,279
14441,NA
14519,NA
14445,NA
14565,NA
14475,NA
14459,NA
14471,NA
14570,NA
14508,NA
14429,NA
14457,NA
14473,NA
14410,NA
14368,NA
14668,NA
14549,NA
14522,NA
14515,NA
14542,280
14521,NA
14467,NA
14514,NA
14767,280
14536,280
14655,NA
14496,NA
14525,283
14563,NA
14476,NA
14569,279
14269,NA
14523,NA
14509,NA
14567,NA
14815,NA
14529,282
14580,NA
14593,NA
14631,NA
14689,NA
14576,NA
14649,NA
14354,NA
14597,NA
14624,NA
14645,303
14402,283
14281,NA
14632,NA
14692,NA
14579,NA
14651,285
15033,NA
14928,285
14592,NA
14699,NA
15000,NA
14761,283
14793,NA
14754,NA
14778,NA
14679,285
14582,NA
14730,NA
14381,283
14690,NA
14605,NA
14697,NA
14707,NA
14609,NA
15063,NA
14708,NA
14626,NA
14734,NA
14630,NA
14693,282
14796,NA
14744,NA
14743,NA
14729,289
15049,NA
14742,NA
14736,289
14852,NA
14719,NA
14847,NA
14705,NA
14757,NA
14662,NA
14452,276
14785,304
14804,NA
14878,NA
14859,NA
14663,NA
14493,278
14751,NA
14749,NA
14983,NA
14940,NA
14828,NA
14706,NA
14770,287
14639,NA
14922,NA
14865,NA
14731,296
14709,292
14888,NA
15009,NA
14814,300
14686,NA
14748,295
14932,NA
14694,NA
14562,293
14505,NA
14912,NA
14783,NA
14915,NA
14727,290
14696,NA
14821,305
14788,298
14948,NA
14900,NA
14685,NA
14726,NA
14638,NA
15191,294
14896,299
14916,NA
14997,NA
14889,NA
14929,299
14934,299
14805,291
14935,NA
15060,NA
14887,NA
14943,NA
14964,NA
14956,NA
14863,NA
14974,NA
14901,NA
14960,NA
14944,NA
14919,NA
14619,302
15031,NA
15150,NA
15004,NA
14991,NA
15042,NA
14998,NA
15131,NA
15104,NA
15103,NA
15105,NA
15102,NA
15028,NA
15005,NA
15057,NA
15093,NA
14996,302
14899,NA
15082,NA
15160,NA
15146,NA
14806,NA
15100,NA
15065,NA
15083,NA
15130,NA
15136,NA
15201,NA
15154,NA
15139,NA
15184,NA
15356,NA
15159,NA
15263,NA
15173,NA
15187,NA
15066,NA
15140,NA
15188,NA
15174,NA
15190,NA
15178,NA
15181,NA
15195,NA
15250,NA
15084,NA
15268,NA
15236,NA
15238,NA
15199,NA
15254,NA
15257,306
15338,NA
15245,NA
15279,NA
15248,NA
15264,NA
15233,NA
15260,NA
15243,306
15171,NA
15289,NA
15360,NA
15189,NA
15239,NA
15314,NA
15403,NA
15249,NA
15635,NA
15212,NA
15328,NA
15322,NA
15361,NA
15202,NA
15267,NA
15277,NA
15225,NA
15352,NA
15357,NA
15819,309
15275,NA
15391,309
15665,309
15324,NA
15291,305
15409,309
15437,NA
15747,NA
15559,NA
15446,NA
15545,NA
15478,NA
15477,NA
15348,319
15512,NA
15532,NA
15607,NA
15473,NA
15397,NA
15566,NA
15505,NA
15523,NA
15745,NA
15882,NA
15531,NA
15553,NA
15555,NA
15421,NA
15552,NA
15558,NA
15749,NA
15560,NA
16032,321
15653,321
15609,NA
16033,NA
15811,NA
15846,NA
15539,NA
16169,NA
15542,NA
15526,NA
15675,321
15655,NA
15814,NA
15841,NA
15606,NA
15640,NA
15498,319
15455,NA
15648,NA
16238,NA
15521,NA
15487,NA
15896,NA
15535,NA
15650,NA
15601,NA
15226,320
15689,NA
15968,NA
15715,NA
15698,NA
15610,NA
15602,NA
15682,NA
15707,NA
15836,NA
15690,NA
15807,NA
15739,NA
15537,325
15666,NA
15869,NA
15736,NA
15752,327
15719,NA
15621,NA
15756,NA
15663,NA
15759,NA
15649,NA
15484,NA
15591,NA
15687,NA
16011,NA
15709,NA
15914,NA
15770,NA
15790,328
15802,NA
15806,NA
15850,NA
15499,320
15750,NA
15849,NA
15773,NA
15672,NA
15923,NA
15899,NA
15878,325
16220,NA
15901,328
15401,NA
15794,NA
16241,NA
15985,NA
15686,NA
15616,324
15950,324
16008,NA
15760,NA
15708,NA
15751,327
15893,NA
16039,NA
16063,331
15781,331
15885,NA
16028,NA
15986,NA
16075,NA
16215,NA
15987,334
15973,334
15522,335
16021,NA
16335,361
15991,NA
16040,NA
16030,335
16007,329
16041,329
15974,NA
16024,NA
16293,333
16016,NA
16100,NA
15941,NA
15626,NA
16097,NA
16253,NA
15879,NA
16050,326
15718,NA
15656,345
16099,NA
16627,342
16056,NA
16274,330
16553,346
16110,NA
16026,NA
16101,NA
16051,NA
16593,344
15979,NA
16577,338
16610,337
16254,NA
16464,339
15466,NA
16350,NA
16049,NA
16183,NA
16142,339
16179,NA
16003,337
15944,343
16649,NA
16131,NA
16154,NA
15493,NA
16175,NA
15443,NA
16064,NA
16065,341
16111,NA
15948,NA
16081,NA
16246,351
16096,NA
16150,NA
16087,NA
16126,NA
16525,350
16139,NA
16186,NA
16239,354
16279,350
16191,NA
16278,NA
16421,NA
16227,351
15667,330
16212,354
16224,351
16240,351
16218,NA
16270,NA
16280,NA
16209,351
16226,NA
16284,NA
15906,NA
16069,NA
16273,351
16201,357
16122,NA
16192,NA
16194,NA
16255,NA
16411,NA
16225,357
16494,NA
16415,NA
16332,NA
16378,NA
15783,349
16414,NA
16333,NA
16483,364
15763,NA
16531,NA
16436,363
16247,NA
16470,NA
16730,361
16434,NA
16356,NA
16573,NA
16461,NA
16459,NA
16438,362
16643,NA
16419,NA
16409,NA
16448,362
16435,362
16442,NA
16738,NA
16484,NA
16540,NA
16781,NA
16394,NA
16520,NA
16496,NA
16445,NA
16474,NA
16499,363
16387,NA
16437,NA
16539,NA
16537,NA
16782,NA
16544,NA
16472,NA
16574,NA
16598,NA
16514,364
16372,NA
16077,NA
16548,NA
16829,NA
16812,NA
16579,NA
16382,NA
16631,NA
16608,NA
16534,NA
16638,NA
16543,NA
16562,NA
16656,NA
16833,NA
16704,NA
16621,NA
16660,365
16646,NA
16709,NA
16671,365
16600,NA
16697,NA
16606,NA
16759,NA
16703,NA
16668,NA
16517,NA
16710,NA
16749,NA
16775,NA
16677,NA
16651,NA
16765,NA
16705,NA
16741,NA
16682,NA
16768,NA
16752,NA
16740,NA
16757,NA
16747,NA
16779,NA
16930,NA
16940,NA
16857,NA
16713,NA
16654,NA
16776,NA
16905,NA
16795,NA
16695,NA
16780,NA
16784,NA
16702,NA
16783,NA
16750,NA
16745,NA
16864,NA
16851,NA
16777,NA
16785,NA
16904,NA
16926,NA
16990,NA
17002,NA
16907,NA
16892,NA
16948,NA
16790,NA
16985,NA
16758,NA
16867,NA
16956,367
16963,NA
16530,NA
16983,NA
16955,367
17033,NA
16989,NA
17034,NA
16958,NA
17013,NA
16957,NA
17020,372
16992,NA
17233,NA
17050,NA
17061,NA
17017,NA
16972,NA
17103,NA
17944,NA
17035,NA
17242,NA
17097,NA
17142,NA
17126,NA
17173,NA
17117,NA
17148,NA
17123,NA
17045,NA
17124,NA
17170,NA
16887,NA
17058,NA
17171,NA
17244,NA
17312,NA
17195,NA
17273,NA
17334,NA
17278,NA
17549,NA
17313,NA
17274,NA
17425,NA
17256,NA
17254,NA
17431,NA
17229,NA
17296,NA
17498,NA
17331,NA
17128,NA
17318,NA
17347,NA
17388,NA
17418,NA
17393,NA
17324,NA
17414,NA
17025,NA
17428,NA
17337,NA
17397,NA
17360,NA
17362,NA
17542,378
17236,NA
17299,NA
17247,NA
17408,NA
17201,NA
17657,NA
17427,NA
17285,NA
17402,NA
17377,374
17437,NA
17424,NA
17753,374
17405,NA
17473,NA
17600,NA
17471,NA
17430,NA
17603,372
17672,NA
17654,NA
17524,NA
17472,NA
17108,NA
17454,NA
17610,NA
17544,NA
17556,NA
17563,NA
17485,NA
17584,NA
17622,NA
17597,NA
18170,384
17572,NA
17483,NA
17688,NA
17598,NA
17575,NA
17570,NA
17583,NA
17580,NA
17529,NA
17892,380
17582,NA
17546,NA
18044,NA
17684,NA
17609,NA
17652,378
17601,NA
17677,376
17356,NA
17355,383
17613,381
17893,380
17646,384
17532,NA
17686,NA
17345,NA
17666,NA
17645,NA
17287,NA
17661,NA
17679,NA
17623,NA
17658,NA
17663,NA
17675,NA
17707,NA
17311,NA
17717,NA
17784,NA
17665,NA
17769,NA
17649,NA
17877,NA
17996,NA
17715,NA
17808,NA
17740,383
17301,NA
17729,NA
17833,NA
17757,NA
17332,381
17799,NA
17372,NA
17724,NA
17828,NA
17800,NA
17780,NA
17795,NA
17735,NA
17826,NA
17855,NA
17721,NA
17811,NA
17852,NA
17973,NA
17830,NA
17834,NA
17968,NA
17865,NA
18057,NA
17862,NA
17849,NA
17787,NA
17858,NA
17947,NA
17851,NA
17880,NA
17924,NA
17845,NA
18066,NA
17925,NA
17985,NA
17496,NA
17772,NA
17931,NA
17960,387
17995,NA
17493,NA
17981,NA
17890,NA
17863,NA
18062,NA
17659,NA
17545,NA
17966,NA
17972,NA
18029,NA
17534,387
17897,NA
17970,NA
18035,NA
18145,NA
17568,NA
17626,390
17590,390
18021,NA
18193,NA
17982,NA
18313,NA
17930,NA
18020,NA
18453,NA
18007,NA
18132,NA
18588,NA
18090,NA
17939,NA
18502,NA
18503,NA
18110,NA
17994,NA
18038,NA
18056,NA
18039,NA
18225,NA
18103,NA
18146,NA
18307,NA
17742,NA
18204,NA
18142,NA
18323,NA
18075,NA
18294,NA
18302,NA
18207,NA
18257,NA
18138,NA
18000,NA
18322,NA
18401,NA
18329,NA
18194,NA
18384,NA
18312,NA
18337,NA
18373,NA
18214,NA
18203,NA
18275,NA
18133,NA
18422,NA
18336,NA
18347,NA
18786,NA
17777,NA
18003,NA
18335,NA
17810,NA
18328,NA
18218,NA
18324,NA
18467,NA
18416,NA
18376,NA
18378,NA
18341,NA
18352,NA
18320,NA
18498,NA
18526,NA
18356,NA
18444,NA
18430,NA
18649,396
18272,NA
18415,NA
18866,NA
18570,NA
18301,NA
18576,NA
18491,NA
18438,NA
18437,NA
18654,NA
18631,NA
18157,399
18393,396
18645,NA
18483,NA
18534,NA
18177,NA
18434,NA
18830,NA
18719,NA
18677,NA
18557,NA
17927,NA
18527,NA
18593,NA
18563,NA
18558,NA
18560,NA
18485,399
18254,NA
18666,NA
18263,NA
18471,NA
18774,NA
18620,NA
18636,NA
18814,NA
18706,NA
18648,NA
18669,NA
19172,NA
18667,NA
18717,NA
18831,NA
18692,NA
18805,NA
18751,NA
18945,NA
18327,NA
18466,NA
18663,NA
18763,NA
18433,NA
18753,NA
18564,NA
18800,NA
18711,NA
18914,NA
19205,NA
18826,NA
18279,NA
18813,NA
18791,NA
18869,NA
18864,NA
18770,NA
18879,NA
18888,NA
18911,NA
18867,NA
18764,NA
18832,NA
18809,NA
18962,NA
18848,NA
18941,NA
18743,404
18887,NA
18783,NA
19141,NA
18898,NA
18734,NA
19025,NA
18969,NA
19017,NA
18966,NA
18580,NA
18790,NA
18925,NA
18932,NA
18995,NA
18964,NA
18940,NA
18960,NA
18749,NA
18989,NA
19365,NA
19195,406
18882,NA
19068,NA
19031,NA
19088,NA
19037,NA
19161,404
19113,NA
18950,NA
19218,NA
19265,NA
19223,NA
18959,NA
19346,NA
19662,NA
18997,NA
19207,NA
19413,NA
19175,NA
19108,NA
19318,NA
19494,NA
19385,409
19081,406
19370,407
19449,NA
19070,407
19508,411
19514,NA
19189,NA
19262,409
19293,NA
19335,NA
19366,NA
19144,NA
19340,NA
19267,NA
19506,NA
19212,NA
19247,NA
19309,NA
19421,NA
19377,NA
19320,NA
19328,NA
19393,NA
19491,NA
19483,NA
19387,NA
19768,NA
19402,NA
19982,411
19466,NA
19455,NA
19574,NA
19465,NA
19492,NA
19408,NA
19634,NA
19539,NA
19529,NA
19611,NA
19590,NA
19610,NA
19561,NA
19629,NA
19938,NA
19690,NA
19676,NA
20017,NA
19722,NA
19747,NA
19814,NA
19712,NA
19752,NA
20030,NA
19890,NA
19767,NA
19686,NA
19734,NA
19739,NA
19721,NA
19727,NA
19802,NA
19863,NA
19891,NA
19728,NA
19806,NA
20009,NA
19885,NA
20143,NA
19899,NA
19913,NA
19840,NA
19452,417
19983,NA
19896,NA
20072,NA
20055,NA
19910,NA
19970,NA
19935,NA
19803,NA
19939,NA
19997,NA
20182,NA
20023,NA
20507,426
20059,NA
20195,NA
19951,NA
19936,NA
20071,NA
20104,NA
20086,NA
20192,NA
20190,NA
20536,NA
20207,426
20090,NA
20126,NA
20303,NA
20297,NA
20289,NA
20328,NA
20332,NA
20774,NA
20271,NA
20394,NA
20346,NA
20434,NA
20379,NA
20325,NA
20442,NA
20388,NA
20527,NA
20468,NA
20520,NA
20414,NA
20366,NA
20533,NA
20537,NA
20405,NA
20290,NA
20440,NA
20626,NA
20470,NA
20381,NA
20611,NA
20545,NA
20988,NA
20677,NA
20628,NA
20736,NA
20363,NA
20630,NA
20563,NA
20627,NA
20296,NA
20592,NA
20427,NA
20759,NA
20816,NA
20675,NA
20937,NA
20882,NA
20530,NA
20729,NA
20664,NA
20706,NA
20663,NA
20615,NA
20839,NA
20616,NA
20479,NA
20734,NA
20822,NA
20883,NA
20494,NA
20935,NA
20891,NA
20610,441
20897,NA
21067,NA
20887,NA
20783,NA
21088,NA
20976,NA
20980,436
21103,NA
21071,NA
20713,NA
20915,NA
20954,NA
21039,NA
20833,NA
21050,NA
21272,NA
21013,NA
20900,NA
21014,NA
21166,NA
21195,436
20898,NA
21298,NA
21293,NA
21180,NA
21224,NA
21278,NA
21244,441
21251,NA
21247,NA
21432,460
21327,NA
21308,456
21409,NA
21390,441
21366,456
21338,NA
21323,NA
21372,NA
21416,NA
21374,NA
21414,NA
21424,464
21441,NA
21412,NA
21431,464
21439,460
21440,NA
21438,NA
21449,NA
21450,NA
21520,NA
