Sample, Acidobacteriota, Actinobacteriota, Bacteroidota, Bdellovibrionota, Campilobacterota, Chloroflexi, Cyanobacteria, Deinococcota, Dependentiae, Desulfobacterota, Firmicutes, Fusobacteriota, Gemmatimonadota, Myxococcota, Patescibacteria, Planctomycetota, Proteobacteria, Spirochaetota, Verrucomicrobiota
14HM01.M,0,-0.8940734191140409,0,0,0,0,0,-2.5776193037018635,0,0,2.345165100273044,0,0,0,0,0,1.126527622542861,0,0
14HM02.M,0,-2.1283999401702736,-0.5743121228193386,0,0,0,0,-0.8978601084596161,0,0,0.7403727059224297,0,0,0,0,0,2.860199465526801,0,0
14HM03.M,0,0.6910570380178367,0.8141171307750641,0,-2.318374079894316,0,0,-1.8790074201104705,0,0,2.0683827291549672,0.35458480139662374,0,0,0,0,2.3713907720849754,0,-2.10215097142468
14HM04.M,0,-0.7575514026513899,-2.020466742610776,0,0,0,0,-1.4608509546753532,0,0,3.0783102418111916,0,0,0,0,0,1.1605588581263273,0,0
14HM06.M,0,0.2104972809388972,-0.6354519615770133,0,0,-2.465677711632864,0,-1.635329409559434,0,0,3.0725824813777516,0,0,0,0,0,1.4533793204526617,0,0
14HM07.M,0,0.27149999889645304,0.32524427490314345,-1.877811222743869,0,0,0,-0.8519582883581873,0,0,2.139045843999858,-2.183192872295051,0,0,0,0,2.177172265597652,0,0
14HM08.M,-2.755133169207243,1.7439818154403435,3.404358546656283,0,-1.4005875064019326,0,0,-1.9723738299576108,0,0,3.436717942092333,0.231179882430256,-4.834574710887079,0,0,0,2.146431029834651,0,0
14HM09.M,0,-0.7622050641295921,-1.218561779534145,0,0,0,0,-1.594351119496193,0,0,3.5030518571812728,-0.9369220215383267,0,0,0,0,1.0089881275169859,0,0
14HM10.M,0,-2.5302528783847347,0.7720045554225168,0,0.6833918970659134,0,0,0,0,0,1.357120991768757,2.122878971311147,0,0,-1.8590846045435647,0,0.5245683115392632,-1.0706272441792946,0
14HM100.M,0,1.104791108213191,0.38402876062027236,0,-2.786056900078496,0,0,-2.834847064247928,0,0,3.2125251147983507,-2.117007271097611,0,0,0,0,3.036566251792224,0,0
14HM101.M,0,1.1182432595264613,2.823317137726394,0,-3.8198213417349587,0,0,-1.0164609608284243,0,-1.111771140632749,4.046325845139969,-3.260205553799536,0,0,0,0,1.220372754602841,0,0
14HM102.M,0,-1.0920646254323558,-0.18760835120520358,0,-2.384832928541423,0,0,-0.27030006705031706,0,0,2.6343372680046704,0,0,0,0,0,1.3004687042246292,0,0
14HM103.M,0,2.349944359784579,0,0,0,0,0,-0.7282054217488145,-2.4329535139872402,0,1.6705159560118608,0,0,0,0,-2.65609706530145,1.7967956852410634,0,0
14HM104.M,0,-2.2184766010305443,0,0,0,0,0,-1.770451878503584,0,0,1.6433966207121307,0,0,0,0,0,2.345531858821997,0,0
14HM105.M,-1.2485347763396653,0.32386186441408604,-2.4424572448120996,0,0,0,0,-1.4128378276309417,0,0,1.9295190540082805,0,0,0,0,0,2.3969942369006576,0,0.4534546934596806
14HM106.M,0,-1.714088366553233,0,0,0,-1.7941310742267693,0,-3.18042543534666,0,0,4.464892554225808,0,0,0,0,0,2.2237523219008537,0,0
14HM107.M,0,-0.18772203114520458,0,0,0,0,0,-2.072605289582649,0,0,2.360354214173026,0,0,0,0,0,-0.10002689344517357,0,0
14HM108.M,0,0.4830346212800567,1.3551570086066125,0,-1.3613083894208824,0,0,0,0,0,3.164147673401522,-2.206261582848832,0,0,0,-3.1816412310929936,1.7468719000745176,0,0
14HM109.M,0,-0.9438050887305529,0,0,0,0,0,-2.3300994498504437,0,0,3.0113007681877333,0,0,0,0,0,0.2626037703932642,0,0
14HM11.M,0,0.28665907960092163,-1.4542811412309207,0,-1.769362187870816,0,0,-1.004756043328726,0,0,2.163189397698459,0,0,0,0,0,1.7785508951310796,0,0
14HM111.M,0,0.10368455115949171,-3.1639814378781406,0,0,0,0,0.0036010926025094037,0,0,3.9240098914069304,-3.1639814378781406,0,0,0,0,2.296667340587348,0,0
14HM112.M,-0.10449000921862783,0.3358218302197047,-0.6888782001616356,0,0,0,0,-1.5210242555282365,0,0,0.4761791879146271,0,0,0,0,0,1.5023914467741708,0,0
14HM115.M,0,0,0,0,0,-0.7483579083191394,0,-2.291656018248695,0,0,1.791290499021036,0,0,0,0,0,1.248723427546797,0,0
14HM116.M,0,-0.2816607005020808,-3.3877410312249365,0,0,0,0,-0.8754354072488222,0,0,3.0322538969222057,0,0,0,0,0,1.512583242053636,0,0
14HM117.M,0,0.7611984900206874,0,0,0,0,0,-3.8066159094236354,0,0,2.0184004300466825,0,0,0,0,0,1.027016989356266,0,0
14HM118.M,0,0.04032521848014703,-1.0011286563480142,0,0,0,0,0,0,0,0.9977740228478096,-0.7685063610792606,0,0,0,0,2.251458225862498,0,-1.519922449763182
14HM119.M,0,-0.12452480718886427,-0.01865680611035181,0,-1.2968546717535414,0,0,-1.4564848173454252,0,0,3.2306197770458516,-1.5365275250189616,0,0,-0.8859399588778123,0,2.0883688092491033,0,0
14HM12.M,0,1.1761267874561598,1.1809229597196529,0,-1.819605486097831,0,0,-2.5127526666577764,0,0,3.014843239771986,-0.35031420540697233,0,0,0,0,2.516679218432504,-3.205899847217722,0
14HM120.M,0,2.2105334351357815,2.2836843167713967,0,-3.4524270450001646,0,0,-3.3188956523756423,0,0,4.462555960848229,-0.21095138821472315,0,0,-4.299724905387368,0,2.325225278222492,0,0
14HM121.M,0,-2.0891182739222662,-0.770877376047391,0,0,0,0,-0.22953620835544974,0,0,1.998184005674422,0,-1.2268947633183869,0,0,0,2.31824261596907,0,0
14HM122.M,-2.108226231679663,0.3060628508943841,-0.3577097209856568,0,0,0,0,-2.308896927141814,0,0,3.184850152152916,-0.5453083348804553,0,0,0,0,1.8292282116402871,0,0
14HM123.M,0,-0.093763774580923,0.06750437301519963,0,-2.603988232353213,0,0,-0.68030122008261,0,0,4.009292728243199,-2.278565831918585,0,0,0,0,1.5798219576769297,0,0
14HM126.M,0,-0.6224845564588977,-2.4030707250888272,0,0,0,-0.862625684141678,-0.035947110957210704,0,0,2.492777042330844,0,0,0,0,0,1.4313510343157674,0,0
14HM127.M,0,-1.4252281516559182,-3.0346660640900187,0,-1.6483717029701284,0,0,-0.20145272003380255,0,-1.2429065948619638,3.8670711425665556,0,0,0,0,0,3.6855540910452764,0,0
14HM128.M,0,-1.7507835334683186,0,0,0,0,0,-3.919837233837842,0,0,1.0046953612050018,0,0,0,0,0,4.66592540610116,0,0
14HM129.M,0,0.26277715629252274,1.6645757039483788,0,0,0,0,-0.8406544188115355,0,-3.28300145418074,1.9489980313296478,-0.40193208894688937,0,0,-1.6090250206090686,0,2.258262090977686,0,0
14HM13.M,0,0.34213594341657494,-0.39753125277826395,0,0,0,0,-1.8734377725878413,0,0,2.5122280654785794,0,0,0,-1.793395064914305,0,1.210000081385255,0,0
14HM131.M,0,0.7107842987364785,-0.8781049454702341,0,0,0,0,-1.0043986707945263,0,-4.262495208816008,4.647753070631711,0,0,0,-1.0844413784680627,0,1.8709028341806402,0,0
14HM132.M,0,0,0,0,0,0,0,0,0,0,-3.873736732837204,0,0,0,0,0,3.8737367328372043,0,0
14HM134.M,0,-1.048969042203805,-1.601037624503845,0,0,0,0,0.3373253189160854,0,0,1.9677535072420218,-1.9064192740550268,0,0,0,0,2.2513471146045703,0,0
14HM135.M,0,1.1600221389602803,1.6973745170597008,0,-0.9571597307024025,0,0,0,0,0,2.763949075424386,0.5260226309030305,0,0,-4.391146935187548,0,1.4656867139624934,-2.2647484104199416,0
14HM136.M,0,-0.19410622363685803,1.6098824141176085,0,0.011433623259104131,0,0,0,0,0,2.662132527889848,1.193864583810285,0,0,-3.5886146171482167,0,1.3062356439543281,-3.0008279522460977,0
14HM137.M,0,-0.3088684379500428,0,0,0,0,0,0.5146405604731461,0,-3.068878377982964,1.2723262621706626,0,0,0,0,0,1.590779993289197,0,0
14HM138.M,0,0,0,0,0,0,0,-0.5862731841656359,0,0,0.6093008123452712,0,0,0,0,0,-0.02302762817963533,0,0
14HM14.M,-0.8297160416728033,-0.18265996831312492,-0.07541443795952674,0,0,-1.2217581294488271,0,-0.5904863526069688,0,0,2.76053692896465,0,0,0,0,-1.4617087990794175,1.601206800116021,0,0
14HM141.M,0,3.5072424530675956,1.121677792726703,0,-2.0563760376212423,-0.7464546552859259,0,-0.7787155175041471,0,0,3.1247463556219657,-1.7115355513295127,-0.8642376909423088,0,-1.7985469283191424,-0.9192974681253365,3.1778732853325984,0,-2.0563760376212423
14HM142.M,0,0.6260539934522678,1.6691781332323394,0,-2.2605714394842753,0,0,-3.8139198852673317,0,0,3.195571166102816,0.5999797297705234,0,0,-1.6792156649124461,0,1.6629239671061082,0,0
14HM143.M,0,-0.019420054786913,0.13923175792113618,0,0,0,0,-3.1870025852675634,0,0,2.806854929740892,0,0,0,0,0,0.2603359523924471,0,0
14HM144.M,0,0.6667585693550491,-2.891945199981337,0,0,0,0,-3.4225734510435077,0,0,1.47973396616712,0,0,0,0,0,4.168026115502677,0,0
14HM145.M,0,1.2499647818510393,-3.353203401466379,0,0,0,0,-2.323583984285221,0,0,2.3228652346223058,-3.5763469527805887,0,0,0,0,5.680304322058844,0,0
14HM146.M,0,0.6412354937249267,-3.1514407540706535,0,-1.6473633572943793,0,0,-0.3256075173120596,0,0,2.518871110523948,0,0,0,0,0,1.9643050244282199,0,0
14HM147.M,0,0.7052121053205269,0,0,0,0,0,-2.443359372462912,0,0,2.543133616311745,0,0,0,0,0,-0.8049863491693596,0,0
14HM149.M,0,0.05560671285970731,-1.587628579157684,0,0,0,0,-2.0576322084034193,0,0,3.6382020964036075,0,0,0,0,0,1.4212975217990884,0,-1.4698455435013003
14HM15.M,0,2.051043137770539,0.0019375926998419502,0,-4.137220985312051,0,0,-1.4459779025262218,0,0,2.992877524813527,-2.2276784804276124,0,0,0,0,2.7650191129819754,0,0
14HM150.M,-2.672436103461862,-1.5738238147937524,-1.0629981910277615,0,0,0,0,0.728761278200293,0,0,3.5881009268487296,-1.4196731349664942,0,0,0,0,2.412069039200849,0,0
14HM152.M,0,0,-5.166263724361849,0,0,0,0,0,0,0,1.1126328639427037,0,0,0,0,0,4.053630860419145,0,0
14HM153.M,0,-0.41990850639514044,-1.589979759045395,0,0,0,0,-0.6736890271712399,0,0,3.3542387077904037,0,0,0,-2.6885920477135046,0,2.017930632534874,0,0
14HM154.M,0,-1.82057111175056,0,0,0,0,0,-1.6431157446077789,0,0,2.8156648938124214,0,0,0,0,0,0.6480219625459167,0,0
14HM155.M,0,0,0,0,0,0,0,-2.9885230207199958,0,0,1.4238711505702817,0,0,0,0,0,1.5646518701497154,0,0
14HM156.M,0,0.6089793715760043,-1.0527698354261066,0,0,0,0,-1.8129277262690122,0,0,1.6512599489416893,0,0,0,0,0,0.6054582411774252,0,0
14HM157.M,0,-0.528333882244751,-0.9504938689250855,0,0,0,0,-1.538280533827204,0,0,2.8527959363665953,-1.2551542779112843,0,0,0,0,1.4194666265417313,0,0
14HM158.M,0,0.8591498474990438,-1.8086450918835717,0,0,0,0,-1.0091175077650547,0,0,2.921628211247409,-1.1896058834773484,0,0,0,0,1.3837610321037177,0,-1.1571706077241943
14HM159.M,0,-2.2950311733407,0,0,0,0,0,0.4595390433964033,0,-3.1423290337279033,2.2452194665480754,0,0,0,0,0,2.732601697124127,0,0
14HM16.M,0,-1.1959730553061343,1.906960144573703,0,0,0,0,-2.060970492792739,0,0,3.2503864872631016,-2.3486525652445196,0,0,-2.530974122038474,0,2.979223603545061,0,0
14HM160.M,0,0.6109682804779597,-2.5353368515554053,0,0,0,0,-1.38265734161702,0,0,1.4046255225619824,0,0,0,0,0,1.902400390132482,0,0
14HM161.M,0,-0.06705783446096891,-1.1550317249240232,0,0,0,0,-1.6218657794084796,0,0,0.44001745005797765,0,0,0,0,0,2.403937888735493,0,0
14HM162.M,0,-2.516031096449533,0.022942774608742944,0,0,0,0,-0.5701209473942197,0,0,0.9444828623690418,-0.6702044059512025,0,0,0,0,2.7889308128171724,0,0
14HM163.M,0,0.36253873113949986,-1.8710534903675944,0,0,0,0,-0.8706796412828979,0,0,2.0168206142812437,-2.0854633617130496,0,0,0,0,2.447837147942801,0,0
14HM164.M,0,0.18287973108167144,0.03450183034015453,0,0,0,0,-3.5380880375837656,0,0,2.7194129530473425,-0.4791768624082433,0,0,0,0,1.0804703855228421,0,0
14HM166.M,0,-0.6447858166923286,0.02566995266554617,0,0,0,0,-1.1199308454384829,0,0,2.3196939133575585,-1.4899492045509,0,0,0,0,0.9093020006586068,0,0
14HM167.M,-1.0112961067349415,-0.24134351495125106,-1.2054521211758988,0,0,0,0,-1.0990717176173277,0,0,2.3637930950677575,0,0,0,0,0,1.1933703654116634,0,0
14HM168.M,0,-0.12131180453869561,-0.23038289959305747,0,0,0,0,-1.7646512686484774,0,0,2.172905038784833,-1.5346348380465056,0,0,0,0,1.4780757720419038,0,0
14HM169.M,0,-0.7496184390406313,-3.7618800145458327,0,0,0,0,0.11624143920663155,0,0,2.102697682656295,0,0,0,0,0,2.2925593317235373,0,0
14HM17.M,0,-3.2503015002563393,-2.844836392148175,0,0,0,0,1.0332850616042895,0,0,1.9940875242661416,0,0,0,0,0,3.0677653065340826,0,0
14HM170.M,0,-4.07613016312283,0,0,0,0,0,0,0,0,2.929205444198171,0,0,0,0,0,1.1469247189246596,0,0
14HM171.M,0,0,-1.8899361962005252,0,0,-0.8740156233775291,0,-0.6439991927755573,0,0,2.5555122649108526,0,0,0,0,0,0.8524387474427595,0,0
14HM172.M,0,1.45462229090825,-4.325349322105497,0,0,0,0,-0.9494697484276315,0,0,2.6649071783883826,0,0,0,0,0,1.1552896012364942,0,0
14HM173.M,0,0,0,0,0,0,0,-2.0231577646442442,0,0,1.9759732314637661,0,0,0,0,0,0.04718453318047722,0,0
14HM177.M,0,-0.9082316829372887,-2.5878738540446378,0,0,0,0,-0.5790498795787551,0,0,1.9017834448216089,0,-0.5913199721705693,0.08940468839081817,0,0,2.675287255518821,0,0
14HM179.M,0,0.7037642204827792,0.30209418334316585,0,-3.4820954505750947,0,0,-0.5509016981586754,0,0,2.6706372441290096,-1.4344026072098393,0,0,0,0,1.790904107988652,0,0
14HM18.M,-1.8844392316508123,-0.2503087066263401,-1.8238146098343773,0,0,0,0,0.18715913256799777,0,0,2.945872508314162,-1.6125055161671704,0,0,0,0,2.4380364233965377,0,0
14HM181.M,0,0.23721972847975614,0,0,0,0,0,-1.5739578266054002,0,0,2.4562141605845804,0,0,0,0,0,0.8366900100903614,0,-1.9561660725492978
14HM182.M,-1.335351386043707,0.7297014181840291,-0.8833662623006493,0,0,0,0,-1.9462604683666802,0,-2.3257500900715837,4.5793092504396435,-0.43635215127961313,0,0,0,0,1.6180696894385616,0,0
14HM184.M,0,-2.5553904264066403,-2.576443835604473,0,0,0,0,0,0,0,1.2623218995502645,0,0,0,0,0,3.869512362460849,0,0
14HM185.M,0,-1.1226776544958739,1.9407132675319314,0,-1.1580795815467901,0,0,-3.6703852055229045,0,0,2.0033198138960184,1.9034573032062818,0,0,0,0,0.10365205693133817,0,0
14HM186.M,0,0.04785187983456396,0,0,0,0,0,-4.063021984338747,0,0,2.9077080938047786,0,0,0,0,0,1.107462010699404,0,0
14HM188.M,-2.0149416421375914,1.63216839910005,0.6560672872842694,0,0,0,0,-0.9163293534694819,0,-2.621077445707907,4.610932885956851,-1.0806324047607583,0,0,-2.3333953732561263,0,2.067207646990691,0,0
14HM189.M,0,-1.4340677858430935,0,0,0,0,0,0,0,0,0.8590235649587008,0,0,0,0,0,0.5750442208843936,0,0
14HM19.M,0,0.826427191682046,1.2610488840816654,0,-3.05070855474566,0,0,-3.8980064151328633,0,0,2.8614421856425967,0.2371601416094924,0,0,0,0,1.76263656686272,0,0
14HM192.M,0,0.029481258997506643,1.2466992900734635,0,0,0,0,-0.8730161507443128,0,0,1.7055388587730027,-3.777181230772813,0,0,0,0,1.6684779736731512,0,0
14HM193.M,0,-2.9332476424834666,-1.9524183894717404,0,0,0,0,-3.3387127505916308,0,0,2.321640166137234,0,0,0,0,0,5.902738616409604,0,0
14HM194.M,0,0,0,0,0,0,0,0,0,0,-2.872738407922081,0,0,0,0,0,2.872738407922082,0,0
14HM195.M,0,-1.2913861722296787,0,0,0,0,0,-0.877823853888895,0,0,0.8894445953308638,0,0,0,0,0,2.095068927695273,0,-0.8153034969075614
14HM196.M,0,-0.9063945723048263,-0.27661700567747083,0,-2.2413956390371665,0,0,-0.2220580214270358,0,0,2.774558816536689,-1.142783350369057,0,0,0,0,2.014689772278868,0,0
14HM197.M,0,-0.512149350502678,0.22978799422669915,0,0,0,0,-3.037877994810933,0,0,1.492029706676611,-3.7310251753708785,0,0,0,0,5.559234819781177,0,0
14HM20.M,0,1.0202215097973735,-0.3400973649192567,0,0,0,0,-0.42014007259279307,-2.3942210986148025,0,1.5646854927121936,-1.701073918054857,0,0,0,0,3.8763891899226737,0,-1.6057637382505323
14HM200.M,0,-0.5486996172635257,-0.7073046474401643,0,0,0,0,-0.5486996172635257,0,0,2.9893569471158274,-3.2567498183657353,0,0,0,0,2.0720967532171244,0,0
14HM202.M,0,-4.1773211512097825,0.5933634732558826,0,0,0,0,0,0,0,-1.3739607703032477,0,0,0,0,0,4.957918448257149,0,0
14HM205.M,0,-0.5999829609713343,0.8004960351405135,0,0,0,0,-0.21699070871522785,0,-2.4813545888890762,3.461608814778959,0,-2.6889939536673206,0,0,0,2.5018238589741406,0,-0.7766064966506505
14HM206.M,0,0.8004003690781669,-1.219089815471004,0,0,0,0,-1.3379510183477326,0,0,2.7088404782605444,0,0,0,0,0,0.8308252510309693,0,-1.7830252645509432
14HM207.M,0,-0.3771965686348251,0,0,0,0,0,-2.5979516433812386,0,0,1.0320873107097643,0,0,0,0,0,1.943060901306299,0,0
14HM208.M,0,0,0,0,0,0,0,0,0,0,-3.503594587985162,0,0,0,0,0,3.5035945879851615,0,0
14HM209.M,-0.05790054273009382,0.1455005298549148,-1.5983455836772427,0,0,0,0,-1.5638594076060732,0,0,2.36163181487294,0,0,0,0,0,0.7129731892855578,0,0
14HM21.M,0,0.8636230338700095,-0.449082970592392,0,-4.060000883236617,0,0,-1.457311197792233,0,0,3.244178759201535,0,0,0,0,0,2.719921024235635,0,-0.8613277656859357
14HM210.M,0,0.2024166387429478,0,0,0,0,0,-2.880757953414754,0,0,0.676558612647332,0,0,0,0,0,2.0017827020244736,0,0
14HM213.M,0,0.5796796406027838,1.338937846274792,0,0,0,0,-3.256182003859798,0,0,3.1111471815800567,-3.1020313240325397,-1.6139542686027069,0,0,0,3.5476931446349464,0,-0.6052902165975365
14HM214.M,0,-1.3252781681820176,3.3273846716706563,0,0,0,0,0,0,0,0.18555776744754304,-5.300275972771552,0,0,0,0,3.1126117018353705,0,0
14HM215.M,0,0.35612057223683813,-0.021173658904629633,0,0,-3.199227489252575,-2.187626577574095,-0.6342781317910382,0,0,1.9172681955431576,0,0,0,0,0,3.768917089742345,0,0
14HM217.M,0,0,-4.567060163814139,0,0,0,0,0,0,0,-1.2899154308219623,0,0,0,0,0,5.856975594636102,0,0
14HM218.M,0,1.03576011756767,-0.7435768316618274,0,0,0,0,-1.2985736737409557,0,0,3.156148645955912,-2.167611520764565,0,0,0,-0.9370716890539077,2.0631448969474118,0,-1.1082199452497372
14HM22.M,0,-0.5053679388540653,-2.480605703003899,0,0,0,0,0,0,0,2.3642373362496123,0,0,0,0,0,0.6217363056083505,0,0
14HM221.M,0,0.7590858024329323,-0.7072512663604948,0,0,0,0,-0.5866232785718797,0,-2.7613750000560406,4.430656558243044,-2.424902763434828,0,0,0,0,1.2904099477472641,0,0
14HM222.M,0,-0.8128489600130893,-0.3483166202179433,0,0,0,0,-1.459476124938142,0,0,1.8256413154333035,0,0,0,0,0,0.7950003897358728,0,0
14HM223.M,0,-2.728206427600644,-0.28585939223143964,0,0,0,0,-1.5044309959785283,0,0,0.8469442611849489,0,0,0,0,0,3.671552554625661,0,0
14HM224.M,0,-0.016284771356191108,-1.3129669737863945,0,0,0,0,-1.823792597552385,0,0,1.6827652997675964,0,0,0,0,0,1.470279042927375,0,0
14HM225.M,0,1.2299486791626704,0.49200335570283027,0,-3.2416901142008983,0,0,-2.9540080417491175,0,0,4.320298251841959,0.27975639561283394,0,0,-4.340302402869008,0,4.213993876498733,0,0
14HM226.M,0,0.9997421567661302,1.9995617260045035,0,0,0,0,-2.302248574812577,0,0,3.5403291915876878,-3.4008608634806867,-0.83591150601915,0,0,-0.45642188431424646,2.9403798858748713,0,-2.4845701316065316
14HM227.M,-1.7261389413206305,2.4623029442805864,1.316476918132211,-1.7261389413206305,-3.846402477520721,0,0,-1.900492328465408,0,0,4.155510739780145,0.05219750757528363,0,-1.0131891334645053,0,0,2.225873712323674,0,0
14HM23.M,0,-0.863619251958708,-1.0067200955993814,0,0,0,0,-1.0867628032729177,-2.4730571643928085,0,5.185170361768543,-1.6257593040056049,0,0,0,0,1.8707482574608751,0,0
14HM230.M,0,2.6986668925174175,-2.4332022663929544,0,0,0,0,-1.2127001601158076,0,-2.327841750735128,4.224452133373939,-1.4523730133812278,0,0,0,0,1.3722248927693723,0,-0.8692267280356116
14HM231.M,0,0.6224915209188531,1.5303127526794347,0,-2.6977367982096347,-1.0882988857755347,0,-1.2706204425694891,0,0,4.303205195498619,-0.1653636111827108,0,0,0,0,1.463747066850094,0,-2.6977367982096347
14HM233.M,0,0,0,0,0,0,0,0,0,0,-3.33833539951351,0,0,0,0,0,3.338335399513511,0,0
14HM234.M,0,0.25019683637912316,-3.742747611401249,0,0,0,0,-1.0834875744684709,0,0,2.849220022152509,0,0,0,0,0,1.726818327338088,0,0
14HM236.M,-2.867673815941942,2.7737898943150014,-0.869577913716058,0,0,0,0,-2.549220084823407,0,0,3.6222907052413937,-2.3080580280065193,0,0,0,0,3.0184302155082143,0,-0.819980972576686
14HM237.M,0,0,0,0,0,0,0,0,0,0,-3.606202148701356,0,0,0,0,0,3.606202148701355,0,0
14HM238.M,0,-0.827224613975746,-0.7461834039726201,0,0,0,0,-1.9323515836650498,0,0,2.953564913185467,-2.728683000460226,0,0,0,0,3.280877688888177,0,0
14HM239.M,0,-0.2532890676046371,-0.6346566241337408,0,-0.5221786407070503,-0.1238310003677503,0,-1.807376884955572,0,0,1.6462669720791254,0,0,0,0,0,2.294630550012098,0,-0.5995653043224705
14HM240.M,0,-0.17496173595535858,-3.8125478956817442,0,0,0,0,-2.0207884264536893,0,0,4.244750400637045,-2.6338928993400983,0,0,0,0,4.397440556793848,0,0
14HM242.M,0,1.6991320344264889,-2.8315105109398058,0,0,0,0,-0.38521869727958524,0,0,3.103383684679782,0,0,0,0,-1.5918196240117908,1.5718772507334435,0,-1.5658441376085301
14HM243.M,0,-0.9747687984438018,-0.8526661016429022,0,0,0,0,0,0,0,2.5408389343960973,0,0,0,0,0,-0.7134040343093941,0,0
14HM244.M,0,-0.7085186726361261,-0.9489870076076414,0,0,0,0,-1.7125149849293861,0,0,1.9515807066068112,0,0,0,0,0,1.4184399585663439,0,0
14HM245.M,0,-2.6337543527879217,1.7116731294376306,0,0,0,0,-3.103757982033657,0,0,-0.5860615094226658,0,0,0,0,0,4.611900714806614,0,0
14HM246.M,-1.3699123936053477,-1.7753775017135118,0.5018897832962441,0,0,0,0,0.05720396203479794,0,-1.5522339503993021,1.6258198799486436,-2.3143740024461987,0,0,0,0,4.8269842228846755,0,0
14HM247.M,-0.003778403596388813,-0.039180330647305084,-2.1837611744981023,0,0,0,0,-3.1392726195255385,0,0,2.0547947256486987,0,0,0,0,0,3.3111978026186373,0,0
14HM248.M,0,-0.9651283028129773,-2.2868841427952966,0,0,0,0,-0.3512304939071722,0,0,2.0661549550053326,0,0,0,0,0,1.5370879845101149,0,0
14HM249.M,0,0.414442561814373,-1.629371802222312,0,0,0,0,-4.155100446530567,0,0,3.0006860992735582,0,0,0,0,0,2.327242086533709,0,0.042101501131241115
14HM25.M,0,0.8448522851754072,-0.010090422794236886,0,-2.7581881250257227,0,0,-2.2031912829465945,0,0,3.3795389290605105,0,0,0,0,0,0.7470786165306391,0,0
14HM250.M,-2.2839046560551846,1.0260767173353091,-1.1352819468124133,0,0,0,0,-1.8531217399627304,0,0,3.3088030016797507,-0.7884110029703022,0,0,0,0,2.4971561963965714,0,-0.7713165696110016
14HM251.M,0,-0.8459701570189466,-0.8351592409147308,0,0,0,0,0,0,0,-1.6065586183744243,0,0,0,0,0,3.2876880163081026,0,0
14HM255.M,0,0,0,0,0,0,0,0,0,0,-4.043543484695811,0,0,0,0,0,4.04354348469581,0,0
14HM257.M,0,-1.0280965605000993,0.2865418117133558,0,0,0,0,-2.074883781303623,0,0,0.49239386591750467,0,0,0,0,0,2.3240446641728623,0,0
14HM258.M,-0.8747290337196398,-0.413913830528311,-0.3541945958266881,0,0,0,0,-3.202006739304057,0,0,3.078389099656138,-2.6423909513686343,0,0,0,0,4.408846051091194,0,0
14HM26.M,0,2.54010591603201,-4.274985678086708,0,0,0,0,-1.6359283484714493,0,0,4.658150865725322,-2.8886913169668174,0,0,0,0,1.6013485617676428,0,0
14HM260.M,0.3172468615514781,-0.651003609253388,-2.6659066297956526,0,0,0,0,-1.8549764135793239,0,0,2.912879354685863,0,0,0,0,0,1.941760436391026,0,0
14HM261.M,0,0.10641401907330295,-2.5008946122273756,0,0,0,0,-1.5122832187735944,0,0,2.591320668861303,0,0,0,0,0,1.3154431430663625,0,0
14HM262.M,0,-0.24843158813418054,-0.8739585810191466,0,0,0,0,-1.8496727333641023,0,0,2.2840233550142788,0,0,0,0,-1.126372514633469,1.8144120621366175,0,0
14HM264.M,0.41005198501022466,0.8430904200224889,0.264466668041889,0,-3.9402259513490767,0,0,-2.330788038914976,0,0,2.6079931514132957,0,0,0,0,0,2.1454117657761547,0,0
14HM265.M,0,0.20828978071716264,0,0,0,0,0,-2.9697640496307827,0,0,3.4094833094426376,0,0,0,0,0,-0.6480090405290166,0,0
14HM266.M,-0.3984309574730709,-0.09452604951440247,0,0,0,0,0,0,0,0,2.572223115142224,0,0,0,-3.9726475032668667,0,2.112610923127476,0,-0.21922952801535978
14HM268.M,0,-0.11652224149053847,-0.9221474054771739,0,0,0,0,-1.9517668226583322,0,-3.050379111326442,3.1793146245137907,0,0,0,0,0,2.8615009564386975,0,0
14HM269.M,-1.0945932372307112,-0.6072981108749147,-0.7047534470256274,0,0,0,0,-1.421806148439127,0,0,2.2577558390369603,0,0,0,0,0,1.5706951045334172,0,0
14HM27.M,0,0.31219790401732705,2.8596249107866623,0,-1.9431343041261728,0,0,-2.773482606199603,0,0,3.410059672647698,0.1330969619234148,0,0,-4.508083661587709,0,2.5097211225383855,0,0
14HM270.M,0,0,-0.7606205873930989,0,0,0,0,0,0,0,-3.1146876362222877,0,0,0,0,0,3.875308223615388,0,0
14HM271.M,-2.1812910758746837,1.3781303110023657,1.6829412657171137,0,0,0,0,-4.532666333038161,0,0,3.1412542192404924,-0.5253331478056902,0,0,-4.127201224929997,0,5.164165985688559,0,0
14HM272.M,-2.7900381119577244,1.3187844694450295,0,0,0,0,0,-1.6506038287693596,0,0,2.941481117670076,0,0,0,0,0,0.1803763536119769,0,0
14HM275.M,-1.3827815861804749,-1.0894337761930162,0.003512774939415486,0,0,0,0,-1.196679306546614,0,0,2.012336749405298,0,0,0,0,0,1.653045144575394,0,0
14HM277.M,-1.6690928816179307,0.6567490735403823,-2.892868313240047,0,0,0,0,0,0,0,3.4701597903004178,0,0,0,0,0,1.6792620186698448,0,-1.2442096876526652
14HM278.M,-2.8440100920665894,0.5437642692634252,-1.996712231679386,0,0,0,0,-2.333184468300599,0,0,3.8365099426980818,0,0,0,0,0,2.793632580085066,0,0
14HM279.M,0,-1.7181921416326977,-1.0596163051378413,0,0,0,0,-1.1655353240215787,0,0,1.4423137991398391,0,0,0,0,0,2.501029971652277,0,0
14HM28.M,0,0.6222354781475561,0.08627388111002343,0,0,0,0,-0.9153766997152886,0,0,3.586301411011271,-4.1442028554366575,0,0,0,0,0.7647687848830982,0,0
14HM281.M,0,-2.6723178644965535,-0.2348134536031372,0,0,0,0,0.32341440905743735,0,0,0.5728752686890202,0,0,0,0,0,2.010841640353232,0,0
14HM282.M,0,-0.6974928162287926,-0.05086565130374021,0,0,0,0,0,0,0,2.0521063877862895,-3.0953880890271632,0,0,0,0,4.193881077240625,0,-2.402240908467218
14HM283.M,0,-0.0637043271953921,0.3368898506781761,0,0,0,0,-2.682558949493131,0,-1.9696091416370058,0.7931272841597634,0,0,0,0,0,3.5858552834875885,0,0
14HM284.M,0,0.8203709745336587,-2.899280138247031,0,0,0,0,-2.899280138247031,0,0,2.5134813626918744,0,0,0,0,0,1.773548696214875,0,0.6911592430536526
14HM285.M,0,-0.19817732570666635,-3.8702496615042215,0,0,0,0,-0.2503630788772373,0,0,2.443902067254231,0,0,0,0,0,1.8748879988338931,0,0
14HM286.M,0,-1.1295156980188743,-2.9432540739657047,0,0,0,0,0,0,0,-0.3990308470212849,0,0,0,0,0,4.471800619005865,0,0
14HM287.M,0,2.029387371982649,1.1496353402874702,0,0,-2.8810591948581745,0,-1.6001253493961105,0,0,3.480761283244404,-4.490497107292275,0,0,0,0,2.311897656032036,0,0
14HM288.M,0,0,0,0,0,0,0,0,0,0,-2.271879996691444,0,0,0,0,0,5.642372282050998,-3.3704922853595534,0
14HM289.M,0,0.20928193240662818,-0.7662366336678597,0,0,0,0,-1.1180806503369265,0,0,2.6704805752428307,-0.22865356073231968,0,0,0,-2.2410843921291956,1.4742927292168426,0,0
14HM29.M,0,-1.7061798149391967,-1.5120238004982394,0,0,0,0,-0.6563576904405197,0,0,2.1694755463180737,0,0,0,0,0,1.7050857595598803,0,0
14HM292.M,0,1.4600769359228867,1.5716017818667751,0,0,-3.0810879200892924,0,-0.7015417859591189,0,0,2.655914392447052,0.13778790477890812,0,0,-3.9973786519634475,-0.7987055344127665,2.7533328774090027,0,0
14HM293.M,-1.5320429531300697,1.3617417773623357,-0.1496021613261691,0,-2.068844063299321,0,0,-0.68254970217943,0,0,3.1286347120053692,0,0,0,-1.755186504444279,0,1.6978488950115613,0,0
14HM294.M,0,0,-1.6097270014231153,0,0,0,0,-2.9090099855533764,0,0,0.30986583931482414,0,0,0,0,0,4.208871147661666,0,0
14HM296.M,-2.0824555993004896,2.722930633358107,0.274196714963832,0,0,0,0,-3.0269172081413407,0,0,4.783551330301262,-2.487920707408654,0,0,-2.028388378030214,0,1.8450032142574955,0,0
14HM297.M,0,-0.6890320598638091,-2.3807080705348813,0,0,0,0,-2.7171803071560943,0,0,1.2224578653050253,0,0,0,0,-0.9593223896037206,5.523784961853478,0,0
14HM298.M,-0.7434834122797076,2.709673708313159,2.044889177661335,0,-2.671375055832343,0,0,-0.5919335141525073,0,-3.6522043088440688,4.114212589175587,0.15445818092625085,0,0,-4.057669416952233,0,2.6934320519845265,0,0
14HM299.M,-1.3176003631265116,-1.0540158422537909,0,0,0,0,0,-0.21371101735755804,0,0,1.7756042532363,0,0,0,0,0,1.2868514373112712,0,-0.47712846780970786
14HM30.M,0,2.55520734023857,-1.8756094586047438,0,0,0,0,-3.747411635506335,-2.1892670174597857,0,3.962681495273925,0,0,0,0,0,1.2943992760583702,0,0
14HM300.M,0,-0.3321627735512518,-2.1779894640495825,0,-2.5834545721577467,0,0,0,0,0,2.4838760656150543,-0.18555929935937643,0,0,0,0,2.795290043502904,0,0
14HM301.M,0,-0.19265401716375585,-0.5314277507732479,0,0,0,0,-0.688270222266218,0,0,1.347791023783393,-0.9328687085816867,0,0,0,0,0.9974296750015128,0,0
14HM302.M,0,-2.75902798464898,0.13134377324718471,0,0,0,0,-0.0702091454746574,0,0,1.8990056908961792,0,0,-1.7092058601503024,0,0,2.508093526130576,0,0
14HM304.M,-1.2508345448936495,-1.3546313385752935,-2.217677555930636,0,0,0,0,0,0,0,3.7798795051765035,0,0,0,0,0,1.0432639342230772,0,0
14HM306.M,0,1.492795323139747,0.8468809166197806,0,-2.5080231810715303,-1.2552602125761623,0,-1.0527359484646883,0,0,2.9549002211664037,-1.5635615722306788,0,0,0,0,3.9294998711098694,0,-2.844495417692743
14HM308.M,-1.809633169939132,-0.849857326125238,0.7567396753072586,0,0,0,0,-1.8667915837790807,0,0,1.3684206604088134,0,0,0,0,0,2.401121744127379,0,0
14HM309.M,0,0.019390518476251728,-0.9823038729994362,0,0,0,0,-1.2740100957509428,0,0,1.8423684938694471,0,0,0,0,-0.9013348104657695,1.2958897668704497,0,0
14HM31.M,0,-0.4113788634116813,-1.1651506657880613,0,0,0,0,-2.1459799187997874,0,0,2.3096585332173403,-1.1243286712678064,0,0,0,0,2.537179586049998,0,0
14HM310.M,0,1.3260899096705572,1.5256927993718783,0,-3.9071554601337644,0,0,-3.2140082795738194,0,0,3.257023395397381,0.24388444576488144,0,0,0,0,0.7684731895028882,0,0
14HM311.M,-1.7928405054172822,0.5696769282994367,-1.2248564678113434,0,0,0,0,-2.3747620508670035,0,0,3.32744022856968,0,0,0,0,0,1.4953418672265144,0,0
14HM312.M,0,0.1321174568239325,-3.945419987081787,0,0,0,0,-1.3063626574665288,0,0,4.769065472058226,0,-1.2373697859795771,0,0,0,1.5879695016457331,0,0
14HM314.M,-1.3815503345083777,1.4913078408950788,-0.15288491759207012,0,0,0,0,-0.9220180051299378,0,-2.6136940158010105,3.8337250393375273,-2.257019071862278,0,0,0,0,2.0021334646610693,0,0
14HM315.M,0,-1.2981445637111868,1.4322726675379185,0,0,0,0,-2.5509075322065553,0,0,-0.29305833305390117,0,0,0,0,0,2.7098377614337252,0,0
14HM318.M,-0.46540803090919525,-0.014574317771179679,0,0,0,0,0,-2.26990652591468,0,0,4.012072616722802,0,0,0,0,-1.1459764292622805,1.351352740524277,0,-1.4675600533897426
14HM321.M,0,2.527299970833144,-1.0970409621432209,0,0,0,0,-3.0497307981839126,0,0,2.487978351688125,0,0,0,0,0,-0.8685065621941339,0,0
14HM322.M,0,0.3449840849243735,0.11754209284994932,0,0,0,0,-1.7950820785718968,0,0,2.8642211159961226,-2.4474072646115874,0,0,0,0,0.9157420494130379,0,0
14HM323.M,0,0.7343002407617183,-0.6086973146048482,0,0,-1.0355765172168292,0,-2.894475289282513,0,0,3.5322828189790227,-0.617208004272757,0,0,0,0,1.7578964981898721,0,-0.8685224325536636
14HM325.M,-2.662380526119133,2.3688260348192163,1.305689164296271,0,-2.723005147935568,0,0,-3.193008777181303,0,0,4.05221823875513,1.0086943033612963,0,0,-2.6052221122791845,0,2.448188822283276,0,0
14HM326.M,0,0.41474951928120607,-0.9599392957183772,0,0,0,0,-3.5248886531799135,0,0,3.3780550688050006,0,0,0,-2.089804127890591,-1.4454471115000778,4.227274600202753,0,0
14HM328.M,0,-0.8087229259025581,-0.4545511121819441,-1.2787265551482938,0,0,0,-0.3704679949714027,0,0,0.09751747011809542,0,0,0,0,0,2.8149511180861033,0,0
14HM329.M,0,-0.34933227917884757,0,0,0,0,0,-2.6984373878077865,0,0,2.2583952002954932,0,0,0,0,0,0.7893744666911395,0,0
14HM33.M,0,1.0463589318356457,0.4014138530935787,0,0,0,0,-1.9267045419056323,0,0,3.174947506896136,0,0,0,-3.5892522796536808,0,0.8932365297339535,0,0
14HM330.M,0,-0.3896589313759282,0,0,0,0,0,-1.1881666275936995,0,0,-0.22602950759412632,0,0,0,0,0,1.8038550665637558,0,0
14HM332.M,-1.67714089957,1.2072606913396609,-0.2644132813819535,0,0,0,0,0,0,0,3.973592353996385,-1.4258264712890938,0,0,-3.399907497311103,0,1.5864351042161076,0,0
14HM334.M,0,-0.44223844731764217,0.44310203851541186,0,0,0,0,-4.403051616915221,0,0,2.991134128998185,0.06285650173936297,0,0,0,0,1.3481973949799038,0,0
14HM335.M,0,0.11436691045502112,1.9839369435726724,0,-2.370539739332979,0,0,-4.4074216665940185,0,0,3.303082302863145,-0.6308366320609773,0,0,-2.2101970892577993,0,4.217608970354937,0,0
14HM336.M,-1.563195641582673,-0.06121688146332005,-0.9383677050002053,0,0,0,0,-2.1322901734726396,0,0,1.8448961578619194,0,0,0,0,0,2.8501742436569204,0,0
14HM337.M,0,0,0,0,0,0,0,0,0,0,1.294935722962868,0,-0.8037636353213822,0,0,0,0.8805755852858361,0,-1.3717476729273215
14HM339.M,0,0.3817142506298872,-0.12911137313610332,0,-3.092508266047158,0,0,-3.0054968890575284,0,0,3.2681659721459777,-1.558577906121203,0,0,0,0,4.135814211586128,0,0
14HM34.M,0,1.0970409961887824,-1.3668122444013857,0,0,0,-3.1585717136294407,-0.9613471362932215,0,0,1.7830707089798632,0,0,0,0,0,2.6066193891554037,0,0
14HM340.M,0,-0.5894729290465932,0,0,0,0,0,-2.057832243220788,0,0,2.014786791485359,0,0,0,0,0,0.6325183807820212,0,0
14HM341.M,0,-1.530450018090491,-0.20003611536505694,0,0,0,0,-2.3633591410255947,0,0,2.2144398481663643,0,0,0,0,0,1.8794054263147792,0,0
14HM342.M,0,-0.6492990763393873,-2.4645890429776363,-2.0126039192345786,0,0,0,-1.3194567386746336,0,0,2.1312520477219365,0,0,0,0,-0.478673559308624,4.7933702888129215,0,0
14HM343.M,0,0,-4.336406998247304,0,0,0,0,0,0,0,-1.1794065770971907,0,0,0,0,0,5.5158135753444935,0,0
14HM344.M,-1.7190409351836515,1.9269310179190082,0.838186376183975,0,-1.6992383078874718,0,0,-3.685153791556484,0,0,2.9394804263014347,0.4091907706656164,0,0,-2.4530101102638517,0,3.4426545538214217,0,0
14HM345.M,0,2.104596344624942,-0.5279463039691228,0,-1.987571938174563,0,0,-2.8204810611096667,0,0,4.455937019456529,-1.987571938174563,0,0,0,0,0.7630378773464432,0,0
14HM347.M,-3.0632889112572443,0.6743807070261241,1.7940980735307637,0,-1.5454181923486345,0,0,-1.191486734355653,0,0,2.676504000921989,-0.2985433664784889,0,-2.700383417567876,0,0,3.654137840529021,0,0
14HM348.M,0,-1.0013969960963447,-1.723958061862584,0,0,0,0,-0.8534768660197232,0,0,2.2090375037240557,0,0,0,0,0,1.369794420254597,0,0
14HM35.M,0,-0.7389524363988786,-1.0266345088506599,0,0,0,0,-1.614421173752779,0,0,2.8140118337352584,0,0,0,0,0,0.565996285267059,0,0
14HM350.M,0,-0.7824240103535263,-4.040520548375008,0,0,0,0,-0.9050263324458587,0,0,3.584342548611918,0,0,0,0,0,2.143628342562475,0,0
14HM351.M,0,-0.876537808381296,1.2635283551149747,0,-3.8722700819352873,0,0,-2.5372690152029476,0,0,3.0810320120028196,-0.8567351810851171,0,0,0,0,3.798251719486852,0,0
14HM352.M,0,-0.31446785869877747,1.2368087631387592,0,-2.7259073566049055,0,0,0,0,0,2.624053243094969,0.5828091722630848,0,0,-3.775729481103583,0,2.372433517910456,0,0
14HM353.M,-1.0285254043014578,-2.163505337140442,1.0729920890775784,0,0,0,0,-0.4487069090485156,0,-1.4162909353102213,4.286438353361322,0,-1.470358156580497,0,0,-0.6971682683470153,3.00697865789771,0,-1.141854089608461
14HM355.M,0,-4.120280257727083,0,0,0,0,0,0,0,0,-0.37921505044257664,0,0,0,0,0,4.49949530816966,0,0
14HM356.M,0,-0.5023898103501478,-0.4408319173507147,0,0,-0.9819628906120341,0,-3.2592301756217896,0,0,2.53149422916822,0,0,0,0,0,2.6529205647664664,0,0
14HM357.M,0,0,-1.5424189375283426,0,0,0,0,0,0,0,-2.6294704037953758,0,0,0,0,0,4.17188934132372,0,0
14HM358.M,0,0.6036252803126896,0.23842256962008257,0,-2.654471257708792,0,0,-1.8953661093570497,0,0,2.964611216255099,-0.11072410789785891,0,0,-1.2911664148136008,0,2.145068823589428,0,0
14HM359.M,0,0.2200073913298226,-0.287445248588555,0,0,0,0,-1.933890994317406,0,0,1.9674080477477638,-3.1494246210444183,0,0,0,0,3.1833454248727957,0,0
14HM36.M,0,-3.427448163874635,2.255451099865142,-1.9923636385853123,0,0,0,-0.3094982575963945,0,0,1.6029897575178005,0,0,0,0,0,1.8708692026734015,0,0
14HM360.M,0,0.636034509674511,0,0,0,0,0,-1.9279153474539426,0,0,0.8979178893046509,0,0,0,0,0,0.3939629484747815,0,0
14HM361.M,0,0.0730524720958865,0.2880104388236573,0,0,0,0,-1.3662529049905077,0,0,2.0202234719074417,-2.46773463608657,0,0,0,0,1.4527011582500906,0,0
14HM362.M,0,-0.9330912317929663,-2.344575841741416,0,0,0,0,-0.24243471254547355,0,0,1.3861047192425362,0,0,0,0,0,2.1339970668373196,0,0
14HM363.M,0,-0.3056629040836514,0,0,0,0,0,-2.861059431626197,0,0,3.5133526782817217,0,0,0,0,0,-0.3466303425718751,0,0
14HM364.M,0,1.124876395488248,-0.33721738546731306,0,0,0,0,-1.4543487219026607,0,0,3.9986532273150015,0,0,0,-5.434030375804621,0,2.1020668603713464,0,0
14HM365.M,0,-5.519327757934015,3.444728370286315,0,0,0,0,-1.6798754453407039,0,0,4.7565333677100785,0,0,0,0,-2.601557025849736,1.5994984911280623,0,0
14HM367.M,0,-1.8475205173461298,0.3223986092998228,0,0,0,0,-4.650880898252664,0,0,0.11342750907372423,0,0,0,0,0,6.062575297225246,0,0
14HM369.M,0,-0.6290030680154537,-1.305566120559864,0,0,0,0,-1.44664471881977,0,0,1.3941158308718293,0,0,0,0,0,1.9870980765232575,0,0
14HM37.M,0,1.9998410332309735,0.8707518537685468,0,-2.3873446842529353,0,0,-1.3238237153960961,0,0,3.4938623188311224,-0.5561434829735834,0,0,-3.808730365184096,0,1.7115870419760713,0,0
14HM370.M,0,0,0,0,0,0,0,-1.0463636822222009,0,0,1.3274732130513547,-1.9211259553997735,0,0,0,0,1.6400164245706188,0,0
14HM371.M,0,0.8870428279604221,1.0711689339513297,0,-3.3414739471580504,0,0,-1.701730685228621,0,0,2.6512078075700254,-1.4029167724079956,0,0,0,0,1.8367018353128879,0,0
14HM372.M,0,-0.03228417168362796,-1.30887603884928,0,0,0,0,-2.0961495001013146,0,0,2.057874998995967,0,0,0,0,0,1.3794347116382593,0,0
14HM373.M,0,-1.9133310450925283,0.07288148298680763,0,0,0,0,-3.8516939885124586,0,0,2.358694694367026,-1.3667873387244578,0,0,0,0,4.700236194975613,0,0
14HM374.M,0,0.2499170911192259,-1.3851163685038381,0,-2.1160038770466305,0,0,-2.1160038770466305,0,0,1.9942392712432682,-2.5408870710118965,0,0,0,0,5.913854831246499,0,0
14HM375.M,0,-0.913156360584507,-3.9985007928281857,0,0,0,0,-1.6959156998341403,0,0,3.805903577772817,0,0,0,0,0,2.801669275474014,0,0
14HM376.M,0,-1.571237377278199,-1.3553489968451613,0,0,0,0,0,0,0,1.8307628948325467,0,0,0,0,0,1.0958234792908135,0,0
14HM377.M,0,-1.9166798713384408,-2.2421022717730685,0,0,0,0,-3.302974232458331,0,0,1.101031308934326,0,0,0,0,0,6.3607250666355135,0,0
14HM381.M,0,-0.6847553527575121,0,0,0,0,0,-3.8860868679748037,0,0,4.35536427851153,0,0,0,0,0,0.21547794222078398,0,0
14HM382.M,0,-1.0261099165996166,0.539156777521347,0,0,0,0,-3.5110165663876165,0,0,3.3257199809140223,-0.5763719848134636,0,0,0,0,1.2486217093653282,0,0
14HM384.M,0,-0.6035251276743203,1.2404422502338273,0,-1.4876587479139438,0,0,-0.9592668004300542,0,0,2.1037404519674725,-1.762762038158865,0,0,0,0,1.4690300119758826,0,0
14HM385.M,0,0,-1.3213402740506002,0,0,0,0,0.8662138982539371,0,0,1.969819588397515,0,0,-1.9608347411182256,0,-1.632927867355935,2.079069395873306,0,0
14HM388.M,0,1.2589010425399376,1.8421637028732771,0,-1.7012629305824953,0,0,-2.920503207039219,0,0,3.2307963827006017,0.322689925479688,0,0,-1.8091518925936798,0,1.6783006026665372,0,-1.901933626044646
14HM389.M,0,-0.8408208358345615,-0.5867553741817657,0,0,0,0,-2.6921724022648625,0,0.16550699394576007,1.4082937356980683,0,0,0,0,0,2.5459478826373623,0,0
14HM390.M,0,-3.235782505858457,0.40836105441408765,0,0,0,0,-3.9289296864184022,0,0,4.504229509387826,0,0,0,0,0,2.2521216284749466,0,0
14HM391.M,0,-0.16250145666220028,-1.4897974770201352,0,0,0,0,-0.39118518835202565,0,0,2.0359501146929873,-1.0171930660743422,0,0,0,0,2.151619056746484,0,-1.1268919833307667
14HM392.M,0,-1.153597855876649,0,0,0,0,0,0,0,0,2.2048136048497335,0,0,0,0,0,-1.0512157489730836,0,0
14HM394.M,0,0,-0.5445663858909295,0,0,0,0,-1.265112540638989,0,0,0.21577023915681703,0,0,0,0,0,1.5939086873730997,0,0
14HM395.M,0,-0.8945593807217294,-2.5993074729601546,0,0,0,0,-3.2924546535200996,0,0,0.29106428493601033,0,0,0,0,0,6.495257222265973,0,0
14HM398.M,0,0.18870375152565355,-0.5859932959983993,0,0,0,0,-2.1199236559243544,0,0,1.5839936755541224,0,0,0,0,0,0.9332195248429755,0,0
14HM399.M,0,-3.5393872480835524,3.0026042896419716,0,0,0,0,-3.028561624317562,0,0,1.6215819273132608,-3.944852356191717,0,0,0,0,5.888615011637601,0,0
14HM40.M,0,-0.4023139913011402,-0.4676967505639924,0,0,0,0,-1.4759249777638326,0,0,1.181481490519622,0,0,0,0,0,1.1644542291093414,0,0
14HM400.M,0,-1.134948120103024,0,0,0,0,0,-1.4470812884189694,0,0,0.49030608177436097,0,0,0,0,0,2.0917233267476325,0,0
14HM402.M,0,0,0,0,0,0,0,-3.173540301181098,0,0,2.1662691056266716,0,0,0,0,0,1.0072711955544271,0,0
14HM403.M,0,0,-2.2564092730604197,0,0,0,0,-0.6304420586751087,0,0,0.35855050497577867,0,0,0,0,0,2.5283008267597493,0,0
14HM406.M,0,-0.5959816550840973,0,0,0,0,0,0,0,0,1.5269792358524121,0,0,0,0,0,-0.9309975807683148,0,0
14HM407.M,0,0.9679550906814747,0,0,-3.159179294363617,0,0,-1.2496367894791787,0,0,3.6654660778955135,-2.466032113803672,0,0,0,0,5.6882883958848796,0,-3.446861366815398
14HM409.M,0,2.8246569636874836,-3.607478947263282,0,0,0,0,-0.39529211054587776,0,-4.012944055371446,3.605675524975795,0,0,-2.031942586504863,0,0,3.34668270453301,0,0.27064250648918264
14HM41.M,0,0.7130402456391565,-3.953538568477578,0,0,0,0,0.07181312225757086,0,-1.33857879044138,3.0594772211620525,0,0,0,0,-1.6848550271592138,3.1326417970193896,0,0
14HM412.M,0,-0.9740474357283171,-2.8218963716074152,0,0,0,0,-2.7477883994536936,0,0,1.285819927580575,0,0,0,0,0,5.257912279208849,0,0
14HM413.M,0,-1.6775945907248202,0,0,0,0,0,-0.9020764127317475,0,0,0.5983768537511356,0,0,0,0,0,1.981294149705434,0,0
14HM414.M,0,0.6198698224426726,-2.543050694932167,0,0,0,0,-1.6455398577096076,0,0,2.7692383786012558,0,0,0,0,0,0.799482351597848,0,0
14HM415.M,0,2.3632615200259472,1.3159630932015034,0,0,0,-3.034901181491805,-2.4883574751237356,0,0,2.8256260081687,-1.3723534437437568,0,-2.0315990726280204,0,0,2.4223605515911686,0,0
14HM416.M,0,0,-1.4864232635241077,0,0,0,0,0,0,0,-1.798069616414618,0,0,0,0,0,3.2844928799387247,0,0
14HM417.M,0,0,0,0,0,0,0,0,0,0,-3.8463608523166206,0,0,0,0,0,3.8463608523166215,0,0
14HM418.M,0,-2.058936155834066,-1.7312487487685857,0,0,0,0,-0.5801184258170302,0,0,0.52621590894499,0,0,0,0,0,3.8440874214746925,0,0
14HM419.M,0,-0.9849568226078098,-1.3904219307159744,0,0,0,0,-2.865844071731872,0,0,1.1616240219096543,0,0,0,0,0,4.079598803146002,0,0
14HM420.M,0,0.8982129589373704,0.07686679157512355,0,0,0,0,-4.785057545989692,0,0,3.6245909279538777,0,0,0,0,0,0.18538686752331834,0,0
14HM421.M,0,-0.4400416369663649,-2.280003208012298,0,0,0,0,-4.882692893456682,0,0,2.4988090010500255,0,0,0,0,0,5.103928737385317,0,0
14HM422.M,0,-4.070147278899352,0,0,0,0,0,0,0,0,-1.3959986294728233,0,0,0,0,0,5.466145908372177,0,0
14HM423.M,0,-1.195019133348855,-2.203247360548696,0,0,0,0,-3.4196426848731893,0,0,1.0081934858319865,0,0,0,0,0,5.809715692938756,0,0
14HM424.M,0,-2.169705420860552,-2.9682131170783244,0,0,0,0,0,0,0,0.8762445688540561,0,0,0,0,0,4.2616739690848195,0,0
14HM425.M,0,-2.0516302120953105,-2.5394202654594773,0,0,0,0,0,0,0,1.5101236884737084,0,0,0,0,0,3.0809267890810776,0,0
14HM427.M,0,0.9183768590490535,0.9524680432445711,0,0,0,0,-2.622447009519039,0,0,3.0763698860017703,0,0,0,0,0,1.3329219054782042,0,-3.657689684254559
14HM428.M,0,0.10359077571749609,-1.8767598633181093,0,0,0,0,-1.3640492248563474,0,0,1.3567256988386882,0,0,0,0,0,1.7804926136182733,0,0
14HM429.M,0,-0.5330309709232361,0,0,0,0,0,-2.0988652458752046,0,0,1.2633602805548572,0,0,0,0,0,1.3685359362435836,0,0
14HM43.M,0,-0.5516363110434401,0,0,0,0,0,-1.8043992795388082,0,0,1.4178043354220673,0,0,0,0,0,0.938231255160181,0,0
14HM430.M,0,-0.6014552234295989,0,0,0,0,0,-2.0443554467710072,0,0,2.4193297222921464,0,0,0,0,0,0.22648094790845885,0,0
14HM431.M,0,-0.5011582258601219,-4.096184771167712,0,0,0,0,-2.070231914438862,0,0,2.2785560787592853,0,0,0,0,0,4.3890188327074124,0,0
14HM433.M,0,0.29751032642744235,-4.370634658722038,0,0,0,0,-1.0324954130270187,0,0,3.285938998190506,0,0,0,0,0,1.8196807471311098,0,0
14HM435.M,0,0,0,0,0,0,0,0,0,0,-4.364236176331342,0,0,0,0,0,4.364236176331342,0,0
14HM436.M,-1.6204976719496917,-0.19588444652766412,-3.4767956623153173,0,0,0,0,-1.5746881359183975,0,0,3.221472391800095,0,0,0,0,0,3.6463935249109767,0,0
14HM437.M,0,1.6059967414011798,0.3100389937407053,0,-3.079985087323325,0,0,-3.079985087323325,0,0,2.519670678123978,0.08055516053191258,0,0,0,0,1.643708600848873,0,0
14HM438.M,0,-1.2990320761754752,-0.5073203285599748,0,0,0,0,-1.3734465617415585,0,0,1.8343813344251245,0,0,0,0,0,1.3454176320518858,0,0
14HM439.M,0,-2.022607016237772,0,0,0,0,0,0,0,0,-1.151261996067734,0,0,0,0,0,3.1738690123055058,0,0
14HM44.M,0,-0.8128142283350721,0,0,0,0,0,-3.530343173391826,0,0,0.7463229456242297,0,0,0,0,0,3.596834456102668,0,0
14HM441.M,0,0,0,0,0,0,0,-1.352021343265915,0,0,-0.19996122015439255,0,0,0,0,0,1.5519825634203075,0,0
14HM442.M,0,0.3228751264446581,-2.045891873430689,0,0,0,0,0.04010706879530623,0,0,2.5353091224444064,0,0,0,0,0,2.1920212592881336,0,-3.0444207035418156
14HM444.M,0,-0.221108869174639,1.5363821432186011,0,-1.946005393173568,0,0,0,0,0,2.4546891895876195,0.4285531994455676,0,0,-4.541260100130433,0,2.288749830226851,0,0
14HM449.M,0,0,0,0,0,0,0,-1.0857276355259122,0,0,0.5941056731692251,0,0,0,0,0,0.491621962356688,0,0
14HM45.M,0,1.0413903268081013,0.9562325184677949,0,-3.1869022079237377,0,0,-0.25304533808783436,0,-3.697727831689728,2.9649790605901485,-0.23199192889000209,0,0,0,0,2.4070654007252568,0,0
14HM451.M,0,-0.3851792022310345,1.3393280399878522,0,0,0,-2.1708596253827075,-1.4960615834909587,0,0,0.38847961918806195,0,0,0,0,0,2.324292751928785,0,0
14HM452.M,0,0,0,0,0,0,0,0,0,0,-3.3372806959072125,0,0,0,0,0,3.3372806959072134,0,0
14HM453.M,0,-1.3341544046717262,1.0737222360846737,0,-2.121233405065875,0,0,0,0,0,2.319276522983098,-1.0586147190456705,0,0,0,0,1.1210037697154993,0,0
14HM454.M,0,-2.006342008614319,-2.311723658165501,0,0,0,0,-3.004870838725446,0,0,0.8693019425716022,0,0,0,0,0,6.453634562933666,0,0
14HM455.M,0,0.9167113030916783,-3.0394224007839408,0,0,0,0,-1.7033898744449383,0,0,2.606440124462952,0,0,0,0,0,1.2196608476742474,0,0
14HM456.M,0,-1.6037752632523556,0,0,0,0,0,-2.3393180027799865,0,0,3.2390143236106397,0,0,0,0,0,0.7040789424217024,0,0
14HM458.M,0,0.4463497733392656,-2.087347040618167,0,0,0,0,-3.0036377724923216,0,0,2.4811591609983332,-0.9241962308124858,0,0,0,0,3.0876721095853763,0,0
14HM46.M,0,-0.05478395360516597,-0.044963907424190985,0,0,0,0,-3.5745870776751683,0,0,2.663954537709121,0,0,0,0,0,1.0103804009954036,0,0
14HM460.M,0,-1.2954239696993817,-1.8942604707880855,0,0,0,0,-1.375466677372918,0,0,1.6076868139742126,0,0,0,0,0,3.7138917728528664,0,-0.7564274689666943
14HM462.M,-2.363423177645257,0.7773592579054567,-0.621674128991863,0,0,0,0,-1.2017979211484136,0,0,4.666787133032797,-2.493476305893455,0,0,0,0,1.2362251427407367,0,0
14HM464.M,0,-0.6865793887530733,-0.13747157841606583,0,0,0,0,-1.7610941258421229,0,0,1.6424813782249998,0,0,0,0,0,1.8164546456274833,0,-0.8737909308412197
14HM465.M,0,0,-0.03632937558024629,0,0,0,0,0,0,0,-1.225913442454083,0,0,0,0,0,2.824628497109625,0,-1.562385679075296
14HM466.M,0,1.0776860232119496,-1.0207187191756422,0,0,0,0,-1.7694357508903984,-2.3629530905015024,0,2.9471054230522027,0,0,0,0,0,1.1283161143033889,0,0
14HM468.M,0,0,-2.3157773760610505,0,0,0,0,0,0,0,-2.417560070370993,0,0,0,0,0,4.733337446432044,0,0
14HM47.M,0,-0.27213853293837165,-0.526372671322612,0,0,0,0,-1.0504435218386234,0,0,2.9757015049159214,-2.659881434272724,0,0,0,0,1.533134655456407,0,0
14HM470.M,0,0,-3.4702406123992464,0,0,0,0,0,0,0,-1.8897902368383983,0,0,0,0,0,5.360030849237646,0,0
14HM471.M,0,0.7212544630779503,2.0363678132006697,0,-3.027095544634314,0,0,-2.061081377407729,0,-1.7224792145286907,3.196141880485932,-0.7245104516402687,0,0,0,0,1.5814024314464525,0,0
14HM474.M,0,-0.024338077939170866,0.47806897536122417,0,-1.7750360603694517,0,0,-0.9082253857586666,0,0,2.1664341463849954,-1.6976493967540316,0,0,0,0,1.7607457990750994,0,0
14HM475.M,0,0.525970596431379,-1.9545404418835837,0,0,0,0,-1.1613098027666555,0,0,1.7968194960084674,0,0,0,0,0,4.305745212140524,0,-3.512685059930133
14HM477.M,0,0,0,0,0,0,0,0,0,0,-4.283774946745977,0,0,0,0,0,4.283774946745977,0,0
14HM481.M,0,0.5795869023855644,-0.7843351609797926,0,0,0,0,-4.413110691024023,0,0,3.6608116775481507,-0.21340561314409712,0,0,0,0,2.1935394951741918,0,-1.0230866099599938
14HM482.M,0,1.231863132290231,-3.2623754929905786,0,0,0,0,-1.3164653439352656,0,0,3.506117718658051,0,0,0,0,0,3.1032354789681404,0,-3.2623754929905786
14HM483.M,0,0,0,0,0,0,0,0,0,0,-3.549332984729173,0,0,0,0,0,3.5493329847291735,0,0
14HM484.M,0,-0.9835361061859391,0,0,0,0,0,-3.5779612817804294,0,0,3.481274448473087,0,0,0,0,0,1.0802229394932796,0,0
14HM486.M,0,-1.940176196193729,-1.9226318865428196,0,0,0,0,0.0598677099447853,0,0,1.9146675726893907,0,0,0,0,0,1.8882728001023725,0,0
14HM489.M,0,1.0375667373655917,0,0,0,0,-4.130072305540328,0.20066103474600272,0,0,3.0442690825988548,0,0,0,0,0,3.0613570244960506,0,-3.2137815736661732
14HM49.M,0,0.02463926114985515,-1.1688895840149973,0,0,0,0,-2.293819181000481,0,0,2.651815262878361,0,0,0,0,0,0.7862542409872608,0,0
14HM490.M,0,-0.4879497081974762,-1.839368740003354,0,0,0,0,-1.6034045002600834,0,0,0.7470604245692494,0,0,0,0,0,3.183662523891666,0,0
14HM491.M,0,-0.11916245445767792,-2.5670056868687903,0,0,0,0,-0.5071203239828215,0,0,2.2053485861660267,0,0,0,0,0,0.9879398791432639,0,0
14HM492.M,0,-0.08828423990733114,-0.9934016711833618,0,0,0,0,-2.7851611404114163,0,0,3.9304691290253704,0,0,0,0,0,-0.06362207752326299,0,0
14HM493.M,-1.8417492068779562,1.5048302513547709,3.4002837675774007,0,0.11567738423891605,-0.8883189280543444,0,-1.2782798496265437,0,-1.1219337792358495,3.3768519752585977,-0.9200676263689243,0,0,-4.06637275840229,-1.5208414867978548,3.3992825517317673,0,-0.15936229479768826
14HM494.M,0,0.29328777967110575,-0.9048831020387222,0,0,0,-2.810301889739299,-1.8294726367275724,0,-1.541790564275792,3.9168636652936417,0,0,0,0,0,2.8762967478166352,0,0
14HM495.M,-2.7669034658154685,1.7273351594653414,0.9865145094360388,0,-3.1723685739236327,-2.2560778420494776,0,-1.6142239558770832,0,0,4.19281155209738,-1.4231687191143738,0,0,0,0,5.840221833101376,0,-1.5141404973201005
14HM496.M,0,-1.403001217634638,-0.5907332085766495,0,0,0,0,-1.573346583381877,0,0,-0.7466680101974097,0,0,0,0,0,4.313749019790573,0,0
14HM497.M,0,-1.2817638290558953,0,0,0,0,0,-3.9898140301581053,0,0,4.3414109635439795,0,0,0,0,0,0.9301668956700198,0,0
14HM498.M,0,-0.5464196624320969,0.023246461356826842,0,0,0,0,-0.9318841038335917,0,0,2.638206239393025,-4.448392332006742,0,0,0,0,3.26524339752258,0,0
14HM50.M,0,0,1.2579039280255175,0,0,0,0,0,0,0,-3.457972459945153,0,0,0,0,0,2.2000685319196362,0,0
14HM501.M,-1.7535664973357465,1.4561768439691818,2.4277894418759844,0,-0.09533842073221432,-1.1069393324106942,0,-2.4932336935305845,0,-0.5138756104077311,2.6461995860509466,-0.2196361374097915,0,0,0,-1.1189155234574093,2.725576536185959,0,-1.9542371927978976
14HM503.M,0,-0.44288195595542224,0,0,0,0,0,-1.1701621428848261,0,0,1.7669400462177602,0,0,0,0,0,1.3611066817990443,0,-1.5150026291765561
14HM506.M,0,-3.796864905587948,-0.9552833118612156,0,0,0,0,-0.19369896974804135,0,0,2.7718147509028617,0,0,0,0,0,2.1740324362943415,0,0
14HM507.M,0,-1.5137673815968276,-2.1316911409191848,0,0,0,0,0,0,0,1.8567559928805135,0,0,0,0,0,1.788702529635497,0,0
14HM508.M,0,1.1277915351979697,-0.739786770587437,0,0,0,0,-1.5802586659042408,0,-1.3539455398287519,0.14307466463752316,0,0,0,0,0,2.403124776484936,0,0
14HM509.M,0,0.15943658172399022,0,0,0,0,0,-0.15356329871208096,0,0,3.3513693469777497,-1.7948418170018394,0,0,0,0,1.3609062558318081,0,-2.9233070688196303
14HM51.M,-3.159998350408889,1.1196395389963243,1.8709063154494299,0,-1.7737039892889976,0,0,-2.8033234064701564,0,0,3.791021651487468,-1.9278546691162561,0,0,0,0,2.8833129093510736,0,0
14HM510.M,0,0,-0.621471220052138,0,0,0,0,0,0,0,-3.434192043718236,0,0,0,0,0,4.055663263770375,0,0
14HM511.M,0,-0.8784812228987073,-1.0537922352064442,0,0,0,0,-3.281414289727035,0,0,4.409125725007638,0,0,0,0,0,0.8045620228245491,0,0
14HM512.M,0,-0.46480212753958217,-0.04171541808159773,0,0,0,0,-2.297383591287892,0,0,1.5952866856244388,-3.5295272725805242,0,0,0,0,4.738141723865156,0,0
14HM515.M,0,0.5602548824015079,-2.0824587584168617,0,0,0,0,-0.4084823248451901,0,0,3.205030969479111,-1.2351608980296582,0,0,-1.9848202888529456,0,1.9456364182640389,0,0
14HM517.M,0,0.7243505824117786,-1.3347236564436233,0,0,0,0,-2.044131357875349,0,0,2.5866107021801676,-0.6496736861162979,0,0,0,0,1.2667705715959867,0,-0.5492031557526627
14HM518.M,0,-1.0678398782622294,-1.8499345448386708,0,0,0,0,-2.0276157220761233,0,0,1.9942577042827017,-1.3626394184828738,0,0,0,0,4.313771859377194,0,0
14HM519.M,0,-1.338165565029073,-2.062084404255772,0,0,0,0,0.0016087804559248298,0,0,0.9883727689874657,0,0,0,0,0,2.4102684198414535,0,0
14HM52.M,0,-0.5210682409464678,0,0,0,0,0,-3.2114188649492768,0,0,3.4716126674991337,0,0,0,0,0,0.26087443839660907,0,0
14HM520.M,0,0,-2.0929582185089988,0,0,0,0,-0.9478259142059962,0,-0.8199925426961117,1.2238218213405734,0,0,0,0,0,2.6369548540705354,0,0
14HM522.M,0,0,0,0,0,0,0,0,0,0,1.1280155410355253,0,0,0,0,0,4.639651615676817,0,-5.767667156712342
14HM524.M,0,-0.33815206150468935,0.12793766841990983,0,0,0,0,-3.056673562474195,0,0,1.672110579481073,0,0,0,0,0,1.5947773760779027,0,0
14HM525.M,0,-1.5743070952475895,-1.176114746468505,0,0,0,0,-0.46488389047526457,0,0,1.2722440140147508,0,0,0,0,0,1.9430617181766072,0,0
14HM528.M,0,0.17385182002478405,-3.254253014557295,0,0,0,0,-1.0878000958878298,0,0,2.2045585057401746,0,0,0,0,0,1.9636427846801672,0,0
14HM529.M,0,0.230028467976374,-0.69006454984752,0,0,0,0,-2.348292626451052,0,0,1.961163315387994,-0.9373056527407897,0,0,0,0,1.7844710456749935,0,0
14HM53.M,0,0.1742335701437412,0.5442339686796229,0,0,0,0,-1.273121047737396,0,0,2.2868722923754925,-0.4482960432022516,0,0,-2.959520001307625,0,1.6755972610484182,0,0
14HM530.M,0,-1.1350324300319619,-2.7383912963896804,0,0,0,0,-2.2646069443040386,0,0,1.4313230678065647,0,0,0,0,0,4.706707602919115,0,0
14HM531.M,0,0.8890983293241463,-0.353469138790552,0,0,0,0,-3.5374577046583124,0,0,3.7667699881366232,-2.538928874547185,0,0,0,0,1.7739874005352805,0,0
14HM532.M,0,0.8982455610815601,2.35234160831825,0,-3.166846458303103,0,0,-2.1143252768352605,0,-1.6538003915440687,3.112384617149621,-0.9726294020308393,0,0,0,0,1.544629742163842,0,0
14HM534.M,0,1.0048861293251425,0.536658092979148,0,0,0,0,-4.897063910575091,0,0,4.088663080416294,-2.5456886534116134,0,0,0,0,1.812545261266119,0,0
14HM535.M,0,2.08445320951283,-0.2657367920893474,0,0,0,0,-3.1711464273500525,0,0,3.181957990750277,-3.4896001584685874,0,0,0,0,1.6600721776448788,0,0
14HM537.M,0,-2.342778966120103,0.04034498935795483,0,0,0,0,-0.8752019715633557,0,0,2.4004687149049424,0,0,0,0,0,0.7771672334205615,0,0
14HM538.M,0,-3.2353415747046195,0,0,0,0,0,0,0,0,-1.3004812618358912,0,0,0,0,0,4.535822836540509,0,0
14HM539.M,0,1.6824607123087514,-0.5016762302720998,0,0,0,0,-3.2532115433140487,0,0,3.5065269825661245,-0.47542800419716347,0,0,-3.1731688356405123,0,2.214496918548951,0,0
14HM54.M,0,-0.8430727018622504,0,0,0,0,0,-1.3159790907659477,0,0,0.6880118963253343,0,0,0,0,0,1.4710398963028624,0,0
14HM540.M,0,0,-3.0769103538746387,0,0,0,0,0,0,0,-2.383763173314694,0,0,0,0,0,5.460673527189333,0,0
14HM541.M,0,0,-2.6944899490512575,0,0,0,0,0,0,0,-1.3972752179850554,0,0,0,0,0,4.091765167036313,0,0
14HM542.M,0,-0.6346118925348749,0.27992291263701485,0,-2.731753011314112,0,0,0,0,0,2.419265150355768,-0.3803777541506346,0,0,0,0,1.047554595006841,0,0
14HM544.M,0,-2.71473222058126,-3.4078794011412055,0,0,0,0,-4.506491689809315,0,0,4.6019266924414834,0,0,0,0,0,6.027176619090299,0,0
14HM545.M,0,-3.286699932891565,-1.0412732537374678,0,0,0,0,-3.286699932891565,0,0,1.8477904594986816,0,0,0,0,0,5.766882660021914,0,0
14HM546.M,0,-3.0903597701786474,-0.8390679715721525,0,0,0,0,-0.8931351928424283,0,0,2.37558843775334,0,0,0,0,0,2.446974496839889,0,0
14HM547.M,0,-0.7902899865351962,3.7412877798110227,1.196282527380843,0,0,-3.0873040344797866,-2.0458501596516254,0,0,0.1226431596441131,0,0,1.0522971193304347,-2.3400896326495655,0,4.465137373396068,0,-2.314114146246305
14HM549.M,0,0.9777169277124695,1.8516261237009326,0,-2.8679881966780276,0,0,-4.436604114591873,0,0,3.519452132517004,-1.1632401044396028,0,0,0,0,2.119037231779095,0,0
14HM55.M,0,0.9525423121870418,-2.756585302756842,0,0,0,0,-0.25664077560430165,0,0,2.737224083774894,-0.481651741093307,-2.3818918533154316,0,0,0,2.187003276807948,0,0
14HM551.M,0,-0.3779780602034002,-2.152584450205206,0,0,0,0,-2.0013534804812823,0,0,4.295271084971301,0,-2.643207366653677,0,0,0,2.8798522725722666,0,0
14HM552.M,0,-1.829929269484201,-2.030599964946352,0,0,0,0,0,0,0,6.89205833457805,-3.1292122536144618,0,0,0,0,2.5337482265214835,0,-2.436065073054517
14HM554.M,0,0.12069626346785078,0,0,0,0,0,-0.16938677052146822,0,-1.887038267595801,2.595156856033481,0,-2.91665768477696,0,0,0,2.2572296033929,0,0
14HM555.M,0,-0.7222258772760881,-1.7374565570051472,0,0,0,0,-0.8619878196512474,0,0,2.92598253710692,-2.0118934027069075,0,0,0,0,2.4075811195324714,0,0
14HM557.M,0,0.9756631938507354,-0.37032878824513293,0,0,0,0,-1.5903690007496332,-2.20239063649721,0,3.1299516507396152,-0.8902042475310417,0,0,0,0,0.9476778284326652,0,0
14HM56.M,0,0.26547012186338126,-0.9190845966054533,0,0,0,0,-3.48403395406699,0,0,2.2889635896106837,0,0,0,0,0,1.8486848391983788,0,0
14HM560.M,0,1.5657643316650134,-1.1166844711984085,0,0,0,0,-4.389101062994639,0,0,3.823772414816794,0,0,0,0,0,0.11624878771124081,0,0
14HM561.M,0,0.10824465843898201,-1.3503703642605345,0,0,0,0,-1.8611959880265254,0,0,3.112083519525961,0,0,0,0,-1.5735139155747446,2.4451188249116598,0,-0.8803667350147992
14HM566.M,0,1.5340545892250645e-4,-1.1901976306459146,0,0,0,0,-2.198861682651085,0,0,3.7169490330658244,0,0,0,0,0,1.3251241080065235,0,-1.6531672332342708
14HM568.M,0,-2.1511847778098274,0.9047014185639108,0,0,0,0,-4.676913422118083,0,0,1.7471449004863162,0,0,0,0,0,4.176251880877685,0,0
14HM569.M,0,-4.122494929091785,1.0162403676317862,0,0,0,0,0,0,0,-2.41774683685336,0,0,0,0,0,5.5240013983133585,0,0
14HM57.M,0,-1.2203383373002454,0,0,0,0,0,-1.0685323244322413,0,0,0.871323315714366,0,0,0,0,0,1.4175473460181225,0,0
14HM571.M,0,-3.167101722180074,2.095426536516377,-0.7551018432001619,0,0,0,0,0,0,-2.701011992255475,0,0,0,0,0,4.527789021119335,0,0
14HM572.M,0,-1.9664465298729623,0.36430944008778,0,0,0,0,0,0,0,-0.6542601409067932,0,0,0,0,0,6.168753909620253,0,-3.9123566789282753
14HM573.M,0,-1.0246596241641805,-0.34831956192061586,0,0,0,0,-3.1730940373309675,0,0,3.477000185454246,-0.4940313731020103,0,0,0,0,1.5631044110635282,0,0
14HM575.M,0,-4.670703918991315,0,0,0,0,0,0,0,0,-1.2863136556455403,0,0,0,0,0,5.957017574636856,0,0
14HM576.M,0,0,0,0,0,0,0,0,0,0,0,0,0,0,0,0,0,0,0
14HM577.M,0,-2.8763585296157763,-2.8763585296157763,0,0,0,0,-2.8763585296157763,0,0,1.1309746556166949,0,0,0,0,0,7.498100933230635,0,0
14HM578.M,0,-2.835804634837482,0,0,0,0,0,-4.2220989959573725,0,0,1.5920315358676937,0,0,0,0,0,5.46587209492716,0,0
14HM579.M,0,-2.7253927872442465,2.867582265491997,0,0,0,0,0,0,0,-0.7700038942343896,-4.740295807786511,0,0,0,0,5.368110223773153,0,0
14HM58.M,0,-0.6233869007188249,0.15061237647021564,0,-1.24543815959504,0,0,-2.4046750700795845,0,0,3.042062301586725,-0.7229164960658583,0,0,0,0,1.8037419484023642,0,0
14HM583.M,0,0.5029881698095835,-3.047054839450137,0,0,0,0,-1.4229107796263412,0,0,2.72967973677682,0,0,0,0,0,1.2372977124900748,0,0
14HM584.M,0,-2.101696650377819,-2.5071617584859838,0,0,0,0,-0.8489336818824516,0,0,2.8180409368434356,0,0,0,0,0,2.6397511539028207,0,0
14HM585.M,0,2.57311242250472,3.6075156837311075,0,-1.2786396721287776,0,0,-2.5080915617556983,0,0,4.370467429913577,0.6550669356458068,0,0,-4.8434664775727345,0,2.2675017172347323,0,-4.8434664775727345
14HM586.M,0,-1.3278583293585582,-0.645561164822678,0,0,0,0,-2.119197536097717,0,0,2.3579588869305548,0,0,0,0,0,1.7346581433484003,0,0
14HM587.M,0,0,0,0,0,0,0,-3.253632465260133,0,0,3.886226106407686,0,0,0,0,0,-0.6325936411475528,0,0
14HM588.M,0,1.274400634134519,-1.1254689729675693,0,0,0,0,-3.082308192555073,0,0,4.426436804450368,-3.855498080788555,0,0,0,0,2.3624378077263124,0,0
14HM590.M,0,0.20731096653492465,-1.557780255610969,0,0,0,0,-2.1043239619790386,0,0,1.7808482595255901,0,0,0,0,0,1.6739449915294946,0,0
14HM591.M,0,0,-3.7064567999625715,0,0,0,0,0,0,0,-1.942868207701213,0,0,0,0,0,5.6493250076637835,0,0
14HM592.M,0,-0.5841389911872348,-1.2506179246650184,0,0,0,0,-1.656083032773183,0,0,3.726357772753107,0,-2.4604558484433525,0,0,0,2.2249380243156835,0,0
14HM594.M,0,2.0229324798638633,0,0,0,0,0,-4.816722386414343,0,0,2.8684829242595313,0,0,0,0,0,-0.07469301770905368,0,0
14HM595.M,0,-0.90185642057188,0,0,0,0,0,-1.76279705736287,0,0,1.6289972795551861,0,0,0,0,0,1.0356561983795647,0,0
14HM596.M,0,0,0,0,0,0,0,0,0,0,1.3061776191225114,0,0,0,0,0,-1.3061776191225123,0,0
14HM598.M,0,-2.7290785318598103,0,0,0,0,0,-2.477764103578904,0,0,3.8128271917904373,0,0,0,0,0,1.3940154436482768,0,0
14HM60.M,0,-1.4036174707730278,-0.49990552110573283,0,0,0,0,-1.5735165075684252,0,0,1.8436028271043154,0,0,0,0,0,1.633436672342869,0,0
14HM600.M,0,-0.6674513215799927,-2.190946804213368,0,0,0,0,0,0,0,6.082344752289443,-3.6378657871496936,0,0,0,0,0.41391916065361123,0,0
14HM601.M,0,1.1648540575910369,-1.1600605118010971,0,0,0,0,-4.594047716286243,0,0,1.9907436760994726,0,0,0,0,0,2.598510494396831,0,0
14HM603.M,0,0,4.461393777026339,0,0,0,0,-4.353580321519092,0,0,-0.9088978279171984,-4.353580321519092,0,0,0,0,5.154664693929044,0,0
14HM604.M,0,-0.5354823581895127,-3.178292037423322,0,0,0,0,-2.2107080111616164,0,0,4.16452121707519,0,0,0,0,0,1.759961189699263,0,0
14HM606.M,0,0,0,0,0,0,0,0,0,0,-3.6140905451228744,0,0,0,0,0,3.614090545122874,0,0
14HM607.M,0,0,0,0,0,0,0,0,0,0,-3.6925844432014427,0,0,0,0,0,3.692584443201442,0,0
14HM61.M,0,0,0,0,0,0,0,0,0,0,-3.1104210737115574,0,0,0,0,0,3.1104210737115565,0,0
14HM610.M,0,1.2532178201241573,-2.0181679500160072,0,0,0,0,-4.055049877277047,0,0,2.6518124593256998,0,0,0,0,0,2.168187547843199,0,0
14HM611.M,0,-3.458047118685605,-1.0601518458872343,0,0,0,0,-2.205284150190237,0,0,5.648930740295424,0,0,0,0,0,1.0745523744676513,0,0
14HM612.M,0,-0.5997537343206201,-1.655806408569934,0,0,0,0,-1.5380233729135506,0,0,1.702831358673425,0,0,0,0,0,2.09075215713068,0,0
14HM614.M,0,0,0,0,0,0,0,0,0,0,-3.988172052312536,0,0,0,0,0,3.9881720523125352,0,0
14HM62.M,0,-0.24084763462490066,-1.2969003088742141,0,0,0,0,-0.8542561975242959,0,0,0.8378039114806706,0,0,0,0,0,1.554200229542741,0,0
14HM65.M,0,0.41488695768470407,0.6857126398139846,0,0,0,0,-2.8608053422271573,0,0,3.5700301381598116,-3.633995230460639,0,0,0,0,1.8241708370292935,0,0
14HM67.M,0,-0.17977306665978698,-1.6302870205139715,0,0,0,0,-1.4445698747188782,0,0,1.047374101789698,-2.264010780603116,0,0,0,0,4.471266640706053,0,0
14HM68.M,0,-0.3500608047567031,-0.35760801039208623,0,0,0,0,-2.2959709538120165,0,0,2.752365681152323,0.04279379575953168,0,0,0,0,0.20848029204895369,0,0
14HM69.M,0,0.3287042178471129,-3.7178496805386394,0,0,0,0,-2.163220004599534,0,0,2.5753231107542147,0,0,0,0,0,2.9770423565368445,0,0
14HM70.M,0,0.0654529140964879,0,0,0,0,0,0,0,0,-2.7037647478837092,0,0,0,0,0,2.6383118337872205,0,0
14HM71.M,0,-1.2977599381814917,-0.5907557229601199,0,0,0,0,-2.8617354765388345,0,0,2.3456841831342015,0.46009797937088237,0,0,0,0,1.944468975175365,0,0
14HM72.M,0,-2.093740671198299,0,0,0,0,0,-1.1602081328896379,0,0,1.984901541738954,0,0,0,0,0,1.2690472623489848,0,0
14HM73.M,0,-0.54233890174834265,0,0,0,0,0,-1.4604298141266456,0,0,1.4943866166596376,0,0,0,0,0,0.5083820992153525,0,0
14HM74.M,0,-0.5431703229132534,0,0,0,0,0,-0.5915668637751033,-3.0847723163777987,0,2.9514265620703544,0,0,0,0,0,1.2680829409958028,0,0
14HM75.M,0,0.23438434595770286,1.5005517213034665,0,-3.0075567518414936,0,0,-1.3335803182698225,0,0,2.291593601010435,-1.9661028770133324,0,0,0,0,2.280710278853042,0,0
14HM76.M,0,-0.629721948368585,0.1504366091809901,0,-1.7748542526715876,0,0,-1.8489622248253093,0,0,4.5488644638334454,-1.6413228600470648,0,0,0,0,1.1955602128981138,0,0
14HM78.M,0,-0.6804413018444713,0.581496042926938,0,0,0,0,-2.1685183572743045,0,0,2.596703431147705,0,0,0,0,-3.1981377744554624,2.868897959499593,0,0
14HM79.M,0,0.6500207247569927,-0.1580564224769292,0,0,0,0,-1.9244980837206946,0,0,2.1806215516693648,-2.6689385586681906,0,0,0,0,1.9208507884394583,0,0
14HM80.M,0,-0.973469891578195,0,0,0,-2.647446325149866,-0.6897017184475498,0.03813102010028491,0,0,2.5643141065885953,-0.7503263402639853,0,0,0,0,2.4584991487507146,0,0
14HM81.M,0,0.372892200121135,-1.2438361455756448,0,0,0,-2.5150611769107485,-0.9231675741275573,0,0,2.7834735573155704,0,0,0,0,0,1.525699139177246,0,0
14HM82.M,0,-0.5765016490754507,-0.40615628332821174,0,0,0,0,-0.534537449976419,0,0,2.9341905473829852,0.3282947033729693,0,0,-3.2155589786907095,0,1.4702691103148364,0,0
14HM83.M,0,-0.0804228632090096,1.7598898314360358,0,-1.720166125138439,0,0,-0.929380475014578,0,-3.9974334101481945,3.5693950690601364,-0.2019442209760003,0,0,0,0,1.6000621939900492,0,0
14HM84.M,0,-0.9377043708033712,-1.022603814589857,0,0,0,0,-1.2649172820117869,0,0,3.022444126121017,-1.500231368946252,0,0,0,0,1.7030127102302526,0,0
14HM85.M,0,-3.298663831143703,0,0,0,0,0,-3.0303998445490237,0,0,2.591917342418891,0,0,0,0,0,3.7371463332738353,0,0
14HM87.M,-2.2417149049851424,-1.7027184042524555,-0.11575334767041401,0,0,0,-0.9957779015601744,-0.6612645294242947,0,0,2.5751044528914235,0,0,0,0,0,3.142124635001057,0,0
14HM88.M,0,-0.03297230439787047,0.7471862531517042,0,0,0,0,-1.5798173671904872,0,-3.765868643928581,2.490073317986588,0,0,0,0,0,2.1413987443786455,0,0
14HM89.M,0,0.5655355249879399,0.2899185640880022,0,-2.6041500556894888,0,0,-1.4203799586810724,0,0,2.827532022925971,-0.028996528053710335,0,0,0,0,1.7124487736619374,0,-1.3419083432395769
14HM90.M,0,0.193980539550207,0.4364843381489578,0,-1.9237798664317656,0,0,-2.298473315873176,0,0,2.7148855386901207,-0.577331413859075,0,0,0,0,1.4542341797747325,0,0
14HM91.M,0,-0.7786782637369107,-1.2592640023131834,0,0,0,0,-1.8322668710310652,0,0,0.78774226361349875,0,0,0,0,0,3.0824668734676592,0,0
14HM92.M,0,1.9990220030043995,0.7696451875132233,0,-3.022533836438517,0,0,-1.4862993280277115,0,0,3.687057406705124,0.7616557974797447,0,0,-4.757134891826623,0,2.0485876615903624,0,0
14HM93.M,0,0.03590927547760536,-0.6858931608427161,0,0,0,0,-3.19433030804091,0,0,2.149370064354944,0,0,0,0,0,1.6949441290510778,0,0
14HM94.M,0,0.056413390270779296,0.3202848140288417,0,-2.999943505099646,0,0,-2.9199007974261098,0,0,3.014993398193478,0.2645428310206066,0,0,0,0,2.2636098690120505,0,0
14HM95.M,0,-0.4144724314846444,-1.689214306698788,0,0,0,0,-1.0532255399787909,0,0,1.7000604300064612,0,0,0,0,0,1.456851848155761,0,0
14HM96.M,0,3.250684023614715,-4.950290437207553,0,0,0,0,0.009051562501152688,0,0,-0.05618895936724844,0,0,0,0,0,1.7467438104589315,0,0
14HM97.M,0,0.9718266848100114,-0.5094484210922818,0,0,-3.4907919571941735,0,-0.7005036578549912,0,0,2.0403363660702096,0,0,0,0,0,1.6885809852612246,0,0
14HM99.M,0,-3.733711762582173,-1.2769759897608695,0,0,0,0,0.24908031373418016,0,0,2.571955066786985,0,0,0,0,0,2.189652371821877,0,0
