SampleID,Staphylococcus,Streptococcus,Ralstonia,Gemella,Lacticaseibacillus,Bacillus,Enterococcus,Acinetobacter,Allorhizobium-Neorhizobium-Pararhizobium-Rhizobium,Enhydrobacter,Sediminibacterium,Corynebacterium,Enterobacter,Pseudomonas,Cutibacterium,Escherichia-Shigella,Bifidobacterium,Phyllobacterium,Stenotrophomonas,Veillonella,Serratia,Caulobacteraceae,Yersiniaceae,Sphingobium,Rothia,Empedobacter,Neisseria,Aeromonas,Lactobacillus,Klebsiella,Sphingomonas,Pediococcus,Blastomonas,Erwiniaceae,Brevundimonas,Delftia,Haemophilus,Bradyrhizobium,Variovorax,Prevotella,Achromobacter,Granulicatella,Atopobium,Chryseobacterium,Methylobacterium-Methylorubrum,Pantoea,Blautia,Yersinia,Romboutsia,Nubsella,Enterobacteriaceae,Microscillaceae,Faecalibacterium,Dolosigranulum,Actinomyces,[Ruminococcus] gnavus group,Fimbriimonadaceae,Kocuria,Finegoldia,Shewanella,Burkholderia-Caballeronia-Paraburkholderia,Paracoccus,Cellulosimicrobium,Prevotella_7,Knoellia,Erysipelotrichaceae UCG-003,Acidibacter,Pelomonas,Rubrobacter,Fusobacterium,Micrococcus,Anaerococcus,Collinsella,Anaerostipes,Rudaea,Abiotrophia,Sphingobacterium,Limosilactobacillus,Psychrobacter,Bacteroides,Paenibacillus,Rheinheimera,Actinobacillus,Subdoligranulum,TM7x,Porphyromonas,Alkanindiges,Akkermansia,Brucella,Bdellovibrio,[Ruminococcus] torques group,Lautropia,Fusicatenibacter,[Clostridium] innocuum group,Comamonas,Agathobacter,Rhizobiaceae,Peptoniphilus,Obscuribacteraceae,Lactococcus,Geobacillus,Novosphingobium,Hydrogenophaga,Roseomonas,Leptotrichia,Luteibacter,Haematobacter,Flavonifractor,Aquabacterium,Erysipelatoclostridium,Bergeyella,Sphingomonadaceae,Latilactobacillus,Carnobacterium,Ruminococcus,Massilia,Brochothrix,Oscillospiraceae,Aerococcus,Aureimonas,Nevskia,Eggerthella,Afipia,Lachnospiraceae NK4A136 group,Lelliottia,Lawsonella,Alloprevotella,[Eubacterium] ventriosum group,Falsirhodobacter,Oribacterium,Lachnospiraceae ND3007 group,Devosia,Lachnoanaerobaculum,Methylophilus,Porphyrobacter,Neisseriaceae,Lachnoclostridium,Dorea,Rhodococcus,Mucilaginibacter,Clostridium sensu stricto 1,Xanthomonas,[Eubacterium] eligens group,Lactiplantibacillus,Pajaroellobacter,[Eubacterium] hallii group,Labrys,Solimonadaceae,Acidovorax,[Ruminococcus] gauvreauii group,Ruminococcaceae,Sphingopyxis,Parabacteroides,Peptostreptococcus,Moraxella,Phascolarctobacterium,HT002,Fenollaria,Citrobacter,Coprococcus,Exiguobacterium,Methylotenera,Brachybacterium,[Eubacterium] siraeum group,Methylocella,Monoglobus,Ochrobactrum,Bacteroidetes BD2-2,Streptobacillus,Cnuella,Intestinibacter,Flavobacterium,Edaphobacter,Amaricoccus,Campylobacter,Capnocytophaga,Mycobacterium,Peredibacter,Butyricicoccus,Solobacterium,Parasutterella,Diaphorobacter,Proteus,Dialister,Lachnospiraceae,Candidatus Obscuribacter,Selenomonas,Alistipes,Brevibacterium,Cloacibacterium,[Eubacterium] coprostanoligenes group,Deinococcus,Fimbriiglobus,Leuconostoc,Roseburia,Filifactor,Anaerobacillus,Pseudoxanthomonas,[Eubacterium] fissicatena group,Sva0081 sediment group,Desulfosarcinaceae,Turicibacter,UCG-002,Prevotella_9,Saccharimonadaceae,Desulfatiglans,Muribaculaceae,Rubellimicrobium,Lachnospiraceae UCG-004,SEEP-SRB1,Luteimonas,Aggregatibacter,Ligilactobacillus,Bosea,Johnsonella,Intestinimonas,Holdemanella,Tepidimonas,Megasphaera,Blastococcus,Adlercreutzia,Incertae Sedis,Dermabacter,Hungatella,Pseudonocardia,P5D1-392,Atopostipes,Treponema,Dysgonomonas,Bacillaceae,Christensenellaceae R-7 group,Desulfovibrio,Microbacterium,Legionella,Pseudoclavibacter,Pedobacter,UCG-005,Catenibacterium,JG30-KF-CM45,Nocardioides,Peptococcus,Candidatus Soleaferrea,Weissella,Jeotgalicoccus,Marmoricola,Senegalimassilia,Hymenobacter,Staphylococcaceae,WD2101 soil group
001M03BM,76,1167,4562,9,114,17,0,27374,13,229,211,38,15744,3325,17,9,149,274,1363,16,594,76,233,0,29,0,0,0,0,104,175,0,0,23671,69,0,12,20,45,0,28,0,4,40,0,4431,0,0,0,22,6172,113,0,0,0,13,4,7,0,0,0,377,0,0,14,0,2,4,6,0,44,0,4,0,0,0,27,24,0,7,0,8,0,0,0,0,6,5,0,0,0,0,0,0,0,0,15,0,6,466,0,10,0,0,0,6,0,0,0,0,0,0,0,0,0,105,0,0,0,0,5,0,0,6,0,0,0,0,0,0,0,0,0,0,0,2,0,0,0,0,3,0,0,0,0,0,4,0,0,0,0,0,0,0,0,0,0,0,0,0,0,0,0,0,0,0,0,0,0,0,0,0,5,0,0,0,0,0,0,0,0,0,0,0,0,0,0,0,0,0,0,0,0,0,0,0,0,0,0,0,0,0,0,0,0,0,0,8,0,0,3,0,0,0,0,0,0,0,0,5,0,0,0,0,0,0,0,0,6,0,0,0,0,0,0,2,0,0,4,12,0,0,0,0,0,0,0,0,0
002M02BM,10893,2591,11948,23,274,5,342,77,0,0,884,672,53,1266,35,837,26165,1443,151,766,99,659,56,29,0,15,0,0,0,10,446,0,0,0,8,0,13,159,234,0,72,10,12,18,0,0,61,9,25,22,0,228,0,0,39,103,46,8,61,0,0,0,23,0,0,0,20,89,54,4,0,32,3,17,38,0,0,978,0,27,0,28,0,17,0,0,0,25,0,0,16,0,0,0,0,0,20,13,22,0,0,0,12,0,0,10,0,0,0,158,0,0,0,0,0,14,0,8,0,6,18,42,8,0,7,0,0,0,0,0,0,0,0,12,0,0,7,0,0,5,133,0,0,0,16,0,3,14,0,0,18,0,0,0,0,0,0,10,0,14,0,7,0,0,0,0,0,0,0,0,0,0,0,0,0,0,0,0,86,0,0,10,0,0,0,0,0,0,0,0,0,0,0,0,0,0,0,0,0,0,0,0,10,0,0,0,0,0,0,0,0,0,0,0,0,0,0,0,0,0,0,0,0,21,0,0,0,7,0,0,0,0,0,0,0,0,0,16,0,0,0,0,0,0,0,0,0,0,0
003M03BM,895,295,299,49,0,0,20,1765,11,0,0,27,2481,1812,23,17,22,0,17,14,0,0,0,72,45,1364,6,447,0,0,0,0,0,0,0,46,8,0,0,2,4,0,0,12,0,0,0,0,0,0,175,0,0,0,0,0,0,0,0,2137,0,0,0,0,0,0,0,0,0,0,0,5,0,0,0,0,0,0,0,0,0,0,0,0,0,3,0,0,0,2,0,0,0,0,0,0,0,3,0,0,0,0,0,0,0,0,0,0,0,0,0,0,0,0,0,0,0,0,0,0,0,0,0,0,0,0,0,0,0,0,0,0,0,0,0,0,0,0,0,0,0,0,0,0,0,0,0,0,0,0,0,0,0,0,0,0,0,0,0,0,0,0,0,0,0,0,0,0,0,0,0,0,0,0,0,0,0,0,0,0,0,0,0,0,0,0,0,0,0,0,0,0,0,0,0,0,0,0,0,0,0,0,0,0,0,0,0,0,0,0,0,0,0,0,0,0,0,0,0,0,0,0,0,0,0,0,0,0,0,0,0,0,0,0,0,0,0,0,0,0,0,0,0,0,0,0,0,0,0
004M02BM,8,122,19,19,0,0,0,6812,73,0,0,0,8405,807,0,0,0,0,1720,3,370,0,0,298,0,1189,0,323,0,90,0,0,0,0,57,0,0,0,0,0,18,0,0,0,0,0,0,39,0,0,399,0,0,0,0,0,0,0,0,0,0,0,0,0,0,0,0,0,0,0,0,0,0,0,0,0,240,0,0,0,0,0,0,2,0,0,0,0,0,0,0,0,0,0,28,0,0,0,0,0,0,7,0,0,0,0,0,0,0,0,0,0,0,0,0,0,0,0,0,0,0,0,0,0,7,0,0,0,0,0,0,0,0,0,0,0,0,0,0,0,0,0,0,0,0,0,0,0,0,0,0,0,0,0,0,0,0,0,19,0,0,0,0,0,0,0,0,0,0,0,0,93,0,0,0,0,0,0,0,0,0,0,0,0,0,0,0,0,0,0,0,0,0,0,0,0,0,0,0,0,0,0,0,0,0,0,0,0,0,0,0,0,0,0,0,0,0,0,0,0,0,0,0,0,0,0,0,0,0,0,0,0,0,0,0,0,0,0,0,0,0,0,0,0,0,0,0,0,0
005M03BM,19750,26612,101,2863,2077,95,57,55,0,0,491,551,0,325,215,577,171,312,77,1013,0,150,37,0,61,0,1235,0,1131,0,157,0,0,0,0,0,228,182,81,0,29,12,0,60,61,0,0,39,73,24,0,0,25,21,35,0,16,14,0,0,26,57,0,4,0,0,0,0,0,0,15,67,0,14,12,0,0,0,0,0,0,0,0,21,0,0,0,0,0,0,0,0,0,0,0,0,0,0,0,0,0,0,9,0,0,0,0,0,0,0,31,0,0,8,4,8,0,0,0,0,15,0,0,0,0,9,0,0,0,0,0,7,0,0,0,0,0,0,7,0,10,0,0,0,0,0,0,0,0,0,0,0,0,0,0,0,0,0,0,0,0,7,0,0,0,0,0,0,0,24,0,0,0,0,0,0,0,0,0,0,0,0,0,0,0,0,0,0,9,0,0,0,0,0,11,0,0,0,0,0,0,0,0,0,0,0,0,0,0,0,0,0,0,0,0,0,0,0,0,0,0,0,0,0,0,0,0,0,0,0,0,0,0,7,6,7,0,0,0,5,0,0,0,0,0,0,0,0,0
006M03BM,15025,11424,52,2023,944,23,0,42051,0,24982,498,54,0,2529,73,20,38,258,43,105,0,129,0,0,18,94,0,0,0,0,73,0,0,0,0,0,46,22,46,0,23,0,0,20,14,0,0,10,0,15,0,0,6,0,0,0,10,220,0,0,0,0,0,0,18,0,0,0,0,0,119,16,0,0,10,0,0,0,0,18,0,11,0,0,0,0,0,0,0,0,0,0,9,0,0,0,0,0,0,0,0,0,5,0,0,0,0,0,0,0,0,0,0,7,0,8,0,0,32,0,0,0,0,0,0,0,0,0,0,0,0,6,0,0,0,0,0,0,0,0,0,0,0,0,0,0,0,0,14,0,0,0,0,0,0,0,0,0,0,0,0,0,14,0,0,0,0,0,0,0,0,0,0,0,0,0,0,0,0,0,0,0,0,0,0,0,0,0,0,0,0,0,0,0,0,0,0,0,0,0,0,0,0,0,0,0,0,0,0,0,0,0,0,0,0,0,0,0,0,0,0,0,0,0,0,0,0,0,0,0,0,0,0,0,0,0,0,0,0,0,0,0,0,0,0,0,0,0,0
007M02BM,66476,390,69,0,728,14,6860,17,0,0,220,29668,0,95,98,14,38,303,17,812,0,62,0,0,0,0,0,0,0,0,49,8,10,0,0,0,0,54,37,0,25,0,0,20,43,0,0,0,19,15,0,0,11,5,7,0,9,0,7,0,0,0,0,0,7,0,0,6,0,0,0,8,5,0,15,0,0,0,0,0,0,0,0,0,0,0,0,0,0,0,0,0,5,0,0,0,0,0,5,0,0,7,0,0,0,7,0,0,0,0,0,0,0,0,0,0,0,0,0,0,3,0,0,0,0,33,0,0,0,0,0,0,0,0,0,0,0,0,0,0,0,0,0,0,0,0,0,0,0,0,0,0,0,0,13,0,0,0,0,0,0,2,0,0,0,0,0,0,0,0,0,0,0,0,0,0,68,0,0,0,0,0,0,0,0,0,0,0,0,0,0,0,7,0,0,0,0,0,0,0,0,0,0,0,0,0,0,0,0,0,0,0,0,0,0,0,0,0,0,0,0,0,0,0,0,6,0,0,0,0,0,0,0,0,0,0,0,0,0,0,0,0,0,0,0,0,0,0,0
008M03BM,12875,1294,24469,212,887,47,140,215,0,42,2423,123,0,2289,311,581,3758,951,173,219,295,787,111,0,8,0,0,0,0,0,444,0,0,0,0,0,0,218,227,0,195,0,0,116,0,0,117,111,5,56,0,541,9,0,0,134,29,0,0,0,0,0,0,0,0,190,35,28,0,0,0,0,14,40,7,0,0,133,0,3,0,0,0,0,0,0,0,0,0,0,324,0,0,78,0,0,15,0,8,0,0,0,50,7,0,0,0,0,0,60,14,36,0,73,22,0,0,0,0,0,10,0,0,0,0,0,0,0,0,0,0,60,0,14,0,9,29,0,17,0,12,0,0,0,0,39,9,40,37,0,0,29,0,0,0,0,0,0,0,0,0,0,0,0,0,0,0,0,0,0,0,0,0,0,0,0,0,0,15,0,0,0,0,0,0,0,0,0,0,0,0,0,0,0,0,0,0,0,0,93,22,0,0,0,0,72,0,0,0,74,0,0,0,0,0,0,0,0,0,0,0,0,0,0,0,0,0,0,0,15,0,0,0,0,0,0,0,0,0,0,0,0,0,0,0,0,0,0,0
011M03BM,237,99,49,0,0,0,0,942,0,0,0,0,6,20220,0,6,0,0,0,0,0,0,0,0,3,0,0,0,0,0,0,0,0,0,0,0,0,0,0,0,0,0,0,0,0,65,0,12,0,0,0,0,0,0,0,0,0,0,0,0,0,0,0,0,0,0,0,0,0,0,0,0,0,0,0,0,0,0,0,0,0,0,0,0,0,0,0,0,0,0,0,0,0,0,0,0,0,0,0,0,0,0,0,0,0,0,0,0,0,0,0,0,0,0,0,0,0,0,0,0,0,0,0,0,0,0,0,0,0,0,0,0,0,0,0,0,0,0,0,0,0,0,0,0,0,0,0,0,0,0,0,0,0,0,0,0,0,0,0,0,0,0,0,0,0,0,0,0,0,0,0,0,0,0,0,0,0,0,0,0,0,0,0,0,0,0,0,0,0,0,0,0,0,0,0,0,0,0,0,0,0,0,0,0,0,0,0,0,0,0,0,0,0,0,0,0,0,0,0,0,0,0,0,0,0,0,0,0,0,0,0,0,0,0,0,0,0,0,0,0,0,0,0,0,0,0,0,0,0
013M03BM,1984,4224,8624,264,21,15,29,154,0,131,10,0,315,762,44,15,209,0,7,0,0,28,0,36,168,7,0,0,44,0,17,0,43,0,0,0,13,0,0,0,0,0,0,23,0,0,0,23,0,21,0,0,11,0,0,0,0,251,0,0,61,43,0,0,963,0,0,0,0,0,79,5,6,0,0,0,3,0,0,142,0,0,0,0,0,0,0,0,0,0,14,0,0,0,9,0,0,0,0,0,0,0,0,0,0,0,0,0,0,0,0,0,0,0,7,0,0,8,6,0,0,0,0,0,0,0,42,0,21,0,0,0,0,0,13,0,0,6,0,0,0,0,0,0,0,8,0,0,0,0,0,0,0,0,0,0,0,0,0,0,0,0,0,0,0,0,0,0,0,0,0,7,57,0,0,0,0,0,0,0,0,0,0,0,0,0,0,0,12,0,0,0,0,0,0,0,0,0,0,0,0,0,0,0,0,0,50,0,0,0,0,0,0,0,0,0,0,0,0,0,0,0,0,0,0,0,0,0,0,0,0,0,0,0,0,0,0,0,0,0,0,0,0,0,0,0,0,0,0
014M03BM,16152,25098,626,25,4597,170,36,345,10339,23,741,272,36,1004,2103,39,339,2623,2994,96,0,399,5,12,88,0,4,0,32,0,785,0,0,0,580,1373,0,197,446,0,442,0,0,145,96,0,96,7,62,79,0,0,225,0,48,17,24,0,12,0,9,61,15,0,0,0,0,35,0,0,62,0,26,101,101,0,70,0,0,33,0,0,0,192,0,0,0,9,0,11,0,0,0,12,0,20,19,0,23,10,0,0,30,22,0,34,0,0,0,0,0,0,0,7,29,41,14,0,7,0,14,0,24,0,0,0,0,0,0,0,0,33,0,3,0,0,16,0,32,0,23,0,0,0,5,11,0,14,9,0,0,7,5,0,0,0,0,0,0,10,0,0,0,5,0,34,0,0,0,21,0,13,0,0,0,0,0,0,0,0,13,0,0,0,0,0,0,6,9,11,9,0,0,0,0,0,0,8,0,0,0,0,0,0,0,0,0,0,0,0,0,0,0,0,7,0,0,8,0,0,0,0,0,0,0,0,0,0,0,0,0,0,0,0,0,0,0,0,0,0,0,0,0,0,0,0,0,0,0
016M02BM,87376,1809,138,10,1735,37,0,14,0,81,543,456,0,399,43,25,19,402,33,9,0,78,0,0,21,0,0,0,10,0,113,0,0,0,0,0,0,47,96,0,81,22,0,34,20,0,0,26,34,16,0,0,8,0,0,0,7,0,15,0,0,0,0,0,0,0,11,0,0,0,14,0,0,8,48,0,0,0,0,8,0,0,0,3,0,0,0,0,0,0,0,0,0,32,0,13,0,0,14,0,0,5,0,0,0,12,0,0,0,0,0,0,0,0,0,0,0,0,0,0,0,0,0,0,0,7,0,0,0,0,0,0,0,5,0,0,0,0,8,0,7,0,0,0,0,0,0,0,0,0,0,0,8,0,0,0,0,0,0,0,0,0,0,7,0,0,0,0,0,0,0,0,0,0,0,0,0,0,0,0,0,0,0,0,0,0,0,0,0,0,0,0,0,0,0,0,0,0,0,0,0,0,0,0,0,0,0,0,0,0,0,0,0,0,0,0,0,0,0,0,0,0,0,0,0,0,0,0,0,0,0,20,0,0,0,0,0,0,0,0,0,0,0,0,0,0,3,0,0
017M03BM,48,135,98,31,0,0,0,58,21,0,0,0,9,18901,0,0,0,0,51,16,6,0,0,0,0,0,0,0,0,0,0,0,0,0,9,0,0,0,0,0,0,0,0,0,0,0,0,0,0,0,0,0,0,0,0,0,0,0,0,0,0,0,0,0,0,0,0,0,0,0,0,0,0,0,0,0,0,0,0,0,0,0,0,0,0,0,0,0,0,0,0,0,0,0,0,0,0,0,0,0,0,0,0,0,0,0,0,0,0,0,0,0,0,0,0,0,0,0,0,0,0,0,0,0,0,0,0,0,0,0,0,0,0,0,0,0,0,0,0,0,0,0,0,0,0,0,0,0,0,0,0,0,0,0,0,0,0,0,0,0,0,0,0,0,0,0,30,0,0,0,0,0,0,0,0,0,0,0,0,0,0,0,0,0,0,0,0,0,0,0,0,0,0,0,0,0,0,0,0,0,0,0,0,0,0,0,0,0,0,0,0,0,0,0,0,0,0,0,0,0,0,0,0,0,0,0,0,0,0,0,0,0,0,0,0,0,0,0,0,0,0,0,0,0,0,0,0,0,0
019M02BM,5017,1855,361,1017,0,0,0,7,0,0,0,0,0,18,5,10914,15,0,0,118,0,0,0,0,76,0,0,0,0,0,0,0,0,0,0,0,0,0,0,0,0,0,0,0,0,0,0,0,0,0,0,0,0,0,0,0,0,0,0,0,0,12,0,0,0,0,0,0,0,0,0,0,0,0,0,0,0,0,0,0,0,0,10,0,0,5,0,2,0,0,0,0,0,0,0,0,0,0,0,0,0,0,0,0,0,0,0,0,0,0,0,0,0,0,0,0,0,0,0,0,0,0,0,0,0,0,0,0,0,0,0,0,0,0,0,0,0,0,0,0,0,0,0,0,0,0,0,0,0,0,0,0,0,0,0,0,0,0,0,0,0,0,0,0,0,0,0,0,0,0,0,0,0,0,0,0,0,0,0,0,0,0,0,0,0,0,0,0,0,0,0,0,0,0,0,0,0,0,0,0,0,0,0,0,0,0,0,0,0,0,0,0,48,0,0,0,0,0,0,0,0,0,0,0,0,0,0,0,0,0,0,0,0,0,0,0,0,0,0,0,0,0,0,0,0,0,0,0,0
020M02BM,1257,23311,474,2348,0,0,0,28,0,7,0,0,0,20,29,11,11,0,10,54,0,0,0,0,43,0,0,0,0,0,0,0,0,0,0,0,35,0,0,0,0,0,0,31,0,0,0,0,0,0,0,0,0,0,0,0,0,0,0,0,0,0,0,0,0,0,0,0,0,6,0,0,0,0,0,0,0,0,0,0,0,0,0,0,0,2,0,0,0,0,0,0,0,0,0,5,0,0,0,0,0,0,0,0,0,0,0,0,0,0,96,0,2,0,0,0,0,0,0,0,0,0,0,0,0,0,9,0,0,2,0,0,0,0,0,0,0,0,0,0,0,0,0,0,0,0,0,0,0,0,0,0,0,0,0,0,0,0,0,0,0,0,0,0,0,0,0,0,0,0,0,0,0,0,0,0,0,0,0,0,0,0,0,0,0,0,0,0,0,0,0,0,0,0,0,0,0,0,0,0,0,0,0,0,0,0,0,0,0,0,0,0,0,0,0,0,0,0,0,0,0,0,0,0,0,0,0,2,0,0,0,0,0,0,0,0,0,0,0,0,0,0,0,0,0,0,0,0,0
021M03BM,6516,25880,0,1444,5718,102,136,229,0,11,73,2812,0,1284,525,83,731,0,6,264,0,511,87,17,400,28,12,0,0,0,562,0,0,0,51,0,202,111,0,7,0,20,0,148,499,0,331,78,84,100,0,0,490,0,395,0,0,0,34,0,29,0,0,0,0,114,88,29,0,41,0,205,12,23,0,0,5,0,0,122,0,0,0,56,0,32,0,0,0,0,0,59,6,34,0,0,16,14,26,0,0,15,14,17,11,0,0,9,330,0,0,0,21,0,101,0,0,0,0,0,15,0,79,328,0,0,60,192,0,21,0,0,0,42,0,0,20,13,0,0,0,0,47,0,7,39,0,0,0,37,14,0,0,0,0,24,0,0,0,0,0,0,15,13,0,0,0,0,0,29,0,0,0,0,0,12,0,0,0,0,0,20,0,0,11,13,0,6,0,6,23,0,77,0,0,21,0,0,0,0,0,0,0,0,0,0,0,0,0,0,0,0,0,0,0,0,0,0,0,22,23,0,0,0,0,0,0,39,0,11,0,0,0,0,0,0,0,0,0,0,0,0,0,0,0,0,0,0,0
022M02BM,22319,27175,2315,2012,39,0,39,36009,0,3,125,260,23,131,106,74,2395,65,63,1231,28,69,0,163,5,0,0,0,0,0,22,0,209,0,0,0,0,20,14,0,15,0,0,0,21,0,11,7,0,0,0,0,0,0,5,5,0,0,0,0,0,0,0,0,0,8,0,4,0,0,0,14,2,0,0,0,0,72,0,0,0,0,0,0,0,0,0,0,0,0,7,0,0,0,0,0,0,0,0,0,0,0,0,0,0,0,0,0,0,7,72,0,0,6,0,0,0,0,0,0,0,0,0,0,0,2,0,0,27,0,0,0,0,0,0,0,0,0,0,0,29,0,0,0,0,0,0,0,0,0,0,164,0,0,0,0,0,0,0,0,0,0,0,0,0,0,0,0,0,0,0,0,0,0,0,0,0,0,0,0,0,0,0,0,0,0,0,0,0,0,0,0,0,0,0,0,0,0,0,0,0,0,0,0,0,0,0,0,0,6,0,0,0,0,0,0,0,0,0,0,0,0,0,0,0,0,0,5,0,0,0,0,0,0,0,0,0,0,0,0,0,0,0,0,2,0,0,0,0
023M03BM,7684,107,7854,0,8,5,0,216,21,28,7,1619,23,495,20,27,206,0,62,12,0,12,0,57,20,0,0,0,10,0,12,0,38,0,0,0,0,8,0,9,0,0,8,76,0,0,30,23,9,22,8,0,0,0,3,25,0,0,46,0,86,0,0,0,0,0,0,0,0,0,0,18,0,0,0,0,0,0,14,85,0,0,0,17,0,0,0,0,0,0,14,0,0,0,6,0,0,5,0,0,0,0,0,0,0,0,0,0,0,6,0,0,0,3,4,0,0,0,0,0,27,0,0,0,0,0,0,0,0,5,0,9,0,0,0,0,0,0,0,0,3,88,0,0,0,0,0,0,0,0,0,7,0,12,0,9,0,0,0,0,0,0,0,0,0,0,0,0,0,0,10,0,41,0,0,0,6,0,0,0,0,0,0,0,0,0,0,0,0,0,0,0,0,0,0,0,0,0,0,0,0,0,0,0,0,0,0,0,0,0,0,0,0,0,0,0,0,0,0,0,0,0,6,0,0,0,0,0,0,0,0,0,0,0,0,0,0,0,0,0,0,0,0,0,0,0,0,0,0
027M02BM,28598,63401,0,5369,1657,27,0,54,11,7,1580,1144,20,6954,93,10,87,0,74,296,0,509,9,15,245,0,12,0,29,0,80,17,0,0,0,0,17,194,0,0,51,18,0,43,9,0,21,7,33,23,0,0,26,0,58,0,39,0,4,0,0,12,9,0,0,0,37,26,0,0,0,19,0,0,0,0,0,0,0,15,0,7,2039,0,0,3,0,0,0,0,0,0,8,0,0,7,0,0,0,0,0,0,15,0,0,0,0,0,0,9,18,0,0,0,11,0,0,0,2,0,0,0,0,0,0,0,0,0,0,0,0,0,0,11,0,8,0,0,0,23,0,0,0,17,6,0,0,0,0,0,0,0,0,0,6,0,0,0,0,0,0,0,0,7,0,4,0,0,0,0,0,0,0,0,0,0,5,0,0,0,0,0,0,0,0,0,0,0,0,0,0,0,0,0,0,0,0,0,0,0,0,0,0,0,0,0,0,0,0,0,0,0,0,0,0,0,0,0,0,0,0,0,0,0,0,0,0,0,0,0,0,0,0,0,0,0,0,3,0,0,0,0,0,0,0,0,0,0,0
028M03BM,1630,6687,6253,142,0,14,0,103,0,0,0,14,23,282,28,0,20,0,5,106,0,0,30,8,123,0,8,0,224,0,10,0,0,0,0,0,8,0,0,0,0,9,0,12,0,0,6,6,0,0,0,0,0,0,4,0,0,0,0,0,40,25,0,0,0,0,0,0,0,0,9,9,0,0,0,0,0,0,0,3,0,0,0,4,0,16,0,0,0,0,0,0,0,0,0,0,0,20,0,0,0,0,0,0,7,0,0,0,0,0,0,0,0,4,0,0,0,0,0,0,0,0,0,0,0,0,0,0,0,0,0,0,0,0,0,0,0,0,0,0,0,0,0,0,0,0,0,0,0,0,0,0,0,0,0,0,0,4,0,0,0,0,0,0,0,0,0,0,0,0,0,0,0,0,0,0,0,0,0,0,0,0,5,0,0,0,0,0,0,0,0,0,0,0,0,0,0,0,13,0,0,0,0,0,0,0,0,5,0,0,0,0,0,0,0,0,0,0,0,0,0,0,0,0,0,0,0,0,0,0,0,0,0,0,0,0,0,0,0,0,0,0,0,0,0,0,0,0,0
029M03BM,673,14473,1881,67,0,0,0,37,0,0,0,15,9,91,31,18,27,0,7,0,0,0,0,0,379,0,0,0,0,0,0,0,0,0,14,0,0,0,0,0,0,0,0,211,0,0,0,0,0,0,8,0,0,0,0,0,0,0,0,0,0,188,0,0,0,0,0,0,0,0,0,9,0,0,0,0,5,0,2,5,0,0,0,0,0,0,8,0,0,24,0,0,0,0,0,0,0,0,0,0,0,0,0,0,12,0,0,0,0,0,0,37,0,0,0,0,2,0,0,0,0,0,0,14,0,0,0,0,0,0,0,0,0,0,0,22,0,0,12,0,7,0,0,0,0,0,0,0,0,0,0,0,0,0,0,0,0,0,0,0,0,0,0,0,0,0,0,0,0,0,0,0,0,48,0,0,0,0,0,0,0,0,0,0,0,0,0,0,0,0,0,0,0,0,0,0,0,33,0,0,0,0,0,0,0,0,0,0,0,0,10,0,0,10,0,0,0,0,0,0,0,0,0,0,0,0,0,0,0,0,0,0,0,0,0,0,0,0,0,0,0,0,0,0,0,0,0,0,0
030M03BM,9055,12071,0,237,0,0,0,49063,11,1050,0,69,627,484,93,0,0,0,1288,13,0,0,0,0,3,84,2,5088,0,0,22,0,0,31,57,9,0,0,0,0,0,0,0,12,0,0,0,0,0,0,0,0,0,0,0,0,0,0,0,0,0,280,84,0,0,0,0,0,0,0,0,0,0,0,0,4,20,0,38,0,0,150,0,0,0,0,0,0,0,0,0,0,0,0,8,0,0,0,0,6,0,0,0,0,0,0,0,0,0,0,0,0,0,0,0,0,0,0,26,0,0,0,0,0,0,0,0,0,312,0,0,0,0,0,0,0,0,0,0,0,0,0,0,0,0,0,0,0,0,0,0,0,0,0,0,0,0,0,0,0,0,0,0,0,0,0,0,0,0,0,0,0,0,0,0,0,0,0,0,0,0,0,0,0,0,0,0,0,0,0,0,0,0,0,0,0,4,0,0,0,0,0,0,0,0,0,0,0,0,0,0,0,0,0,0,0,0,0,0,0,0,0,0,0,0,0,0,0,0,0,0,0,0,0,0,0,0,0,0,0,0,0,0,0,0,0,0,0,0
031M03BM,92288,17016,0,0,64,0,321,57,0,0,116,5878,0,11,875,0,5,0,13,0,0,31,0,0,6921,0,0,0,0,0,13,0,0,0,0,0,0,13,0,0,5,0,0,3,0,0,0,0,5,4,0,0,0,0,721,0,7,0,73,0,0,0,0,0,0,0,9,0,0,0,0,45,0,0,0,0,0,0,5,0,0,0,0,0,0,0,0,0,0,0,0,0,0,0,0,0,0,0,2,0,0,0,0,0,0,0,0,0,0,0,0,0,0,0,0,0,0,0,0,0,0,0,0,0,0,0,0,0,0,0,0,0,0,0,0,0,0,0,0,0,0,0,0,0,0,0,0,0,0,0,0,0,0,0,0,0,0,0,0,0,0,0,0,0,0,0,0,0,0,0,0,0,0,0,0,0,0,0,0,0,0,0,124,0,0,0,0,0,0,0,0,0,0,0,0,0,0,0,0,0,0,0,0,0,0,0,0,0,0,0,0,0,0,0,0,0,0,0,0,0,0,0,0,0,0,0,0,0,0,0,0,0,0,0,0,0,0,0,0,0,0,0,0,0,0,0,0,4,0
032M03BM,85,61,0,0,0,140,50512,205,0,0,5,0,63890,0,0,0,0,0,0,0,0,0,0,0,0,0,0,0,0,0,0,0,0,0,0,0,0,0,0,0,0,0,0,0,0,0,0,0,0,0,0,0,0,0,0,0,0,0,0,0,0,0,0,0,0,0,0,0,0,0,0,0,0,0,0,0,0,0,0,0,0,0,0,0,0,0,0,0,0,0,0,0,0,0,0,0,0,0,0,0,0,0,0,0,0,0,0,0,0,0,0,0,0,0,0,0,0,0,0,0,0,0,0,0,0,0,0,0,0,0,0,0,0,0,0,0,0,0,0,0,0,0,0,0,0,0,0,0,0,0,0,0,0,0,0,0,0,0,0,0,0,0,0,0,0,0,0,0,0,0,0,0,0,0,0,0,0,0,0,0,0,0,0,0,0,0,0,0,0,0,0,0,0,0,0,0,0,0,0,0,0,0,0,0,0,0,0,0,0,0,0,0,0,0,0,0,0,0,0,0,0,0,0,0,0,0,0,0,0,0,0,0,0,0,0,0,0,0,0,0,0,0,0,0,0,0,0,0,0
033M02BM,957,1878,120,73,139,0,0,7052,93,195,0,0,146,990,0,0,0,0,2375,126,0,0,0,0,66,1445,0,0,0,0,0,0,0,0,424,3,3,0,0,0,0,0,0,117,0,0,0,0,0,0,0,0,0,0,0,0,0,0,0,0,0,0,0,0,0,0,0,0,0,0,0,0,0,0,0,0,264,0,0,0,0,67,0,0,0,0,0,0,0,0,0,0,0,0,0,0,0,0,0,0,0,9,0,0,0,0,0,0,0,0,0,2,0,0,0,0,0,0,0,0,0,0,0,0,0,0,0,0,0,0,0,0,0,0,0,0,0,0,0,0,0,0,0,0,0,0,0,0,0,0,0,0,0,0,0,0,0,0,0,0,0,0,0,0,0,0,0,0,0,0,0,0,0,0,0,0,0,0,0,0,0,0,0,0,0,0,0,0,0,0,0,0,0,0,0,0,0,0,0,0,0,0,0,0,0,0,0,0,0,0,0,0,0,0,0,0,0,0,0,0,0,0,0,0,0,0,0,0,0,0,0,0,0,0,0,0,0,0,0,0,0,0,0,0,0,0,0,0,0
035M03BM,2454,1828,4725,369,20,0,19,88,0,10,13,87,37,344,39,187,177,0,5,0,0,4,0,29,60,9,6,9,0,0,7,0,11,0,0,0,31,0,0,13,0,8,0,30,0,0,0,16,0,28,0,0,0,0,7,0,0,23,0,0,81,0,0,0,0,0,0,0,0,0,9,28,0,6,0,0,0,0,0,0,0,0,0,0,0,0,0,21,5,0,0,1,0,0,0,0,0,6,0,0,0,0,11,0,0,0,0,0,0,0,0,0,0,0,0,0,0,0,0,0,0,0,0,18,0,0,13,0,0,0,0,0,0,7,0,5,0,0,8,0,0,0,0,0,0,0,0,0,0,0,0,0,0,5,0,0,0,0,0,0,0,0,0,0,0,0,0,0,0,0,0,0,10,0,0,0,0,0,0,0,0,0,0,0,0,0,0,0,31,0,0,0,0,0,0,0,0,0,0,0,0,0,0,0,0,0,71,0,0,0,0,0,0,0,0,0,0,0,0,0,0,0,0,0,0,0,0,0,0,0,0,0,0,0,13,0,0,0,0,3,0,0,0,0,0,0,0,0,0
036M03BM,2681,5657,20457,1317,326,33,136,212,0,0,795,0,0,1426,30,689,8571,969,110,851,308,390,95,0,0,0,0,0,7,21,269,50,0,0,28,0,41,112,161,6,355,0,0,94,21,0,81,64,0,26,0,319,91,0,3,50,33,0,0,0,0,0,13,0,0,104,3,9,5,13,0,0,0,37,19,0,0,399,0,31,0,27,0,0,0,0,0,3,0,0,213,0,0,0,0,0,13,17,35,0,0,31,0,0,0,41,0,102,0,48,0,0,0,0,0,32,0,0,0,0,0,95,0,119,0,19,0,0,0,0,0,0,0,21,0,0,23,47,22,0,111,0,0,0,0,0,32,10,0,0,0,0,0,0,0,0,0,0,0,0,0,0,0,0,0,20,0,0,0,0,58,0,0,0,0,0,0,0,26,0,0,0,0,0,10,0,0,10,0,20,0,0,0,0,0,0,0,0,0,0,0,0,0,0,0,0,0,0,31,0,0,0,0,0,0,0,0,0,25,0,0,40,0,0,0,0,0,0,0,0,0,0,0,0,0,0,0,0,0,0,0,0,0,0,0,0,0,0,0
038M03BM,17,9,28,12,0,0,0,12,0,0,0,0,0,12,0,5552,0,0,18368,0,0,0,0,0,0,0,0,0,0,0,0,0,0,0,0,0,0,0,0,0,0,0,0,0,0,0,0,0,0,0,0,0,0,0,0,0,0,0,0,0,0,0,0,0,0,0,0,0,0,0,0,0,0,0,0,0,0,0,0,0,0,0,0,0,0,0,0,0,0,0,0,0,0,0,0,0,0,0,0,0,0,0,0,0,0,0,0,0,0,0,0,0,0,0,0,0,0,0,0,0,0,0,0,0,0,0,0,0,0,0,0,0,0,0,0,0,0,0,0,0,0,0,0,0,0,0,0,0,0,0,0,0,0,0,0,0,0,0,0,0,0,0,0,0,0,0,0,0,0,0,0,0,0,0,0,0,0,0,0,0,0,0,0,0,0,0,0,0,0,0,0,0,0,0,0,0,0,0,0,0,0,0,0,0,0,0,0,0,0,0,0,0,0,0,0,0,0,0,0,0,0,0,0,0,0,0,0,0,0,0,0,0,0,0,0,0,0,0,0,0,0,0,0,0,0,0,0,0,0
039M02BM,4899,2521,1526,0,0,0,0,14,0,9,0,110,0,161,27,15,20,0,7,0,7,0,0,2039,0,0,6,0,8,0,0,0,0,0,0,0,54,5,0,0,0,0,0,4,0,0,0,9,0,0,0,0,0,0,0,0,0,4,2,0,22,0,0,0,0,0,0,0,0,0,0,2,0,0,0,0,0,0,0,0,0,0,0,0,0,0,0,0,0,0,0,0,0,0,0,0,0,0,0,0,0,0,0,0,0,0,0,0,0,0,0,0,0,0,0,0,0,0,0,0,0,0,0,0,0,0,0,0,0,0,0,0,0,0,0,0,0,0,0,0,0,0,0,0,0,0,0,0,0,0,0,0,0,0,0,0,0,0,0,0,0,0,0,0,0,0,0,0,0,0,0,0,0,0,0,0,0,0,0,0,0,0,0,0,0,0,0,0,0,0,0,0,0,0,0,0,0,0,0,0,0,0,0,0,0,0,0,0,0,0,0,0,0,0,0,0,0,0,0,0,0,0,0,0,0,0,0,0,0,0,0,0,0,0,0,0,0,0,0,0,0,0,0,0,0,0,0,0,0
041M02BM,7529,380,93,21,0,0,0,4,0,0,0,0,0,13,0,4531,0,0,0,0,0,0,0,0,6,0,0,0,0,0,0,0,0,0,0,0,0,0,0,0,0,0,0,0,0,0,0,0,0,0,0,0,0,0,0,0,0,0,0,0,0,0,0,0,0,0,0,0,0,0,0,0,0,0,0,0,0,0,0,0,0,0,0,0,0,0,0,0,0,0,0,0,0,0,0,0,0,0,0,0,0,0,0,0,0,0,0,0,0,0,0,0,0,0,0,0,0,0,0,0,0,0,0,0,0,0,0,0,0,0,0,0,0,0,0,0,0,0,0,0,0,0,0,0,0,0,0,0,0,0,0,0,0,0,0,0,0,0,0,0,0,0,0,0,0,0,0,0,0,0,0,0,0,0,0,0,0,0,0,0,0,0,0,0,0,0,0,0,0,0,0,0,0,0,0,0,0,0,0,0,0,0,0,0,0,0,0,0,0,0,0,0,0,0,0,0,0,0,0,0,0,0,0,0,0,0,0,0,0,0,0,0,0,0,0,0,0,0,0,0,0,0,0,0,0,0,0,0,0
044M03BM,1290,287,7259,4,4,0,0,110,6,0,0,4,0,139,15,94,297,0,7,0,21,0,0,56,0,6,0,0,0,0,0,0,0,0,0,0,3,0,0,0,0,0,0,6,0,0,0,30,0,11,0,0,0,0,0,14,0,0,0,0,69,0,0,0,0,43,0,0,0,0,0,0,0,17,0,0,0,0,0,0,0,12,0,0,0,0,0,0,0,0,89,0,0,0,0,0,0,0,0,11,0,0,0,0,0,0,0,0,0,0,0,0,0,5,0,0,0,0,0,0,0,0,0,0,0,0,0,0,0,0,0,0,0,0,0,0,0,0,0,0,0,0,0,0,0,0,0,0,0,0,0,0,0,0,0,0,0,0,0,0,0,0,0,0,0,0,0,0,0,0,0,0,9,0,0,0,0,0,0,0,0,0,0,0,0,0,0,0,0,0,0,0,0,0,0,0,0,0,0,0,0,0,0,0,0,0,0,0,0,0,0,0,0,0,0,0,0,0,0,0,0,0,0,0,0,0,0,0,0,0,0,0,0,0,0,0,0,0,0,0,0,0,0,0,0,0,0,0,0
045M03BM,10141,49847,12,5953,297,12,11,187,43,0,114,89,18,3271,10,140,29,111,306,15466,0,36,0,11,928,0,0,0,0,0,38,0,0,0,6,0,1366,17,21,0,9,0,5035,0,0,0,8,0,8,4,0,0,0,0,742,0,5,0,0,0,2,4,0,0,0,0,2,0,0,0,0,14,0,0,4,0,0,0,0,0,0,0,0,0,0,0,0,0,0,0,0,0,0,0,0,0,0,0,0,0,0,0,0,5,0,0,0,0,0,0,0,0,0,0,0,0,0,0,0,0,0,0,0,0,0,0,0,0,0,0,0,0,0,0,0,0,0,0,0,0,0,0,0,0,0,0,0,0,0,0,0,0,0,0,10,0,0,0,0,0,0,0,0,0,0,0,0,0,0,0,0,0,0,0,0,0,0,0,0,0,0,0,0,0,0,0,0,0,0,0,0,0,0,0,0,0,0,0,0,0,0,0,0,0,0,0,0,0,0,0,0,0,0,0,0,0,0,0,0,0,0,0,0,0,0,0,0,0,0,0,0,0,0,0,0,0,0,0,3,0,0,0,4,0,0,2,0,0,0
046M03BM,2243,8100,754,116,0,0,0,19,0,0,0,107,0,70,9,8,8,0,0,7115,0,0,5,0,21,0,0,0,0,0,0,2,0,0,0,0,0,0,0,0,0,0,0,0,0,0,0,0,0,0,0,0,0,0,0,0,0,0,0,0,0,0,0,12,0,0,0,0,0,0,0,0,0,0,0,0,0,0,0,15,0,0,0,0,0,0,0,0,0,0,0,0,0,0,0,0,0,0,0,0,0,0,0,0,0,0,0,0,0,0,0,0,0,0,0,0,0,0,0,0,0,0,0,0,0,0,0,0,0,0,0,0,0,0,0,0,0,0,0,0,0,0,0,0,0,0,0,0,0,0,0,0,0,0,0,0,0,0,0,0,0,0,0,0,0,0,0,0,0,0,0,0,0,0,0,0,0,0,0,0,0,0,0,0,0,0,0,0,0,0,0,0,0,0,0,0,0,0,0,0,0,0,0,0,0,0,0,0,0,0,0,0,0,0,0,0,0,0,0,0,0,0,0,0,0,0,0,0,0,0,0,0,0,0,0,0,0,0,0,0,0,0,0,0,0,0,0,0,0
047M03BM,944,28004,18095,43,5499,138,33,654,99,65,3237,145,14,1218,554,54,1526,2407,154,20,32,1595,0,22,20,46,0,14,142,0,1158,0,0,0,21,0,23,476,321,28,318,0,0,766,25,0,678,61,62,20,0,0,461,0,30,200,105,5,0,0,17,39,12,0,0,271,21,36,0,0,0,26,27,587,36,0,0,0,0,47,0,35,0,138,0,0,0,0,0,6,61,0,60,0,0,27,53,0,5,0,0,20,37,0,0,32,0,0,0,39,0,0,0,0,2,0,0,0,21,8,32,0,40,59,0,0,10,0,0,0,126,0,0,10,10,0,78,15,22,32,41,0,76,0,15,44,3,24,0,0,0,0,0,0,28,0,0,0,0,0,0,0,0,0,0,0,0,0,0,0,0,3,0,19,0,0,0,6,5,0,0,0,0,0,80,0,0,62,0,0,0,0,0,0,0,0,0,0,80,54,0,0,0,13,0,59,183,26,0,43,0,0,39,0,0,0,0,5,0,0,0,0,0,0,12,10,0,0,0,0,0,0,0,0,0,0,13,0,0,0,0,12,0,0,6,0,0,0,0
052M03BM,6370,42540,4334,4279,1695,41,22,22,0,8,1670,200,0,341,1245,36,564,376,160,5,0,531,17,0,4154,0,1497,0,0,0,272,0,0,0,5,0,115,234,93,0,129,0,0,53,25,0,33,0,35,23,0,0,40,0,553,0,19,0,0,0,0,0,0,0,0,0,7,49,0,0,12,0,3,12,16,0,0,14,0,10,3,0,0,3,0,0,7,7,0,0,0,0,0,8,0,7,0,3,6,0,11,0,9,12,0,0,0,0,4,0,52,2,0,1,4,12,0,0,11,0,5,0,0,0,16,0,0,0,0,0,0,11,0,0,0,0,0,0,16,8,6,0,0,0,8,8,0,1,0,0,0,0,0,0,0,0,0,0,0,4,0,0,0,0,0,0,0,0,0,3,0,0,0,0,0,0,0,3,0,0,0,0,17,11,4,7,0,6,4,10,0,7,0,0,0,0,0,0,7,0,16,0,0,0,0,0,0,0,0,0,0,0,0,0,0,0,0,0,0,0,0,0,0,0,0,9,2,0,14,0,0,0,0,2,0,0,0,0,0,0,0,0,0,0,0,0,0,0,0
055M02BM,5729,1295,222,535,0,0,0,3007,0,0,0,66,0,613,111,5,13,0,0,301,0,0,0,4,70,0,0,0,0,0,0,0,0,0,4,0,437,0,0,0,0,15,0,2,0,0,0,0,0,0,0,0,0,0,0,0,0,11,0,0,0,0,0,5,9,0,0,0,0,2,0,5,0,0,0,0,0,0,1541,0,0,0,0,0,0,37,0,0,0,0,0,3,0,0,0,0,0,0,0,7,0,0,0,0,0,0,0,0,0,0,0,0,0,0,0,0,349,0,0,0,0,0,0,0,0,0,0,0,0,0,0,0,0,0,0,0,0,0,0,0,0,0,0,0,0,0,0,0,0,0,0,0,0,0,0,0,41,0,0,0,0,0,0,0,0,0,0,0,0,0,0,0,0,0,0,0,0,0,0,0,0,0,0,0,0,0,0,0,0,0,0,0,0,0,0,0,0,0,0,0,0,0,0,0,0,0,0,0,0,0,0,0,0,0,0,0,0,0,0,0,0,0,0,0,0,0,0,0,0,0,0,0,0,0,0,0,0,0,0,0,0,0,0,0,0,0,0,0,0
062M03BM,556,2579,21,264,207,0,0,77146,175,0,25,0,0,6559,0,5,0,62,31,15,0,11,3,19,0,0,0,0,0,0,18,0,0,0,73,0,26,9,14,0,5,0,0,0,0,0,0,0,4,0,0,0,0,0,0,0,0,4,0,0,0,0,0,0,0,0,0,0,0,0,0,0,0,0,6,0,1373,0,0,0,0,0,0,0,0,0,0,0,0,0,0,0,0,0,0,0,0,0,0,0,0,0,0,0,0,0,0,0,0,0,18,0,0,0,0,0,0,0,0,0,0,0,0,0,0,0,0,0,0,0,0,0,0,0,0,0,0,0,0,0,0,0,0,0,0,0,0,0,0,0,0,0,0,0,0,0,0,0,0,0,0,0,0,0,0,0,0,0,0,0,0,0,0,0,0,0,0,0,0,0,0,0,0,0,0,0,0,0,0,0,0,0,0,0,0,0,0,0,0,0,0,0,0,0,0,0,0,0,0,0,0,0,0,0,0,0,0,0,0,0,0,0,0,0,0,0,0,0,0,0,0,0,0,0,0,0,0,0,0,0,0,0,0,0,0,0,0,0,0
102M02BM,61,8574,2935,136,0,0,0,0,0,0,5,0,0,82,15,7,138,0,0,0,0,0,0,36,10,0,7,0,0,0,7,0,0,0,0,0,0,0,0,0,0,0,0,0,0,0,0,11,0,10,0,0,0,0,0,0,0,0,0,0,34,0,0,0,0,0,0,0,0,0,0,0,0,0,0,0,0,2,3,3,0,7,0,0,0,0,0,0,0,0,12,0,0,0,0,0,0,0,0,0,0,6,0,0,0,0,0,0,0,0,0,0,0,0,0,0,0,0,0,0,5,0,0,0,0,0,0,0,0,0,0,0,0,0,0,0,0,0,0,0,0,0,0,0,0,0,0,0,0,0,0,0,0,0,0,0,0,0,0,0,0,0,0,0,0,0,0,0,0,0,0,0,0,0,0,0,9,0,0,0,0,0,0,0,0,0,0,0,0,0,0,0,0,0,0,0,0,0,0,0,0,0,0,0,0,0,0,0,0,0,0,0,4,0,0,0,0,0,0,0,0,0,0,0,0,0,0,0,0,0,0,0,0,0,0,0,0,0,0,0,0,0,0,0,0,0,0,0,0
104M02BM,1530,8007,3002,1540,24,0,0,36,0,0,0,10,15,153,0,0,47,0,6,0,0,0,0,8,146,0,0,0,0,0,0,0,4,0,0,0,0,0,0,4,0,0,0,7,2,0,0,9,0,14,0,0,0,6,0,0,0,15,0,0,0,0,0,0,0,0,0,0,0,0,0,0,0,0,0,0,0,0,0,0,0,0,0,0,0,0,0,0,0,0,6,0,0,0,0,0,0,4,0,0,0,0,0,0,0,0,0,0,0,0,0,0,0,5,0,0,0,0,0,0,0,0,0,0,0,0,0,0,0,0,0,4,0,0,0,0,0,0,0,0,0,0,0,0,0,0,0,0,0,0,0,0,0,0,0,0,0,0,0,0,0,0,0,0,0,0,0,0,0,0,0,0,0,0,0,0,0,0,0,0,0,0,0,0,0,0,0,0,0,0,0,0,0,0,0,0,0,0,0,0,0,0,0,0,0,0,0,0,0,0,0,0,0,0,0,0,0,0,0,0,0,0,0,0,0,0,0,0,0,0,0,0,0,0,0,0,0,0,0,0,0,0,0,0,0,0,0,0,0
105M02BM,6375,8280,1966,176,0,0,42,40,0,0,3,554,32,59,222,17,69,0,16,0,0,0,0,8,0,0,0,0,1366,0,5,0,0,0,0,0,0,0,0,0,0,0,0,6,0,0,0,0,0,6,0,0,0,0,8,0,0,0,4,0,9,0,0,0,0,2,0,0,0,0,0,3,0,0,0,0,0,0,0,0,0,0,0,20,0,0,0,0,0,0,0,2,0,0,0,0,0,0,0,0,0,0,0,0,0,0,0,0,0,0,0,0,0,0,0,0,0,0,0,0,0,0,0,0,0,0,0,0,0,0,0,0,0,0,15,0,0,0,0,0,0,0,0,0,0,0,0,0,0,0,0,0,0,0,0,15,0,0,0,0,0,0,0,0,0,0,0,0,0,0,0,0,0,0,0,0,0,0,0,0,0,0,0,0,0,0,0,0,0,0,0,0,0,0,0,0,0,0,0,0,0,0,0,0,0,0,0,0,0,0,0,0,0,0,0,0,0,0,0,0,0,0,0,0,0,0,0,0,0,0,0,0,0,0,0,0,0,0,0,0,0,0,0,0,0,0,0,0,0
309M03BM,5724,19290,17225,1847,586,15,63,1154,46,198,2345,152,142,3406,212,189,1711,1896,903,275,7936,1104,3317,19,71,29,14,18,23,12,844,0,0,0,27,8,142,667,444,0,321,184,0,144,9,0,30,69,0,30,0,548,43,46,0,34,142,58,23,32,21,26,13,0,0,106,97,80,117,48,55,5,36,8,37,0,0,45,32,58,0,4,0,0,0,40,0,46,0,0,57,0,0,0,0,0,24,0,17,0,87,0,0,3,0,52,0,0,20,7,6,0,19,0,20,27,0,19,0,13,33,0,84,73,0,7,32,0,11,0,0,17,0,0,0,0,0,0,23,9,0,27,0,37,20,0,16,17,0,0,0,0,0,0,0,25,0,0,0,0,0,0,16,0,21,0,0,0,6,0,0,0,0,21,0,0,41,0,0,0,0,0,0,0,0,0,0,22,0,10,0,0,0,0,23,0,11,0,0,0,0,0,0,109,0,0,16,0,0,0,8,0,40,0,0,0,6,12,0,0,0,0,0,0,0,0,0,0,0,0,0,0,0,0,0,0,0,0,0,0,0,0,0,3,8,0,0,0,0
401M02BM,1805,163,7113,24,1079,108,0,55689,13,29,445,24,954,31944,249,37,36,0,64,6,23,198,0,496,0,0,0,0,0,0,46,7,0,0,5,0,0,172,0,4,54,28,0,64,32,0,42,29,22,9,2,0,6,0,56,0,10,0,0,0,0,96,0,0,0,0,8,7,45,6,0,0,6,5,0,0,0,0,0,29,0,0,0,0,0,0,0,31,0,0,0,0,0,0,0,0,0,25,3,0,39,0,0,0,0,0,0,0,0,0,6,0,25,6,0,0,0,0,0,0,0,2,0,95,0,0,0,0,0,0,0,8,0,4,0,0,0,0,0,10,13,0,0,0,0,0,0,0,0,0,0,0,0,0,0,0,0,0,0,0,0,0,0,0,0,0,0,9,0,0,0,0,0,0,0,0,0,0,10,0,0,0,0,0,6,0,0,0,0,0,0,5,0,0,0,0,0,10,11,21,0,0,12,0,0,0,13,5,0,0,0,0,0,0,0,0,25,0,0,0,0,0,0,0,0,0,6,9,0,0,5,12,0,0,0,0,0,0,11,0,0,0,0,7,0,0,0,0,0
425M03BM,35561,36190,29,29026,321,201,31,1645,251,0,120,556,0,109,1129,9,186,214,61,3587,0,51,0,0,230,7,48,43,33,0,52,0,0,0,0,0,2568,19,31,0,8,0,8,40,6,0,22,7,36,0,310,0,8,0,28,0,0,0,0,7,0,0,0,0,0,2,5,6,0,0,0,0,0,13,0,26,0,0,6,5,0,24,0,0,0,3,0,0,14,0,0,5,0,0,104,6,0,0,6,0,0,0,0,0,0,7,45,0,0,0,11,0,0,0,0,0,0,0,0,0,0,0,0,0,0,5,13,0,0,0,0,0,0,0,0,10,0,0,0,0,14,0,0,0,0,6,0,0,0,0,0,0,0,0,0,0,0,0,0,0,0,0,0,0,0,0,142,0,9,0,0,5,0,0,0,0,0,4,0,0,0,0,0,0,0,0,5,0,0,0,0,0,0,0,0,0,0,5,0,0,0,5,0,0,0,0,0,0,0,0,0,0,0,0,0,0,0,0,0,0,0,0,0,0,0,2,0,0,0,0,0,0,0,0,0,0,0,0,0,0,0,0,0,0,0,0,0,3,0
427M03BM,53735,34939,67,6783,501,47,0,158,0,15,174,4145,470,94,165,119,25,281,20,350,0,57,0,19,283,0,0,0,7,44,67,0,0,0,0,0,49,29,35,0,14,8,0,54,29,0,21,16,6,11,0,0,21,0,2,0,0,0,0,0,0,0,0,14,0,0,0,9,0,6,0,4,0,0,7,2,0,0,6,14,0,7,34,11,0,5,0,5,0,0,0,30,0,0,0,0,0,0,2,0,0,0,0,0,4,0,0,0,0,0,67,0,0,0,5,0,0,0,0,0,0,0,0,11,0,0,0,0,0,0,10,4,0,0,0,3,0,6,7,0,0,0,0,0,0,4,0,3,0,0,0,0,0,0,65,0,0,0,0,0,0,3,0,9,0,0,0,0,0,0,0,0,0,0,0,0,0,0,0,0,0,0,0,0,0,0,0,0,0,0,0,0,0,0,0,0,0,0,0,0,0,0,0,0,0,0,0,0,0,0,4,0,0,0,0,0,0,0,0,0,0,0,0,0,0,0,0,0,0,0,3,0,0,0,0,0,3,0,0,0,0,0,0,0,0,0,0,13,0
428M03BM,78680,27824,2,21,54,40,0,0,0,0,20,8691,0,15,9,0,15,26,0,462,0,7,0,0,229,0,0,0,607,0,11,0,0,0,0,0,11,0,0,0,0,0,40,0,0,0,0,0,0,0,0,0,0,0,0,0,0,0,0,0,0,0,0,1409,0,0,3,0,0,0,0,0,0,4,0,0,0,0,0,0,0,0,0,0,0,0,0,0,0,0,0,0,0,0,0,0,0,0,0,0,0,0,0,0,0,0,0,0,0,0,0,0,0,0,0,0,0,0,0,0,0,0,0,0,0,0,0,0,0,0,0,0,14,0,0,0,0,0,0,0,0,0,0,0,0,0,0,0,0,0,0,0,0,0,0,0,0,0,0,0,0,0,0,0,0,0,0,0,0,0,0,0,0,0,0,0,0,0,0,0,0,0,0,0,0,0,0,0,0,0,0,0,0,0,0,0,0,0,0,0,0,0,0,0,0,0,0,0,0,0,0,0,0,0,0,0,0,0,0,0,0,0,0,0,0,0,0,0,0,0,0,0,0,0,0,0,0,0,0,0,0,0,0,0,0,0,0,0,0
431M02BM,37289,39173,26,1863,610,18,12,561,12,0,183,1210,8,108,66,14,81,120,0,511,0,57,0,0,2990,6,33,7,0,0,42,0,0,0,0,0,14,18,0,0,22,0,0,40,13,0,0,16,0,10,0,0,0,0,17,9,12,0,0,0,12,44,7,0,0,0,0,15,0,5,0,78,4,4,0,0,0,0,0,0,0,0,0,0,0,4,0,0,0,0,0,0,0,0,0,0,0,0,4,0,0,0,0,0,0,6,0,0,0,0,0,0,0,0,3,0,0,0,0,0,0,0,0,0,0,0,0,0,0,0,0,0,10,0,0,0,0,0,0,0,0,0,0,0,0,0,0,0,0,0,0,0,0,0,0,0,0,0,0,0,0,0,0,0,0,0,0,0,0,0,0,0,0,0,0,0,13,0,0,0,0,0,0,0,0,0,0,0,0,0,0,0,0,11,0,0,0,0,0,0,0,0,0,0,0,0,0,0,0,0,0,0,0,0,0,0,0,0,0,0,0,0,0,0,0,9,0,0,0,0,0,7,0,0,0,0,0,0,0,0,0,0,0,0,0,0,0,0,0
432M02BM,54042,23354,0,4640,881,148,13,44,22,0,373,1718,23,156,425,4,43,0,33,697,0,123,0,7,37,0,25,0,114,0,41,25,0,8,0,0,27,42,0,4,34,16,11,30,22,0,36,23,24,8,0,0,0,0,23,0,10,0,14,0,0,0,0,4,0,0,0,0,0,19,0,37,14,12,0,7,0,18,0,9,0,0,0,11,0,10,0,0,0,0,0,0,8,0,0,16,0,0,0,12,0,9,0,0,0,0,0,0,0,0,4,0,0,0,14,9,0,0,0,3,4,0,0,0,0,0,0,0,0,0,3,7,5,0,0,0,0,5,5,0,0,0,0,0,0,0,0,0,78,0,0,0,0,0,0,0,0,0,0,0,0,0,0,0,0,0,0,0,0,0,0,0,0,0,0,2,0,0,0,6,0,0,0,0,0,0,3,0,0,0,0,0,0,45,0,0,0,12,0,0,0,0,0,0,0,0,3,0,0,0,0,0,0,0,0,0,0,0,0,0,0,0,0,0,0,0,0,0,0,0,0,0,0,0,0,0,0,0,0,0,0,0,0,0,0,0,0,0,0
434M03BM,14247,18648,0,954,11955,148,0,107,0,0,3153,1722,29,1289,654,402,792,0,272,13,0,1264,34,0,128,0,17,0,0,0,259,76,0,0,18,0,0,145,0,0,142,0,0,232,100,0,71,39,236,194,0,0,0,266,120,0,121,0,0,0,0,0,0,0,0,4,74,49,0,0,0,10,45,15,0,0,11,19,0,37,0,11,0,0,0,3,0,0,0,13,19,0,0,0,25,59,26,11,31,0,0,0,21,0,0,0,0,0,0,0,0,0,0,0,17,11,0,0,28,0,0,0,0,15,0,0,0,0,0,0,0,33,0,31,0,0,15,25,19,0,12,0,0,0,3,28,0,0,0,0,0,14,0,0,0,0,0,8,0,0,3,0,0,0,0,0,0,0,0,0,0,0,0,0,0,0,21,0,0,0,0,12,0,0,0,0,0,9,0,0,9,0,0,0,12,0,0,0,0,0,0,32,0,0,0,0,0,0,0,0,0,0,0,8,0,0,0,0,0,0,0,0,0,0,0,0,0,0,0,0,0,0,0,0,0,14,0,0,0,0,0,0,0,0,0,0,0,0,0
435M03BM,13320,29327,21956,0,3382,92,0,142,54,1473,1450,1501,0,768,1912,9,57,0,98,18,0,859,80,0,47,0,0,49,50,0,241,53,0,0,17,0,0,181,0,0,75,0,0,100,158,134,104,125,129,55,0,0,30,37,98,0,53,0,33,0,0,0,0,0,0,0,4,27,0,0,0,0,26,21,0,0,0,0,0,5,0,0,0,0,0,0,0,0,0,0,0,0,0,83,0,21,0,0,0,0,0,37,15,0,0,0,0,0,0,0,0,0,0,16,24,0,0,0,0,0,7,0,0,13,0,0,0,0,10,0,0,0,0,8,0,0,0,25,0,83,0,0,0,0,0,0,8,0,0,24,0,0,0,0,0,0,0,0,0,0,0,5,0,0,0,0,0,159,0,0,0,0,0,0,0,0,0,0,0,0,0,0,0,0,10,0,75,0,5,0,0,0,0,0,0,0,6,0,0,0,142,0,0,69,0,84,0,0,0,0,0,0,0,0,0,0,0,0,0,0,0,0,0,36,0,0,0,0,0,0,0,0,0,0,0,0,0,0,0,0,0,0,0,0,0,0,0,0,0
439M04BM,131,591,4265,49,0,5,0,4883,169,18,10,0,51,1935,11,29,19,0,131,18,20,0,0,80,48,68,0,128,111,0,0,0,7,0,25,0,0,0,0,0,0,0,0,432,0,0,0,0,0,58,3,0,0,0,0,0,0,0,0,157,10,0,0,0,9,0,0,0,0,0,0,0,0,0,0,0,0,0,11,0,0,1675,0,0,0,0,29,0,0,1017,0,0,0,0,8,0,0,0,0,0,0,0,0,10,0,0,0,0,62,0,0,0,0,8,0,12,0,0,0,0,0,0,0,0,16,0,0,0,0,0,0,10,0,0,0,0,0,0,0,0,0,0,0,0,6,0,0,0,62,0,0,0,0,0,0,0,0,0,0,0,0,0,0,0,0,0,28,0,0,0,0,231,0,0,0,0,0,2,0,0,0,0,0,0,0,0,0,0,0,0,0,0,0,0,0,0,0,7,0,0,0,0,0,0,0,0,0,0,0,0,0,0,0,0,0,0,0,0,0,0,0,0,0,0,0,0,0,0,0,0,0,0,6,0,0,23,0,0,0,0,0,0,0,0,0,0,0,0,0
440M03BM,2133,11326,0,4550,1998,64,37,14029,751,7,528,57,1219,321,157,119,460,0,82,98,0,226,36,15920,15,0,0,0,0,0,115,219,12321,0,91,0,277,50,0,0,51,106,0,41,39,0,21,11,189,7,9,0,26,0,37,39,19,23,0,0,0,20,0,0,0,0,0,0,0,2,0,4,22,34,0,0,0,60,0,57,20,0,0,7,0,0,0,0,0,0,10,0,0,5,10,0,13,0,0,8,0,0,0,0,0,0,0,0,1,0,73,0,0,13,62,0,0,0,0,0,0,0,0,22,0,0,0,110,0,0,0,10,0,7,125,0,0,0,0,0,66,0,18,0,0,8,0,0,0,0,22,0,10,0,0,0,0,0,0,0,0,13,0,0,0,0,0,0,0,0,24,4,0,0,0,0,74,0,0,0,0,0,0,0,8,0,0,15,0,0,6,0,0,0,16,0,0,0,0,0,0,15,14,0,0,0,0,0,0,0,0,0,0,7,0,0,0,0,0,0,0,0,7,0,0,0,0,0,0,0,0,13,0,0,0,0,0,0,0,0,0,25,0,0,0,0,0,0,0
441M03BM,17707,97453,9,9700,1280,322,128,584,14,0,697,64,2201,4025,86,403,58,0,727,5860,0,253,0,0,3281,10,0,2377,26,875,51,9,0,143,72,0,0,90,0,0,35,0,0,119,30,0,0,0,53,42,32,0,0,0,11,14,18,0,68,0,6,0,0,0,0,0,16,18,0,0,0,0,3,8,0,0,50,0,8,13,0,0,0,7,0,0,0,0,21,0,0,0,0,5,176,0,13,3,7,3,0,0,0,67,0,0,0,0,0,0,7,0,0,0,12,11,0,0,0,0,0,0,0,0,0,0,0,0,0,0,0,0,0,0,0,0,0,0,0,0,12,0,0,6,0,0,0,0,19,0,0,0,0,0,0,0,0,0,0,0,142,0,5,0,0,0,0,0,0,0,0,0,0,0,0,0,0,0,0,0,0,4,0,0,0,0,0,0,0,0,0,0,4,0,0,0,0,0,0,0,0,0,0,0,0,0,0,0,0,0,0,0,0,0,0,0,0,0,0,0,0,0,0,0,0,0,0,0,6,0,0,0,0,0,0,0,0,0,7,0,0,0,0,0,0,0,0,0,0
442M02BM,6667,10945,0,3745,432,110328,54,92,12596,47,334,77,0,837,246,0,18,0,37,363,0,141,0,0,100,4,168,0,0,0,13,0,2227,0,0,0,630,22,0,0,16,0,0,23,0,0,0,0,14,15,0,0,0,0,10,4,16,0,0,0,0,0,0,0,0,0,9,0,0,0,0,3,11,0,0,0,0,0,14,0,0,5,0,0,0,0,0,0,0,0,0,0,0,9,0,0,6,20,4,0,0,0,0,0,0,0,0,0,0,0,0,0,0,0,0,0,0,0,0,0,0,0,0,0,0,76,3,0,0,0,0,0,0,0,149,0,0,0,0,0,12,0,0,0,0,0,0,0,13,0,0,0,0,0,0,0,0,0,0,0,0,0,0,0,0,0,0,0,0,0,0,0,0,0,0,0,0,0,0,0,0,0,0,0,0,0,0,0,3,0,0,0,0,0,0,0,0,0,0,0,0,0,0,4,0,0,0,0,0,0,0,0,0,0,0,0,0,0,0,0,0,0,0,0,0,0,0,0,0,0,0,0,0,0,0,0,0,0,0,0,0,0,0,0,0,0,0,0,0
443M03BM,109119,3914,0,220,320,24,0,28,0,0,48,34,0,63,31,8,13,0,6,43,0,21,9,0,439,0,62,0,0,0,0,7,0,0,0,7,252,11,0,0,10,0,0,164,26,0,0,0,11,11,0,0,0,9,10,0,0,0,0,0,0,12,0,0,0,0,3,0,0,0,0,6,7,0,0,2,0,0,0,2,0,0,0,4,0,0,0,0,0,0,0,0,0,0,0,0,7,0,0,0,0,0,0,0,0,0,210,0,0,0,0,0,0,0,0,0,0,0,0,0,0,0,0,0,0,0,0,0,0,0,0,0,0,0,0,0,0,0,0,0,0,0,0,0,0,0,0,0,0,0,0,0,0,0,0,0,0,0,0,0,0,0,0,0,0,0,0,0,0,2,0,8,0,0,0,0,0,5,0,0,0,0,0,0,0,0,0,0,3,0,0,3,0,0,0,0,0,0,0,0,0,0,0,0,4,0,0,0,0,0,0,0,0,14,0,0,0,0,0,0,0,0,0,0,6,0,0,0,0,0,0,0,0,6,0,0,0,0,0,0,0,0,0,0,0,0,0,3,0
444M02BM,7825,46995,0,37173,1512,45,36,27,0,0,742,110,13,245,500,27,105,8,79,7184,0,270,23,0,72,0,129,0,5,28,62,20,0,0,11,0,3393,12,0,0,40,0,0,47,36,0,63,19,11,35,0,0,9,15,16,0,54,0,0,0,0,0,0,0,0,0,13,0,0,0,0,0,18,48,0,0,0,10,0,0,0,0,0,14,0,3,0,0,0,0,0,0,0,0,0,29,9,15,12,0,0,5,0,0,0,0,0,0,0,0,14,0,0,0,25,0,0,0,0,0,0,0,0,4,0,0,10,0,0,0,0,0,0,0,0,9,0,0,0,0,7,0,0,0,0,0,0,0,17,14,0,0,0,0,20,0,0,0,0,0,0,0,0,0,0,0,0,0,0,0,0,0,0,5,0,0,0,0,0,0,0,0,0,0,0,0,0,0,0,0,0,0,0,0,0,10,0,0,0,0,0,0,0,4,0,0,0,0,0,0,0,0,0,0,0,0,0,0,0,0,0,14,0,0,0,0,0,0,0,0,2,0,0,0,0,0,0,0,0,0,2,0,0,0,0,0,0,0,0
447M03BM,21449,41868,0,38405,0,19,0,42,5,22,0,1135,15,54,649,13,623,0,0,2763,15,0,0,0,59,0,0,0,144,0,25,0,0,0,0,77,2230,0,0,0,0,6,0,0,6,3,0,0,0,0,5,0,0,43,0,2,0,13,2,0,0,158,218,0,0,0,0,0,0,0,0,551,0,0,0,0,0,0,0,10,2,0,0,0,0,0,0,0,0,0,0,0,0,0,0,0,0,0,0,81,0,0,0,0,0,0,0,0,0,0,9,0,0,0,0,0,0,0,0,0,0,0,0,0,0,0,0,0,0,0,0,8,0,0,0,0,0,0,0,0,0,0,0,0,0,0,0,0,4,0,0,0,0,0,282,0,0,0,0,0,0,0,0,0,0,0,20,0,0,7,0,0,0,184,0,0,15,0,0,0,0,0,0,0,0,0,13,3,0,0,8,15,0,0,0,0,5,0,0,0,0,0,0,0,0,0,0,0,0,0,0,0,0,0,0,0,0,0,0,0,0,10,0,0,45,0,0,0,0,0,0,0,0,0,0,0,0,0,12,12,0,0,0,0,7,0,0,0,0
451M03BM,15955,35799,0,0,0,0,0,743,451,3,0,311,82,315,2988,0,18,0,385,0,0,0,0,21,1161,18,0,8081,0,0,0,0,0,0,0,0,583,0,0,0,0,0,0,0,0,0,2,0,0,0,21,0,0,0,1909,5,0,0,2,45,0,3,82,0,0,0,0,0,0,0,0,0,0,0,0,0,0,0,0,0,0,0,0,0,0,0,0,0,0,0,0,0,0,0,71,0,0,0,0,7,0,0,0,0,0,0,0,0,0,0,0,0,0,0,0,0,43,0,0,0,0,0,0,0,0,0,0,0,0,0,0,0,0,0,0,4,0,0,0,0,0,0,0,0,0,0,0,0,0,0,0,0,0,0,0,0,25,0,0,0,0,0,0,0,0,0,0,0,0,0,0,0,0,0,0,0,0,0,0,0,0,0,0,0,0,0,0,0,0,0,0,0,0,0,0,0,0,0,0,0,0,0,0,0,0,0,0,0,0,0,0,0,0,0,0,0,0,0,0,0,0,0,0,0,0,0,0,0,0,0,0,0,0,0,0,0,0,0,0,0,0,0,0,0,0,0,0,0,0
453M02BM,1051,51655,21797,3553,5117,31,294,10,0,92,3275,262,0,883,477,33,201,201,371,739,33,1403,0,0,39,9,711,0,14,0,431,10,0,0,0,32,69,504,35,0,194,1097,0,89,26,0,38,48,83,94,0,0,0,0,187,0,80,23,0,0,0,0,11,0,0,0,111,189,106,30,0,6,8,2,0,0,0,0,0,43,0,0,0,0,0,99,0,29,0,0,0,0,0,26,0,0,23,0,22,0,28,0,18,0,0,17,0,0,37,0,655,0,50,12,18,0,0,25,0,0,43,8,0,47,0,15,0,0,0,0,0,11,0,0,0,0,0,0,0,10,0,8,0,5,6,0,10,0,0,0,0,0,0,0,0,30,0,0,0,0,0,15,0,0,7,0,0,12,0,0,0,0,0,0,0,0,0,0,0,0,0,0,0,0,35,0,0,0,15,0,0,0,0,0,0,0,0,0,8,0,0,0,0,43,0,0,0,0,0,63,0,0,39,0,0,0,0,27,0,0,0,0,0,0,0,0,0,0,0,7,0,0,0,0,0,0,10,0,20,7,0,0,0,0,0,0,0,0,0
454M02BM,59891,24918,0,572,1997,98,36,130,0,366,959,372,0,279,582,50,148,0,98,3296,0,332,0,0,22,0,16,0,76,0,97,31,13,0,7,0,88,180,0,0,54,0,0,102,74,0,41,26,32,28,0,0,29,0,31,0,18,13,18,0,3,0,15,6,0,0,14,6,3,0,0,314,10,6,0,4,9,0,10,26,0,0,0,8,5,0,0,0,0,4,15,0,0,0,0,16,19,20,21,0,0,0,22,0,0,0,0,0,5,0,0,0,0,0,0,0,0,0,7,0,0,0,0,0,0,24,5,6,0,0,0,9,0,12,0,25,0,8,0,10,15,0,13,63,0,0,3,0,0,0,4,0,0,0,0,0,0,0,0,0,0,0,0,0,0,0,0,0,0,6,0,0,0,0,0,0,0,0,0,0,0,0,0,6,0,0,0,2,0,0,3,2,0,0,0,0,0,0,0,0,0,0,0,6,0,0,0,0,0,0,0,0,0,0,0,0,0,0,0,0,0,0,0,0,0,7,0,0,0,6,0,0,0,0,0,0,7,0,0,0,0,0,0,0,0,0,0,0,0
469M03BM,8652,22256,0,3406,3380,143,109,108,0,77,972,291,10,994,174,72,87,0,10,1802,0,387,82,13,78,0,3484,0,0,0,126,33,0,0,7,7,521,178,0,0,36,0,0,54,367,0,29,57,49,14,0,0,0,0,61,0,18,192,0,0,18,13,0,0,0,0,5,0,3,0,54,19,0,0,0,0,0,1,0,26,0,0,0,42,0,0,0,0,0,0,0,0,0,27,0,0,33,0,0,0,0,0,5,45,0,19,0,0,0,0,0,0,0,18,0,8,0,0,0,0,0,0,0,0,0,0,0,0,0,0,0,23,0,0,0,0,0,0,0,0,7,0,0,0,0,16,0,0,0,0,54,0,0,0,0,0,0,0,11,0,0,0,0,0,0,0,0,0,0,0,0,0,0,0,0,0,0,0,0,0,0,0,0,0,0,0,0,0,0,0,0,0,0,0,0,0,1,0,0,0,0,0,0,22,0,0,0,0,0,0,0,0,0,0,0,0,0,0,0,0,0,0,10,5,0,0,0,0,0,0,0,0,0,0,0,0,0,0,0,0,0,0,0,0,0,12,0,0,0
471M03BM,72198,28312,0,1976,7,0,0,3522,0,9,0,16,216,29,12,0,0,0,24,0,0,0,0,0,370,0,0,0,0,23823,0,0,0,0,0,0,0,0,0,0,0,64,0,0,0,0,0,0,0,0,0,0,0,0,0,0,0,0,0,0,0,0,0,0,0,0,0,0,0,0,0,0,0,0,0,0,0,0,0,0,0,0,0,0,0,0,0,0,0,0,0,0,0,0,0,0,0,0,0,0,0,0,0,0,0,0,0,0,0,0,0,0,0,0,0,0,0,0,0,0,0,0,0,0,0,0,0,0,0,0,0,0,0,0,0,0,0,0,0,0,0,0,0,0,0,0,0,0,0,0,0,3,0,0,0,0,0,0,0,0,0,0,0,0,0,0,0,0,0,0,0,0,0,0,0,0,0,0,0,0,0,0,0,0,0,0,0,0,0,0,0,0,0,0,0,0,0,0,0,0,0,0,0,0,0,0,0,0,0,0,0,0,0,0,0,0,0,0,0,0,0,0,0,0,0,0,0,0,0,0,0,0,0,0,0,0,0,0,0,0,0,0,0,0,0,0,0,0,0
475M02BM,50900,4965,0,81,5,0,0,8,0,38576,0,0,0,0,0,0,0,0,0,0,0,0,0,0,7,0,0,0,0,0,0,0,0,0,0,0,0,0,0,0,0,0,0,0,0,0,0,0,0,0,0,0,0,0,0,0,0,0,0,0,0,0,0,0,0,0,0,0,0,0,0,0,0,0,0,0,0,0,0,0,0,0,0,0,0,0,0,0,0,0,0,0,0,0,0,0,0,0,0,0,0,0,0,0,0,0,0,0,0,0,0,0,0,0,0,0,0,0,0,0,0,0,0,0,0,0,0,0,0,0,0,0,0,0,0,0,0,0,0,0,0,0,0,0,0,0,0,0,0,0,0,0,0,0,0,0,0,0,0,0,0,0,0,0,0,0,0,0,0,0,0,0,0,0,0,0,0,0,0,0,0,0,0,0,0,0,0,0,0,0,0,0,0,0,0,0,0,0,0,0,0,0,0,0,0,0,0,0,0,0,0,0,0,0,0,0,0,0,0,0,0,0,0,0,0,0,0,0,0,0,0,0,0,0,0,0,0,0,0,0,0,0,0,0,0,0,0,0,0
476M02BM,46722,6805,28,229,8634,241,379,201,0,77,5269,257,2532,772,540,88,169,0,331,5,0,2256,44,0,125,0,531,37,20,176,532,15,0,0,24,0,258,515,0,27,194,38,0,209,268,23,48,9,49,143,0,0,17,0,138,19,299,122,0,0,8,72,38,0,0,0,307,177,14,0,36,23,29,37,0,0,0,18,0,15,0,11,0,0,0,0,0,0,0,0,31,0,0,0,0,0,82,0,13,0,0,5,44,48,14,0,0,0,0,0,0,19,0,26,0,20,0,0,0,26,0,0,0,22,0,0,0,0,0,0,0,61,0,40,0,10,35,0,0,31,63,0,3,36,3,24,22,0,0,0,0,0,17,0,39,0,8,0,0,9,7,25,42,0,14,6,0,0,0,0,0,10,0,0,0,35,0,6,0,0,0,0,0,0,0,12,0,0,4,0,0,0,22,6,0,0,0,0,0,0,0,0,27,0,0,0,0,23,0,0,26,0,0,0,0,0,0,12,0,14,0,0,0,0,0,0,0,0,0,0,0,0,0,0,0,20,0,2,0,10,0,7,0,0,0,0,8,0,10
492M02BM,33270,49870,8463,11998,429,41,15,13,0,7,0,99,23,208,2215,60,68,0,6,0,9,54,0,0,44,4,0,0,4,0,142,0,13,0,0,0,0,27,0,3,0,0,0,5,28,0,15,12,28,9,0,0,4,0,60,0,0,11,0,0,0,56,0,0,0,0,12,0,17,24,16,0,0,0,0,0,0,0,0,0,0,0,0,0,0,20,0,8,0,0,0,0,18,9,0,0,0,2,0,0,0,0,0,0,0,0,0,0,79,0,0,0,29,0,6,0,0,0,0,0,0,11,0,16,0,0,0,0,0,0,0,11,0,0,0,18,0,9,0,0,0,0,7,0,0,0,0,0,0,0,0,0,0,0,0,0,0,0,0,0,0,0,7,0,0,15,0,0,0,0,0,0,0,8,0,0,5,0,0,0,0,0,0,0,3,0,0,0,0,0,0,0,12,0,0,0,0,0,17,0,14,0,0,0,0,0,0,0,0,0,0,0,0,0,0,0,16,5,0,6,0,0,0,0,0,0,0,0,0,0,0,0,0,0,0,0,0,0,0,0,0,0,0,0,0,0,0,0,0
501M03BM,34867,30630,61,598,1744,51,104,48,0,14,717,29,0,274,247,47,78,319,82,94,0,222,6,0,6138,11,0,0,0,0,145,0,0,0,0,0,2,70,41,0,32,211,0,22,11,0,19,11,15,31,0,0,19,0,33,0,28,0,0,0,11,0,0,0,0,0,22,47,0,0,9,11,14,4,7,0,0,0,0,12,0,0,0,0,0,5,0,0,0,0,0,0,0,0,3,0,17,0,24,12,0,0,0,0,0,0,0,0,10,0,0,0,0,0,35,11,0,0,0,0,7,0,0,15,0,0,0,0,0,0,0,6,0,5,0,0,0,0,0,0,56,0,9,0,13,0,0,0,0,0,0,0,0,5,0,0,14,0,19,0,0,0,0,0,0,0,0,0,0,0,0,0,0,0,0,0,0,0,0,0,0,0,0,0,0,10,0,0,0,0,3,0,6,0,0,0,0,0,0,0,0,0,0,0,0,0,0,0,0,0,0,0,0,0,0,0,0,0,0,0,0,0,0,0,0,0,0,0,0,0,7,0,0,0,0,0,0,0,4,0,0,0,0,0,0,0,0,0,0
502M03BM,406,991,1156,109,32,28,0,65049,35,5490,107,31,0,394,0,0,30,0,6,75,0,47,12,0,29,12395,0,1807,99,0,53,0,0,0,0,0,0,18,0,0,10,0,0,132,0,0,0,0,0,0,0,0,0,6,3,0,4,0,0,0,0,8,0,0,0,0,0,0,5,0,0,0,0,0,0,0,0,0,0,0,0,0,0,4,0,0,0,0,0,0,0,0,0,0,0,0,0,0,0,0,0,706,0,0,0,0,0,0,0,0,0,0,0,0,0,6,0,0,160,12,0,0,0,5,0,0,0,0,0,0,0,0,0,0,0,0,0,0,0,0,0,0,0,0,0,0,0,0,0,0,0,0,4,0,0,0,0,0,0,0,0,0,0,0,0,0,0,3,0,0,0,147,0,0,0,0,0,0,0,0,0,0,0,0,0,0,0,0,0,0,0,0,0,0,0,0,0,0,0,0,0,2,0,0,0,0,0,0,0,0,0,0,0,45,0,0,0,0,0,0,0,0,0,0,0,0,0,0,0,0,0,0,0,0,0,0,0,0,0,0,0,0,0,0,0,0,0,0,0
503M03BM,33626,1299,1,31,1024,58,0,67542,358,731,1055,45,0,95,50,0,2429,0,47,22,0,235,0,229,0,0,0,0,0,0,38,0,0,0,430,0,32,70,0,0,62,0,0,98,26,0,8,8,19,26,0,0,0,0,21,0,23,0,470,0,8,0,0,0,0,0,27,111,0,0,0,0,0,0,0,0,0,0,0,0,0,0,0,5,0,5,2,0,0,0,0,0,0,3,0,0,0,0,18,0,0,0,11,0,0,0,93,0,6,0,0,32,0,0,0,0,0,0,0,0,0,0,0,0,0,0,0,13,0,0,0,0,0,0,0,0,0,0,44,6,7,0,0,4,5,0,0,0,0,0,0,0,0,0,6,0,0,0,0,0,0,0,0,0,0,0,0,0,0,0,0,5,0,0,0,0,0,0,0,0,0,0,0,0,0,0,0,4,0,0,0,3,0,0,0,0,0,10,0,0,0,0,0,0,0,0,0,0,0,0,0,0,0,0,0,0,0,0,0,0,0,0,0,0,0,0,0,0,0,0,0,0,0,0,21,0,0,0,0,0,0,0,0,0,0,0,0,0,0
505M03BM,54656,31858,3,1719,7,28,0,114,14,2714,0,520,510,6132,404,0,92,0,7,601,0,0,0,47,55,10,10,0,82,6,696,0,0,0,12,41,276,0,0,0,0,17,4,399,3,0,8,0,0,0,167,0,5,0,0,6,0,32,27,0,18,0,1051,11,0,0,0,0,0,3,0,89,0,0,0,0,446,0,854,0,0,4,0,0,0,2,0,0,0,9,0,0,0,0,25,0,0,47,0,33,0,0,0,9,0,0,0,0,0,12,0,0,0,0,0,136,0,0,0,0,0,0,0,0,0,173,0,0,0,0,0,0,0,0,0,2,0,6,0,0,0,0,0,0,0,0,0,0,0,0,0,0,0,0,0,0,0,0,0,0,5,0,0,0,0,0,44,0,0,0,5,5,0,8,0,0,0,0,0,0,0,0,0,5,0,0,0,0,0,0,0,0,0,0,0,0,35,0,0,0,0,0,0,0,0,0,0,8,0,0,0,0,0,0,0,8,11,0,0,0,0,0,0,0,4,0,0,0,0,0,0,0,12,0,0,5,0,0,0,0,0,0,15,0,0,0,0,0,0
506M02BM,138,36970,19366,42,267,73,68,79,0,16,2973,4,0,1272,22,54,1010,0,136,5,0,1299,35,0,155,0,8,15,32,0,307,0,0,0,0,0,24,369,0,0,172,0,0,70,0,0,6,31,0,62,0,280,17,0,0,34,80,160,0,0,38,11,0,0,0,4,25,11,58,78,9,0,0,0,0,0,0,0,0,27,0,0,0,18,0,0,0,30,0,0,7,0,0,0,0,0,7,0,10,0,84,0,0,0,0,0,0,0,0,0,0,0,0,6,0,0,0,0,0,0,0,0,0,0,31,0,4,0,0,0,0,0,0,0,0,0,0,0,0,37,0,0,15,0,0,0,6,0,0,0,0,0,0,0,0,0,0,0,0,0,0,0,0,0,0,0,0,80,0,0,0,0,0,0,0,0,0,0,0,0,0,0,0,0,0,0,0,0,52,0,0,0,0,0,0,0,0,0,0,0,0,22,0,0,0,0,5,0,0,0,0,0,0,0,0,0,0,0,0,0,0,0,0,0,0,0,7,0,0,0,0,3,0,0,0,0,0,0,0,0,0,0,0,0,0,0,0,0,0
508M02BM,695,2422,955,210,49,742,188,1533,72280,19,62,119,10806,4765,4,27,178,0,12249,47,0,21,0,0,67,0,0,0,0,0,9,0,0,0,6554,22,5,5,0,2,6,20,0,135,0,0,0,11,0,5,0,0,4,0,5,0,6,0,0,0,0,0,0,0,0,0,0,0,10,0,0,5,0,0,0,0,0,15,0,5,0,0,0,0,0,0,0,0,50,0,4,0,0,0,0,0,7,0,0,0,0,0,0,0,0,0,0,0,0,0,0,0,0,0,0,0,0,0,0,0,0,0,0,3,0,0,0,0,0,12,0,0,0,0,0,0,0,0,0,0,2,0,0,0,0,0,0,0,0,0,0,0,0,0,0,0,0,0,0,0,0,0,0,0,0,0,0,0,0,0,0,0,0,0,0,0,0,0,0,0,0,0,0,0,0,0,0,0,0,0,0,0,0,0,0,0,0,0,0,0,0,0,0,0,0,0,0,0,0,5,0,0,0,0,0,0,0,0,0,0,0,0,0,0,0,0,0,0,0,0,0,0,0,0,0,0,0,0,0,0,0,0,0,0,0,0,0,0,0
509M02BM,2248,7621,2251,460,38,8,0,72474,11182,52,152,68,1914,11163,5,0,147,0,2006,10,0,46,0,74,13,1121,22,1999,0,0,18,0,0,0,4,5806,10,20,0,0,10,16,0,15,0,0,4,0,0,0,0,0,0,4,0,0,0,13,0,7,0,0,0,0,0,0,0,0,13,2,36,20,8,0,0,0,0,8,0,3,0,818,0,0,0,0,0,19,108,0,0,0,0,0,221,0,0,0,0,0,7,5,0,0,0,0,0,0,0,0,0,0,15,0,0,0,9,6,0,0,0,0,0,0,0,0,11,6,0,0,0,0,0,0,0,0,0,0,0,0,0,0,0,0,0,0,0,0,0,0,0,0,0,0,4,0,0,0,0,4,0,0,0,0,0,0,52,0,0,0,0,0,0,0,0,0,0,0,0,0,0,0,0,0,0,0,0,0,9,0,0,0,0,0,4,0,0,0,0,10,0,0,0,0,0,0,0,0,0,0,0,0,0,0,0,0,0,0,0,0,0,0,0,0,0,0,0,0,0,0,0,0,0,0,0,0,0,0,0,0,0,0,0,0,0,0,0,0,0
510M02BM,1209,210,0,54,38,14650,0,29419,0,0,65,4,11408,0,8,0,0,0,7,0,0,31,0,9,7,0,0,0,0,0,0,0,0,0,0,0,21,15,0,0,6,0,0,3,5,0,0,0,5,0,0,0,0,0,0,0,0,0,3,0,0,0,0,0,0,0,0,0,0,0,0,0,0,0,0,0,0,0,0,0,0,0,0,0,0,0,0,0,0,0,0,0,0,0,0,0,0,0,0,0,0,0,0,0,0,0,0,0,0,0,0,0,0,0,0,0,0,0,0,0,0,0,0,0,0,0,0,0,0,0,0,0,0,0,0,0,0,0,0,0,0,0,0,0,0,0,0,0,0,0,0,0,0,0,0,0,0,0,0,0,0,0,0,0,0,0,0,0,0,0,0,0,0,0,0,0,0,0,0,0,0,0,0,0,0,0,0,0,0,0,0,0,0,0,0,0,0,0,0,0,0,0,0,0,0,0,0,0,0,0,0,0,0,0,0,0,0,0,0,0,0,0,0,0,0,0,0,0,0,0,0,0,0,0,0,0,0,0,0,0,0,0,0,0,0,0,0,0,0
511M03BM,473,1536,90,0,10,4261,0,33895,2310,1038,31,97,1544,47892,0,0,16,0,0,0,0,0,0,3307,0,1512,0,0,0,0,0,0,5,4,542,7091,0,5,0,0,0,0,0,491,0,0,0,0,0,0,13,0,0,0,0,0,0,0,0,0,0,0,0,0,0,0,0,0,0,0,0,9,0,0,0,0,0,0,0,0,0,0,0,0,0,0,0,0,0,0,0,0,5,0,0,0,0,0,0,0,0,52,0,0,0,0,0,0,101,0,0,1167,0,0,0,0,0,0,20,0,0,0,0,0,0,0,0,0,0,0,0,0,0,0,0,0,0,0,0,0,0,0,0,0,0,0,0,0,0,0,0,0,0,0,0,0,0,0,0,0,0,0,0,0,0,0,0,0,0,0,0,0,0,0,0,0,0,0,0,0,0,0,0,0,0,0,0,0,0,0,0,0,0,0,0,0,0,0,0,0,0,2,0,0,0,0,0,0,0,0,0,0,0,0,0,0,0,0,0,0,0,0,0,0,0,0,0,0,0,0,0,0,8,3,0,0,0,0,0,0,0,0,0,0,0,0,0,0,0
512M03BM,26609,61214,60,4339,1756,390,0,29,7,0,1134,708,179,113,85,33,106,0,125,0,0,558,0,0,17,0,44,0,1702,0,143,0,0,0,0,0,18,191,0,0,56,0,0,34,150,0,42,28,40,39,0,0,52,101,27,27,33,0,13,0,2,30,0,0,0,17,28,61,0,0,0,461,41,7,0,0,0,6,0,28,0,0,0,9,0,0,0,0,0,0,0,0,8,0,0,15,0,4,17,0,0,0,0,0,0,0,0,0,0,78,0,0,0,0,12,6,0,0,0,0,0,0,0,17,0,7,0,10,0,0,12,0,0,0,0,0,0,0,0,0,6,0,11,0,7,9,0,0,0,0,0,0,0,0,12,0,16,0,0,7,0,0,0,0,0,0,0,0,0,8,0,0,0,0,0,0,0,0,0,0,0,0,0,0,0,0,0,0,0,0,0,0,0,0,6,0,0,0,0,0,0,9,0,0,0,0,0,0,0,0,0,0,0,0,0,0,0,0,0,0,0,0,0,0,0,0,0,0,0,0,0,0,0,0,0,0,0,0,0,0,0,0,0,0,0,5,0,0,0
514M02BM,80763,7359,58,558,884,13,0,68,26,18,179,162,0,178,774,193,26,279,22,0,0,76,14,0,12,0,0,4,0,0,106,0,0,0,0,0,0,32,67,0,23,0,0,23,0,0,0,11,0,26,0,0,0,4,19,0,3,1164,9,0,0,38,0,0,74,0,8,4,0,9,101,0,0,0,0,0,3,0,0,0,0,0,0,0,0,0,0,0,0,6,0,0,0,0,0,0,3,0,0,0,0,0,0,21,0,9,0,0,0,0,0,0,5,10,0,7,0,0,0,0,11,0,0,0,0,11,0,0,0,0,0,0,0,0,0,0,0,0,0,0,3,0,0,0,0,0,0,4,0,0,0,0,0,0,0,0,0,0,0,0,0,0,0,0,0,0,0,0,0,0,0,0,0,10,0,0,0,0,0,0,0,0,0,0,0,0,0,0,17,0,0,0,0,0,0,0,0,0,0,0,0,0,0,0,0,0,0,0,0,0,0,15,0,0,0,0,0,0,5,0,0,0,0,0,0,0,0,0,0,0,0,7,0,0,0,0,0,0,0,0,0,4,0,0,0,0,0,0,0
515M02BM,12354,27160,1714,7953,42,16193,4,12,0,3,167,141,0,22564,16,10,106,56,28,32,0,128,28,0,6,0,18,0,0,0,22,0,93,0,0,0,0,22,0,0,15,0,0,0,0,0,5,0,0,0,0,0,0,0,37,9,5,0,0,0,7,0,0,0,0,3,8,0,0,12,0,0,0,0,0,10,0,0,2,10,1889,0,0,0,12,0,0,0,0,0,0,0,0,0,0,0,0,0,0,0,0,0,0,0,0,0,0,0,0,0,0,0,0,0,0,0,0,0,0,0,0,0,0,0,0,0,2,0,0,0,0,0,0,0,9,0,9,0,0,0,0,0,0,0,0,0,0,0,0,0,0,0,0,0,0,0,0,0,0,0,0,0,0,0,0,0,0,0,0,0,0,0,0,0,0,0,0,0,0,0,0,0,0,0,0,0,0,0,0,0,0,0,0,0,0,0,0,0,0,0,0,0,0,0,0,0,0,0,0,0,0,0,0,0,0,0,0,0,0,0,0,0,0,0,0,0,0,0,0,0,0,0,0,0,0,0,0,0,0,0,0,0,0,0,0,0,0,0,0
516M02BM,52283,52962,10,14,376,14,174,5168,0,57,119,1557,4173,446,21,10,49,28,0,206,5,47,0,0,0,0,10,0,5,1697,21,0,0,0,0,0,389,7,0,0,7,0,0,19,3,0,0,13,0,7,0,0,0,0,0,0,0,0,49,0,0,0,0,0,0,0,0,0,0,0,0,99,0,0,0,0,0,0,0,4,0,0,0,10,0,0,0,0,0,0,0,0,0,12,0,0,0,69,0,0,0,0,0,0,0,2,12,0,0,0,0,0,0,0,0,0,0,0,4,0,0,0,0,0,0,0,0,0,0,0,0,0,0,0,0,0,0,0,16,0,5,0,0,0,0,0,0,0,0,0,0,0,0,0,0,0,0,0,0,0,0,0,0,0,0,0,0,0,0,0,0,0,0,0,0,0,0,0,0,0,0,0,0,0,0,0,0,0,20,0,0,0,0,0,0,0,0,0,0,0,0,0,0,0,0,0,0,0,0,0,0,0,0,0,0,0,0,0,0,0,0,0,20,0,0,0,0,0,0,0,0,0,0,0,0,0,0,0,0,0,0,0,0,0,0,0,0,0,0
517M02BM,6064,39052,20,15098,673,6,0,144,0,1472,401,145,0,94,167,126,352,119,27,6240,237,85,106,0,2626,6,960,49,0,14,45,0,0,0,15,0,830,46,15,8,26,98,10,0,10,0,316,0,54,7,0,0,0,2,15,809,3,0,102,12,0,0,0,0,0,0,0,20,0,23,17,0,29,34,0,12,0,0,0,2139,4,5,0,0,0,0,0,3,0,0,453,0,0,174,14,0,0,0,4,10,0,0,0,0,0,0,0,529,0,151,48,0,0,0,0,0,0,558,36,0,3,457,0,0,0,0,42,0,0,0,0,7,0,0,0,0,539,70,0,3,140,0,0,0,0,6,0,0,0,0,275,0,302,117,0,136,0,0,19,31,0,0,0,0,0,0,0,0,0,0,25,4,0,0,0,0,0,0,43,0,0,3,0,20,89,0,0,37,0,0,0,2,13,0,0,0,0,0,0,0,0,0,0,0,0,0,0,0,51,0,0,0,0,0,0,101,0,0,0,3,0,29,0,9,0,0,0,0,0,0,0,0,0,0,0,0,0,0,0,0,3,7,0,0,0,0,0,0,3
518M02BM,390,7432,4,519,4959,136,46,702,39,2566,2447,210,0,8799,217,48,172,0,329,119,0,1062,8,0,201,0,267,8,0,38,416,14,0,153,338,15,90,61,0,0,115,129,0,118,374,967,0,52,45,31,0,0,27,0,66,11,96,1631,0,0,0,2713,0,0,562,0,39,36,8,0,89,0,8,0,0,7,23,0,7,43,0,8,12,4,0,11,0,0,0,0,3,0,0,15,0,0,36,7,77,0,0,0,15,64,4,0,0,0,0,0,35,0,0,24,0,0,10,0,0,166,4,0,0,5,0,0,46,0,0,0,0,0,0,0,0,0,0,0,0,11,0,0,0,80,10,0,0,0,0,0,0,0,0,0,8,0,0,0,0,12,0,18,22,0,0,0,0,0,0,6,0,28,0,0,0,12,0,18,0,0,0,0,0,0,0,0,0,0,72,0,0,0,19,0,0,0,0,27,0,0,0,0,0,10,0,0,0,0,0,0,32,0,0,0,0,0,11,0,0,0,0,0,0,0,12,0,0,0,0,15,0,0,18,0,0,14,16,0,12,0,0,0,0,13,0,0,0,0,0
521M02BM,646,4210,3,706,111,8,0,37569,815,0,18,0,9325,19715,0,0,0,0,4049,0,91,7,0,539,5,9421,0,2922,0,69,0,0,0,0,1716,82,0,0,0,0,0,0,0,545,0,0,0,29,0,0,608,0,6,0,0,0,0,0,0,0,0,0,0,0,0,0,0,0,0,0,0,0,0,0,0,0,0,0,0,0,0,0,0,0,0,0,0,0,783,0,0,0,0,0,403,0,12,0,0,0,0,7,0,0,0,0,0,0,0,0,0,0,0,0,0,0,0,0,0,0,0,0,0,0,0,0,0,0,0,0,0,0,0,0,0,0,0,0,0,0,0,0,0,0,0,0,0,0,0,0,0,0,0,0,0,0,0,0,0,0,0,0,0,0,0,0,0,0,0,0,0,0,0,0,0,0,0,0,0,0,0,0,0,0,0,0,0,0,0,0,0,0,0,0,0,0,0,9,0,0,0,0,0,0,0,0,0,0,0,0,0,0,0,0,0,0,0,0,0,0,0,0,0,0,0,0,0,0,0,0,0,0,0,0,0,0,0,0,0,0,0,0,0,0,0,0,0,0,0
522M02BM,34266,16984,1311,2261,5986,150,15,30,0,7,899,3524,0,1591,188,99,425,4323,296,1688,0,502,40,43,36,0,2021,0,0,0,1352,0,0,0,42,29,841,262,744,0,408,0,13,87,67,1,75,29,74,81,12,0,784,0,32,31,33,12,5,0,44,15,25,110,0,0,30,36,0,8,16,0,12,49,161,0,13,0,0,771,0,0,0,11,19,0,0,53,0,0,18,0,136,7,0,3,0,0,16,23,0,7,20,0,0,67,0,9,0,16,25,0,0,22,61,44,0,0,0,0,69,0,51,17,0,0,0,0,0,0,0,6,11,5,11,6,0,0,46,0,0,0,0,0,7,31,0,29,6,0,0,0,0,0,0,0,0,0,0,0,0,12,0,0,0,0,0,0,0,6,0,119,0,0,5,0,0,0,11,0,0,0,0,79,9,0,0,8,0,0,0,0,0,0,21,0,0,0,0,0,0,0,0,0,0,0,0,17,0,0,0,0,29,0,0,0,0,0,31,0,0,5,0,0,0,0,0,0,0,22,0,13,0,0,0,31,0,0,0,11,0,0,0,0,0,7,14,0,0
523M02BM,12657,3116,119,141,4509,33,0,185,12,29,856,190,0,607,516,28,130,436,137,0,0,331,58,0,28,0,0,0,85,0,83,7,0,0,0,0,0,133,82,0,60,49,0,66,35,4,43,99,117,46,0,0,0,13,19,0,43,248,102,0,0,85,27,0,0,0,0,0,0,60,307,90,26,0,0,0,0,0,0,45,18,0,0,26,0,0,0,0,0,0,0,0,0,0,0,19,0,94,8,0,2,0,17,0,0,6,0,0,0,9,0,0,0,26,12,12,0,0,0,0,7,0,0,0,0,9,0,0,0,0,0,10,0,0,0,20,0,0,8,0,35,0,0,0,0,4,0,0,19,0,0,0,0,0,0,0,0,0,0,0,0,29,0,0,7,0,0,0,0,0,0,0,0,0,0,0,0,0,0,0,0,0,0,0,0,6,0,30,0,0,0,0,0,4,0,0,0,0,0,0,0,0,0,0,0,0,0,0,0,0,0,0,0,0,0,0,0,0,0,0,9,0,0,0,0,0,0,0,0,0,25,33,0,0,0,0,0,0,0,0,23,21,0,0,0,0,0,0,0
524M03BM,19984,48218,27,22252,1003,54,11,296,2499,8,164,63,0,138,1148,19,130,94,473,0,5,55,0,275,183,0,0,0,0,0,41,0,0,0,2875,0,0,41,25,0,38,0,0,184,20,0,0,0,0,5,0,0,3,110,25,0,0,0,8,0,0,0,0,0,0,0,5,0,0,0,0,10,0,0,0,0,0,0,0,7,0,0,6,0,0,0,0,0,0,0,0,0,0,0,0,0,0,0,0,0,0,0,12,0,0,0,0,0,0,0,0,0,0,0,0,0,0,0,0,0,0,0,0,0,0,9,0,0,32,0,0,0,0,0,0,0,0,0,0,0,0,0,0,0,0,0,0,4,0,0,0,0,9,0,2,0,0,0,0,0,0,0,0,0,0,0,0,0,0,0,0,3,0,0,0,0,0,0,0,0,0,0,0,0,0,0,0,3,0,0,0,0,0,0,0,0,0,0,0,0,0,0,3,0,0,0,0,0,0,0,0,0,0,0,0,0,0,0,0,0,0,0,0,0,0,11,0,0,0,0,0,0,0,0,0,0,0,0,0,0,0,0,0,0,0,0,3,0,0
525M04BM,2884,11157,777,148,0,0,5,504,16,42,0,178,14,175,145,0,147,0,6,352,0,0,0,11,34,5,4,0,179,0,0,0,0,0,0,0,0,0,0,2,0,0,0,35,0,0,0,0,0,5,0,0,4,0,0,0,0,43,25,0,0,24,0,0,0,0,0,0,0,5,9,32,0,2,0,5,2,0,0,0,0,0,0,0,4,0,0,0,0,0,0,0,0,0,0,0,0,12,0,0,0,0,0,0,11,0,0,0,0,0,7,0,0,0,0,0,0,0,0,0,2,0,0,0,0,0,5,0,0,0,0,5,0,0,0,0,0,0,0,0,0,0,0,0,0,0,0,0,0,4,0,0,0,0,0,0,464,0,0,0,0,0,0,0,0,0,0,0,0,0,0,24,0,0,0,0,0,0,0,0,0,0,0,3,0,0,0,0,0,0,0,0,0,0,0,0,0,0,0,0,0,0,0,5,0,0,0,0,0,0,0,0,0,0,2,0,0,0,0,0,0,0,0,0,0,0,0,0,0,0,0,0,0,0,0,0,0,0,0,0,0,0,0,4,0,0,0,0,2
526M03BM,2614,4856,47727,701,2042,82,97,10,2618,0,55,757,42,2941,1495,16,23,0,1637,508,0,556,61,298,0,0,122,0,0,0,828,0,0,0,932,0,197,4,7,19,0,119,0,93,55,0,0,183,0,0,0,0,0,0,694,0,0,0,0,0,0,0,0,90,0,0,0,0,0,15,5,0,0,0,0,182,0,0,0,4,0,0,0,0,0,114,0,0,0,0,0,0,0,102,0,0,53,0,173,0,14,52,62,0,58,0,0,0,237,0,63,83,0,34,0,0,0,0,0,60,0,0,0,0,0,0,88,0,0,0,0,0,50,0,0,0,357,0,0,0,10,0,0,0,0,0,0,0,0,0,0,0,0,0,0,0,0,0,0,0,0,0,0,0,71,0,0,0,0,0,0,66,0,0,0,2,2,0,0,26,0,0,63,0,38,0,112,0,0,0,0,0,14,0,0,0,0,98,0,0,0,0,0,0,0,0,0,0,0,0,0,41,0,0,0,0,0,0,0,0,0,0,0,0,0,0,0,0,0,0,0,0,0,0,0,0,0,0,0,0,0,0,0,0,0,0,0,0,0
528M03BM,19090,5336,35220,54,375,17,382,514,15,52,2426,14,135,2361,253,561,16430,1848,262,115,1231,1122,650,46,17,0,0,0,23,0,594,0,0,0,16,0,0,286,192,0,242,0,0,44,0,2,714,114,0,72,0,411,199,0,17,927,46,0,18,0,0,102,0,0,0,486,22,67,61,0,23,7,40,34,148,0,0,367,20,83,0,0,0,33,0,44,0,108,0,0,710,0,0,4,0,0,0,0,31,0,23,0,0,0,0,73,0,0,0,81,0,0,0,0,0,22,0,0,0,0,33,158,23,85,10,31,12,0,0,0,0,19,0,5,0,0,66,0,73,18,128,0,0,0,0,0,0,2,0,0,0,0,0,0,0,0,0,0,0,0,0,0,0,0,21,0,0,0,0,0,49,0,0,0,0,0,0,0,0,0,0,0,0,0,34,0,0,37,0,13,0,0,0,0,0,0,5,0,36,28,44,37,0,0,0,44,0,0,0,0,0,5,0,0,0,0,44,0,49,10,0,0,0,0,0,0,18,0,0,0,6,0,0,0,0,12,0,0,0,15,0,0,2,0,0,0,0,0,0
530M03BM,16056,98241,110,627,989,68,0,87,13,47,320,1782,32,203,1674,53,31,577,92,511,0,126,0,0,59,17,0,5,24,0,167,0,0,0,0,0,59,23,122,8,45,4,0,23,24,0,0,0,25,18,0,0,6,0,31,0,17,0,297,0,7,4,0,0,0,5,9,34,0,0,66,71,0,0,25,0,0,0,0,7,0,0,0,0,0,0,0,0,0,0,0,0,0,5,9,0,19,182,7,0,0,0,0,0,0,9,0,0,8,0,0,0,0,0,0,0,0,0,0,0,11,0,0,0,0,0,0,0,0,0,0,9,0,0,0,0,0,0,0,0,12,0,0,0,0,0,0,4,0,0,0,0,0,0,4,0,0,4,0,0,0,0,0,0,0,0,0,0,0,0,0,0,0,0,0,0,0,0,0,0,0,0,0,0,0,0,0,0,0,0,0,0,0,0,0,3,0,0,0,0,0,0,0,0,0,0,0,0,0,0,0,0,0,0,0,0,0,0,0,0,3,0,0,0,0,0,0,0,0,0,0,0,0,0,0,0,0,0,0,0,0,0,0,0,0,0,0,0,0
531M02BM,1018,293,77571,0,38,313,25,15615,0,7,0,71,44,2421,276,181,38,0,0,27,0,0,145,0,0,0,0,0,0,79,0,0,0,0,0,0,0,0,0,0,0,49,0,12,0,0,0,429,0,0,0,0,240,0,63,0,0,0,0,0,0,0,0,0,0,0,0,0,237,0,0,31,0,0,0,0,0,0,0,185,0,0,0,0,0,0,0,94,0,0,0,0,0,0,0,0,0,0,0,0,840,0,0,0,0,0,0,79,0,0,0,0,0,101,0,0,0,0,0,0,0,0,0,80,0,0,171,0,0,0,0,0,0,0,0,10,62,0,0,0,0,3,0,0,0,0,0,0,0,0,0,0,0,0,0,0,0,0,0,0,0,0,0,0,0,0,0,0,0,0,0,0,0,23,0,0,51,0,0,0,0,0,0,0,80,0,0,0,41,0,0,25,0,0,0,0,9,0,0,0,0,0,0,58,0,0,0,0,0,0,0,0,0,0,0,0,0,0,0,49,0,0,0,0,0,0,19,0,0,9,0,0,0,0,0,0,0,0,0,15,0,0,0,0,0,0,0,0,0
533M03BM,20129,6547,24175,489,3725,118,11,65,0,47,310,1809,0,1074,13166,182,661,776,56,233,0,215,0,9,451,0,42,0,17,0,232,0,0,0,19,0,61,169,97,19,11,19,0,32,41,0,94,57,85,12,0,0,49,263,182,8,21,29,0,0,0,164,0,0,8,23,0,39,337,33,14,55,28,0,57,20,0,0,0,120,0,0,0,64,0,79,0,244,0,19,26,0,22,45,4,20,0,14,15,0,276,0,0,0,12,0,0,0,35,0,0,0,133,8,22,85,0,20,0,138,24,9,0,153,0,30,12,0,0,0,0,9,0,0,0,0,19,0,0,0,79,0,45,0,0,0,8,20,0,0,0,0,13,0,0,16,0,31,0,0,0,4,0,0,0,0,0,0,0,0,0,2,0,0,0,0,0,0,0,0,16,2,0,0,6,0,0,11,0,12,0,23,0,8,30,9,8,0,5,32,0,57,13,33,0,32,22,0,0,0,0,8,26,0,0,0,0,0,0,0,0,85,0,0,0,0,44,3,0,5,0,0,0,0,0,0,0,0,0,0,0,0,0,0,0,0,0,0,0
542M02BM,86773,20286,13,5761,247,9,0,37,0,5,116,12033,24,66,224,303,818,70,12,297,0,26,0,0,0,0,0,0,0,0,30,0,0,0,0,0,6,13,18,2,4,0,0,10,6,0,6,17,0,0,0,0,131,0,7,24,0,0,0,0,0,0,0,0,0,0,0,0,0,0,0,0,36,15,0,0,0,0,0,103,0,0,0,7,0,0,0,0,0,0,0,0,0,0,0,0,0,0,0,4,0,0,0,0,0,0,0,0,0,8,0,0,0,0,0,9,0,0,0,0,0,6,0,0,0,0,0,0,0,0,0,0,0,0,0,0,0,13,0,0,19,0,16,0,0,0,0,0,0,0,0,0,0,0,6,0,0,0,0,0,0,0,0,0,0,0,0,0,0,0,0,0,0,0,0,0,0,0,0,0,0,0,0,2,0,0,0,0,0,0,0,0,0,4,0,0,0,0,0,0,0,0,0,0,0,0,0,0,0,0,0,0,0,0,0,0,5,0,14,0,0,0,0,0,0,0,0,0,0,0,0,0,0,0,0,0,0,0,0,0,0,0,0,0,0,0,0,0,0
544M03BM,7314,52606,0,3850,770,8,105,9,0,0,323,14,2917,158,22,0,25,0,43,1542,8,109,0,0,331,0,120,0,116,0,23,0,0,0,0,2,0,35,0,7772,15,274,10,16,24,0,11,4,43,20,0,0,27,0,90,0,0,0,0,0,0,0,0,57,0,0,9,0,0,6,0,0,10,5,0,16,0,27,0,0,0,0,0,0,10,9,0,0,0,0,0,0,0,0,0,0,0,0,6,9,0,0,0,0,7,0,0,0,0,0,43,0,0,0,0,0,0,0,0,0,0,0,0,0,0,0,29,10,0,0,0,0,13,9,0,0,0,0,0,5,15,0,0,9,0,11,0,0,0,0,0,0,0,0,0,4,0,0,0,0,0,0,0,8,8,0,0,0,0,0,0,0,0,0,0,0,0,0,0,0,0,0,0,0,0,0,0,3,0,0,0,0,0,0,0,0,0,0,0,0,0,0,0,0,0,0,0,0,0,0,0,0,0,0,0,0,0,0,0,0,4,0,0,0,0,0,0,0,0,0,6,7,0,0,0,0,0,0,0,0,0,0,0,0,0,0,0,0,0
546M03BM,69731,48864,80,9525,1066,35,18,234,14,22,230,5854,799,185,228,119,63,431,67,439,0,105,0,14,365,0,10,0,16,90,74,0,0,0,0,0,52,66,80,0,22,8,0,60,24,0,33,7,20,9,0,0,34,0,0,0,18,19,0,0,4,11,0,7,0,0,9,0,0,10,0,8,0,0,9,12,3,0,14,9,0,0,49,0,0,12,0,0,0,0,0,18,0,5,0,10,0,0,4,0,0,0,0,0,0,13,0,0,0,0,81,0,0,0,4,2,0,0,0,0,0,0,0,14,0,0,0,17,0,0,0,0,0,0,0,0,0,0,0,0,0,0,0,0,0,11,0,0,0,0,0,0,0,0,124,0,0,0,0,0,0,0,0,6,0,0,0,0,0,0,0,0,0,0,0,11,0,0,0,0,0,0,0,0,0,0,0,0,0,0,0,0,0,0,0,0,0,0,0,0,0,0,4,0,0,0,0,0,0,0,0,0,0,0,0,0,0,0,0,0,0,0,0,0,0,0,0,3,0,0,0,0,0,0,0,0,0,0,0,3,0,0,0,0,0,0,0,3,0
547M02BM,34429,72519,0,62,142,0,32,27,0,12,0,233,10,72,31,0,7,0,0,14,0,0,0,0,18,0,0,0,0,0,4,0,0,0,6,0,0,0,0,3,0,0,0,0,12,0,0,17,4,0,0,0,8,0,3,0,0,25,0,0,0,0,0,0,0,0,0,0,0,0,0,0,0,0,0,0,0,0,0,14,0,0,0,4,0,0,0,0,0,0,0,0,0,0,0,7,0,0,0,0,0,0,0,0,0,0,0,0,0,0,0,0,0,0,0,0,0,0,0,3,0,0,0,0,0,0,0,0,0,0,0,0,0,0,0,0,0,0,0,0,0,0,0,0,0,0,0,0,0,0,0,0,0,0,11,0,0,0,0,0,0,0,0,0,0,0,0,0,0,0,0,0,0,0,0,0,0,0,0,0,0,0,0,0,0,0,0,0,9,0,0,0,0,0,0,0,0,0,0,0,0,0,0,0,0,0,0,0,0,0,0,0,0,0,0,0,0,0,0,0,0,4,0,0,0,5,0,0,3,0,0,0,0,0,0,0,0,0,0,0,0,0,0,0,0,0,0,0,0
549M03BM,19344,33385,0,5593,0,27,0,110,0,0,0,360,543,352,168,11,92,0,2882,0,15,0,0,0,115,8,5,0,40,0,7,0,0,18,0,291,0,0,0,0,14,0,0,796,8,0,247,0,13,0,0,0,72,493,5,14,0,5,6,0,7,41,337,0,0,58,0,0,0,0,0,6,45,159,0,0,0,0,0,0,0,0,0,185,0,0,0,12,0,0,24,0,154,0,0,32,0,0,0,20,0,0,0,0,0,0,0,0,0,21,0,0,0,0,0,3,5,5,0,0,0,0,0,0,0,0,0,10,0,0,25,0,0,0,0,0,0,57,0,0,0,0,14,0,0,93,0,0,0,77,0,0,0,0,9,0,0,0,0,23,0,0,5,0,0,0,35,0,0,0,0,0,0,0,0,0,0,0,21,0,0,0,0,0,0,0,0,0,0,0,2,0,0,0,14,0,62,0,0,0,0,0,12,10,0,0,0,0,0,0,0,0,0,5,0,0,0,0,0,0,0,3,0,0,0,0,0,0,0,0,0,0,0,0,0,0,0,0,0,0,0,4,0,0,0,0,0,0,0
553M02BM,243,350,56,21,0,0,2788,29358,75,0,5,6,2121,5958,0,0,13,0,12606,0,47849,0,18985,173,26,0,0,0,0,155,0,0,0,11,7,7,0,0,0,0,0,0,0,26,0,0,0,38,0,0,179,0,0,0,0,0,0,0,0,0,0,0,0,0,0,0,0,0,0,0,0,0,0,0,0,0,0,4,0,0,0,0,0,0,0,0,0,0,17,0,0,0,0,0,20,0,0,0,0,0,0,0,0,0,0,0,0,0,0,0,0,0,0,0,0,0,0,0,0,0,0,0,0,0,0,0,0,0,0,0,0,0,0,0,0,0,0,0,0,0,0,0,0,0,0,0,0,0,0,0,0,0,0,0,0,0,0,0,114,0,0,0,0,0,0,0,0,0,0,0,0,0,0,0,0,0,0,0,0,0,0,0,0,0,0,0,0,0,0,0,0,0,0,0,0,0,0,0,0,0,0,0,0,0,0,0,0,0,0,0,0,0,0,0,0,0,0,0,0,0,0,0,0,0,0,0,0,0,0,0,0,0,0,0,0,0,0,0,0,0,0,0,0,0,0,0,0,0,0
555M03BM,10341,55161,0,2830,2028,20,102,572,0,137,1357,489,29,472,707,20,1051,0,111,4948,14,577,0,0,1023,90,1135,18,6,324,124,50,0,0,15,0,581,76,0,98,71,649,0,133,0,0,28,24,12,41,7,0,0,0,292,0,114,63,40,0,10,64,0,115,91,7,14,14,0,183,39,39,15,6,0,459,0,0,0,14,0,0,26,9,27,151,0,0,0,0,0,41,0,0,0,4,0,33,5,0,0,0,27,0,68,0,0,0,0,0,37,0,0,6,5,6,46,0,0,0,0,0,0,0,0,27,440,0,9,33,0,0,66,0,0,16,10,0,0,22,112,0,0,0,5,0,4,0,0,0,0,0,0,112,210,0,13,0,0,0,0,0,0,0,0,0,0,0,18,0,0,0,0,22,5,20,0,0,0,22,0,0,0,19,0,0,0,0,71,0,0,0,0,0,0,23,0,0,0,0,0,0,0,0,8,0,3,0,0,0,0,67,0,0,55,0,0,0,0,0,0,0,0,0,0,0,0,40,0,0,0,0,0,0,0,0,0,0,0,0,4,0,0,0,0,0,4,0,0
557M04BM,1237,9412,2477,685,13,0,0,0,0,0,9,49,26,60,28,19,54,0,3,0,0,4,0,0,2330,4,0,0,0,0,15,0,14,0,0,0,0,0,0,0,0,0,0,14,48,0,0,5,0,6,0,0,0,0,34,0,0,0,0,4,8,0,0,0,0,3,0,0,0,0,4,0,0,0,0,0,0,0,0,0,5,0,0,0,0,0,0,0,0,0,13,0,0,0,0,0,0,0,0,0,0,0,0,0,0,0,0,0,0,0,0,0,0,0,0,0,0,0,0,0,6,0,0,0,0,0,0,0,0,0,0,0,0,0,0,0,0,0,0,0,0,0,0,0,0,0,0,0,0,0,0,0,0,0,0,0,0,0,0,0,0,0,0,0,0,0,0,0,0,0,0,0,0,0,0,0,3,0,0,0,0,0,0,0,0,0,0,0,0,0,0,0,0,0,0,0,0,0,0,0,0,0,0,0,0,0,0,0,0,0,0,0,0,0,0,0,0,0,0,0,0,0,0,0,0,0,0,0,0,0,0,0,0,0,0,0,0,0,0,0,0,0,0,0,0,0,0,0,0
558M03BM,17033,68109,3286,0,72,9,0,39,0,0,374,33,14,387,808,84,627,256,41,25,95,192,65,0,5,0,521,0,5,0,91,0,0,0,6,0,526,68,32,0,38,0,0,27,0,0,11,12,0,3,0,81,9,0,0,39,8,0,48,0,0,0,0,0,0,36,11,15,0,0,0,4,0,6,14,0,0,13,0,5,0,5,0,15,0,0,7,0,0,0,63,0,0,0,0,0,0,0,8,4,0,0,0,0,0,0,0,0,0,3,0,0,3,0,0,0,0,0,0,0,3,0,0,0,0,0,0,0,0,0,0,5,0,0,0,0,0,0,0,0,5,0,0,0,0,0,0,7,0,0,3,4,0,0,0,0,0,0,0,0,0,0,0,0,0,0,0,3,0,0,0,0,0,0,0,0,0,0,0,0,0,0,0,0,0,0,0,0,0,0,0,0,0,0,0,0,0,0,0,0,0,0,0,0,0,0,0,0,0,0,0,0,0,0,0,0,0,0,0,0,0,0,0,0,0,0,0,0,0,0,0,5,0,0,0,0,0,0,0,0,0,0,0,0,0,0,0,0,0
559M03BM,67560,19775,175,3470,1572,48,0,66,25,2,277,114,0,350,66,24,65,660,107,303,0,98,16,8,60,0,0,18,0,0,171,16,0,0,0,0,238,25,105,0,192,256,0,48,38,0,8,26,11,30,0,0,0,0,0,0,9,0,0,0,0,0,3,4,0,0,0,0,0,0,0,40,8,0,23,0,0,0,0,4,0,6,0,0,0,5,0,0,0,0,0,0,0,0,0,0,0,11,0,0,0,0,0,0,0,14,0,0,0,0,0,0,0,0,0,4,0,0,0,0,0,0,0,0,0,0,0,0,0,0,0,0,0,5,0,0,0,0,0,0,20,0,0,0,0,0,0,0,47,0,8,0,0,0,0,0,0,0,0,0,0,0,0,0,0,0,0,0,0,6,0,0,0,0,0,0,0,0,0,0,0,0,0,9,0,0,0,0,0,0,0,0,0,0,5,0,0,0,0,0,0,4,0,0,0,0,0,7,0,0,0,0,0,0,0,0,0,0,0,0,0,0,0,0,0,10,0,0,0,0,0,0,0,0,0,0,0,0,0,0,0,0,0,0,0,0,11,0,0
811M03BM,2220,96440,12131,11306,242,28,60,810,7,0,387,17,90,870,88,199,1496,387,103,6114,4639,198,1868,0,169,0,18,0,3,20,115,0,0,0,0,0,58,84,51,0,107,22,0,32,0,0,4,26,0,31,22,134,7,29,11,97,7,13,0,0,4,10,0,0,0,160,3,23,20,0,0,0,0,36,29,0,0,0,0,10,0,0,0,0,0,8,0,49,0,0,256,0,0,0,0,0,13,8,9,0,88,0,14,0,0,0,0,0,0,0,6,0,65,0,0,0,0,0,0,138,0,0,11,17,0,0,10,0,0,0,0,0,0,0,0,4,0,0,0,0,0,0,0,0,0,0,0,15,0,0,0,0,0,0,0,0,0,0,0,0,0,0,0,0,0,0,0,0,0,0,0,0,0,0,0,0,0,0,0,0,0,0,4,0,0,4,0,0,0,0,0,0,0,0,0,0,0,0,0,0,0,0,0,0,0,13,0,0,0,0,0,0,0,0,0,0,0,0,0,0,0,0,0,0,0,2,0,0,0,0,0,0,0,0,0,0,0,0,0,0,0,0,0,9,0,0,0,0,2
812M03BM,15161,51078,408,13141,4656,136,0,12,0,12,1566,67,0,989,3636,14,330,1880,250,138,0,371,41,10,12330,0,9,0,5,0,554,0,0,0,7,0,20,138,265,0,264,0,0,0,93,0,10,48,0,0,0,0,25,0,836,0,80,0,0,0,0,0,0,0,0,19,34,195,0,0,0,0,24,0,32,15,0,0,0,10,0,0,0,28,0,0,0,0,0,0,9,0,8,0,0,11,0,0,17,0,0,0,0,0,0,41,0,0,0,7,19,0,0,28,34,14,0,0,24,9,33,0,22,0,0,0,21,0,0,0,0,15,0,0,0,0,0,0,95,10,31,0,0,0,23,6,0,0,0,0,0,0,0,0,87,0,0,0,0,0,0,0,0,0,0,0,0,0,0,12,0,0,0,8,0,0,0,0,0,0,0,0,0,0,0,0,0,0,0,0,0,0,0,0,0,0,0,0,0,0,0,0,15,0,0,0,0,0,0,0,0,0,0,0,0,0,0,0,0,0,0,0,0,0,7,0,0,0,0,0,0,0,0,0,0,0,0,26,0,0,0,0,0,0,0,0,6,0,0
813M02BM,1512,780,2893,47,394,11,0,8514,12,9,160,13,22310,28726,20,0,59,52,11584,11,468,72,0,28,5,25,0,294,95,111,40,0,0,0,11,258,0,49,5,0,440,0,0,35,12,61,16,0,9,3,218,0,8,0,9,0,5,12,0,0,0,0,0,0,0,0,0,0,11,0,0,0,0,11,0,0,0,0,0,0,0,0,0,0,0,0,0,4,0,6,0,0,0,0,139,0,0,0,0,0,8,42,0,0,0,5,0,0,0,0,0,0,4,0,0,0,0,0,0,0,0,0,0,6,9,0,0,0,0,0,0,0,0,0,0,0,0,0,0,0,2,0,0,0,0,0,17,0,0,0,6,7,0,0,0,0,0,0,269,0,0,0,0,0,0,0,0,0,0,0,0,0,0,24,0,0,0,0,2,0,0,0,0,0,0,0,0,0,0,0,0,0,0,0,0,0,0,6,0,0,0,0,0,0,0,0,0,0,0,0,0,0,0,0,0,8,0,0,0,0,0,0,0,0,0,0,0,0,0,0,0,0,0,0,0,0,0,0,0,0,0,0,0,0,0,0,0,0,0
814M02BM,5677,34100,11,3034,2083,20,633,5742,171,14,2203,41,236,799,111,18959,8042,0,2918,109,31,733,0,0,29,0,216,0,0,0,172,12273,106,0,205,0,0,144,0,0,113,0,0,188,81,0,0,46,18,13,0,0,0,0,38,0,35,12,0,0,0,18,0,0,0,0,35,81,0,10,0,0,4,0,0,0,7,0,0,34,0,0,0,24,0,0,1108,0,0,0,0,0,8,0,0,0,0,0,47,0,0,0,0,9,5,0,0,0,9,0,0,0,0,0,25,0,0,0,0,0,0,0,0,12,0,0,0,0,0,0,0,0,0,10,0,0,0,0,0,0,15,0,0,0,11,5,0,0,0,0,0,0,0,0,0,0,0,0,0,0,0,0,6,0,0,11,0,0,0,0,0,18,0,13,0,0,6,0,0,0,0,0,21,0,0,0,0,0,0,18,0,0,0,0,0,0,0,0,0,0,0,0,0,0,0,0,0,0,0,0,0,0,0,10,0,0,0,0,0,0,0,0,0,0,0,0,0,0,0,0,0,0,0,0,0,0,8,0,0,0,0,0,0,0,0,0,0,0,0
817M02BM,63588,62619,2327,361,502,19,0,54,0,7,150,297,0,87,98,22,81,165,8,221,0,66,0,0,36,0,0,0,5825,0,56,0,0,0,0,0,21,28,36,0,29,0,0,31,22,0,5,0,5,8,0,0,0,0,7,8,7,0,3,0,0,0,0,0,0,0,0,0,14,0,0,11,0,0,0,0,0,1,0,19,0,3,0,0,0,3,0,10,0,0,0,0,0,4,0,0,0,10,0,0,0,0,0,0,0,4,0,0,0,0,0,0,0,0,0,0,0,0,5,0,10,0,0,7,0,0,0,0,0,0,0,0,0,0,0,0,0,0,0,0,5,5,2,0,0,0,0,0,0,0,0,0,0,0,3,0,0,0,0,4,0,0,0,0,0,0,0,0,0,0,0,0,0,0,0,0,0,3,2,0,0,0,0,0,0,0,0,0,0,0,0,0,0,0,0,0,0,0,0,0,0,0,0,0,0,0,0,0,0,0,0,0,0,0,0,0,0,0,0,0,0,0,0,0,0,0,0,0,6,0,0,0,0,0,0,0,0,0,0,0,0,0,3,0,3,0,0,0,0
818M02BM,77230,14566,14367,2511,3076,66,11,118,0,35,1711,1526,0,734,282,100,66,1622,145,0,562,714,372,0,60,0,12,0,14,0,451,0,0,0,9,15,13,238,253,0,119,0,0,75,52,0,0,54,61,21,0,0,0,0,92,0,32,15,50,0,15,29,0,0,8,0,35,78,34,0,0,70,18,25,80,0,0,0,6,14,0,0,0,0,0,0,0,37,0,0,0,0,0,22,0,8,44,0,14,0,16,0,0,12,0,14,0,0,9,0,0,0,58,6,15,5,0,30,0,0,26,0,16,17,9,0,0,4,0,0,0,0,0,7,4,0,15,19,0,0,0,0,0,0,0,0,0,0,4,0,6,0,0,0,0,13,0,0,0,0,0,0,0,0,11,0,0,0,0,0,0,6,0,0,0,0,8,0,0,0,0,0,0,0,0,0,0,42,0,0,0,0,0,0,0,0,0,0,43,30,0,0,0,45,0,0,16,0,0,0,0,0,0,5,0,0,8,0,0,0,0,0,0,0,0,0,7,0,0,0,0,0,0,0,28,0,10,0,0,0,0,0,0,0,0,0,0,0,5
819M02BM,31305,30418,0,6476,393,50766,23,47,6336,8,362,74,12,434,167,0,8,0,11,133,0,58,0,0,118,0,95,0,2,0,26,9,794,0,0,0,679,35,0,0,17,0,0,34,20,0,0,0,9,9,0,0,0,0,10,0,7,0,0,0,0,13,0,0,0,0,7,9,0,0,0,6,3,0,0,0,0,0,0,0,0,0,110,0,0,272,0,0,0,2,0,0,0,0,0,0,0,12,5,0,0,0,0,0,0,0,0,0,0,0,76,0,0,0,0,0,0,0,0,0,0,0,0,0,0,16,0,0,0,0,0,0,0,5,48,0,0,0,0,0,0,0,0,15,0,0,0,0,0,0,0,0,0,0,0,0,0,5,0,0,0,0,0,0,0,4,0,0,0,0,0,0,0,0,0,0,0,0,0,0,0,0,0,0,0,0,0,0,0,0,0,0,0,0,0,0,0,0,0,0,0,0,0,0,0,0,0,0,0,0,0,0,0,0,0,0,0,0,0,0,0,0,0,0,0,0,0,0,0,0,0,0,0,0,0,0,0,0,0,0,0,0,0,0,0,0,0,0,0
821M02BM,5905,40259,3463,533,112,0,48,206,0,28,490,38,104,434,54,261,687,212,102,7,2094,244,813,0,644,0,0,0,0,7,118,0,0,0,0,0,5,60,36,0,37,0,0,18,0,0,13,17,0,6,0,75,0,0,6,19,29,25,0,0,6,110,0,4,7,17,6,10,0,0,44,0,8,14,6,0,0,8,0,6,0,0,0,0,0,9,0,0,0,0,40,0,0,3,0,0,9,5,2,0,0,0,4,0,0,8,0,5,0,9,0,0,0,4,0,0,0,0,0,0,0,6,0,0,0,0,0,0,0,0,0,0,0,6,0,0,0,0,0,0,0,0,0,0,8,0,12,0,0,0,0,0,0,0,0,0,0,0,0,0,0,0,0,0,6,0,0,18,0,0,0,0,0,4,0,0,15,0,0,0,0,0,0,0,0,0,0,0,13,0,0,0,0,3,0,0,0,0,0,0,6,0,0,0,0,4,0,0,0,0,0,0,0,3,0,0,0,0,5,0,0,0,0,0,0,0,0,0,0,0,0,0,18,0,0,0,0,0,3,0,0,0,0,0,0,0,0,0,0
822M02BM,7509,5581,17898,1432,150,4165,0,265,40,122,958,82,0,1243,294,49,122,0,172,6,0,762,64,9,51,13,0,0,4,0,264,0,0,0,33,0,0,75,0,0,66,0,0,21,0,0,0,82,0,52,0,189,69,0,7,38,55,12,0,0,0,51,14,0,70,0,5,0,203,18,0,11,0,0,0,0,5,0,0,86,0,69,0,0,0,20,0,31,0,0,0,0,0,0,0,0,0,0,21,0,186,0,42,10,0,0,0,0,31,0,6,0,86,16,0,0,0,0,49,0,0,0,0,45,0,0,0,0,9,0,0,7,0,0,0,0,38,0,0,0,4,26,0,0,0,0,34,0,0,0,0,0,21,0,0,13,0,0,22,0,0,0,0,0,0,0,0,11,4,0,0,0,0,0,17,0,0,0,0,0,71,0,8,0,45,0,0,26,0,0,0,0,0,0,0,0,0,0,3,0,18,22,0,41,24,0,6,10,0,17,0,0,0,0,0,0,0,0,0,0,0,0,6,0,0,0,0,0,0,0,0,0,0,0,0,0,18,0,0,33,0,0,0,0,0,0,0,0,0
823M03BM,8937,30041,52,5009,6174,109,3,27,0,5,710,133,0,453,162,26,217,428,83,214,0,125,0,0,69,0,0,0,0,45,121,6,0,0,0,0,0,48,77,0,44,0,0,102,78,0,30,26,273,119,1,0,33,5,13,9,0,23,7,0,2,4,6,0,0,0,5,0,0,0,0,11,55,6,27,13,0,0,0,18,0,11,0,27,0,0,0,0,0,4,0,0,8,3,0,24,33,0,22,0,0,0,0,0,0,8,0,0,11,4,0,0,0,5,28,11,0,0,0,0,0,0,0,0,0,0,0,0,0,0,0,9,0,12,0,18,0,19,0,0,40,0,0,6,0,0,0,0,0,0,0,0,8,0,0,0,0,0,0,44,0,3,0,0,0,9,0,0,0,12,0,0,2,0,0,0,0,6,0,0,0,0,0,0,0,0,0,0,0,0,18,0,0,0,0,0,0,0,0,0,0,0,6,0,0,0,0,0,9,0,0,0,0,0,0,0,0,0,0,0,0,0,0,8,0,0,0,0,0,7,0,0,0,0,0,0,0,0,0,0,0,0,0,0,0,8,0,0,0
825M02BM,9567,11480,100,2594,1259,21,0,69477,0,346,134,332,0,8139,56,10,40,478,36,21,0,60,0,0,19,0,11,5,3,0,109,0,0,0,0,0,17,43,65,0,44,12,0,55,16,0,0,13,0,19,0,7,13,0,10,0,0,20,8,0,3,0,0,0,24,0,0,0,0,0,0,0,0,0,24,0,0,0,0,0,0,17,0,0,0,0,0,0,0,0,0,0,0,0,0,0,0,0,0,8,0,0,0,5,0,7,0,0,0,3,0,0,0,0,0,35,0,0,0,0,10,0,0,0,0,9,13,0,0,0,0,3,0,0,0,0,0,0,0,0,5,0,0,0,0,0,0,7,0,0,0,0,0,0,0,0,0,0,0,0,0,0,12,0,0,0,0,0,0,0,0,0,0,9,0,0,28,0,0,0,0,0,0,0,0,0,0,0,0,0,0,0,0,0,0,0,0,0,0,0,0,5,0,0,0,0,0,0,0,0,0,0,0,0,0,0,0,0,0,0,0,0,0,0,0,0,0,0,0,0,0,0,0,0,0,0,0,0,0,10,0,0,0,0,10,0,0,0,3
DB01CPM02BM,51392,13044,82,495,3388,45,0,348,0,0,840,248,518,286,115,42,68,356,110,160,0,166,0,0,52,0,0,0,5,0,93,0,0,0,0,0,0,55,54,9,74,10,0,34,12,0,21,11,60,47,0,0,0,0,28,0,16,0,104,0,18,0,0,0,0,4,20,8,0,0,0,16,0,0,22,0,0,0,0,12,0,0,0,15,20,0,0,0,0,0,0,0,9,0,0,0,19,0,14,0,0,0,0,0,6,0,0,0,0,0,34,0,0,0,12,0,0,0,8,5,4,0,0,0,0,0,3,0,0,0,0,0,0,11,0,7,12,0,0,0,3,0,0,0,0,0,0,0,0,16,0,0,0,0,0,0,0,0,0,15,0,0,16,0,0,0,0,0,0,0,0,0,0,0,0,0,0,0,0,0,0,0,0,0,0,0,0,0,0,0,0,0,0,0,0,0,0,0,0,0,0,0,0,0,0,0,0,0,0,0,0,0,12,0,0,0,0,0,0,0,0,0,27,0,0,0,0,0,0,0,0,0,0,0,0,26,0,0,0,0,0,0,4,0,0,0,0,0,0
DB01M03BM,34377,998,22551,221,7471,107,34,72,28,14,6858,477,0,1413,839,103,835,1815,402,93,0,2691,0,34,1617,0,185,4,31,0,1457,0,0,0,24,50,222,1099,294,43,513,100,0,96,144,0,73,13,85,106,0,0,123,0,282,18,131,488,11,0,18,73,46,0,0,0,78,60,72,23,18,10,55,82,55,5,0,0,0,199,0,26,67,108,0,104,0,77,0,0,60,0,20,90,0,21,13,21,53,0,127,0,19,2,0,10,0,0,0,0,0,0,60,0,0,334,0,0,0,13,6,0,29,59,0,0,53,0,0,0,0,13,0,10,7,0,35,27,50,0,24,0,11,0,15,0,24,31,0,0,0,0,0,0,0,7,0,27,0,0,4,0,0,0,0,0,0,0,0,0,0,0,0,0,0,0,0,14,0,0,49,24,0,0,0,0,0,0,0,0,19,265,0,0,0,17,34,22,0,0,103,32,0,33,0,0,0,0,0,0,0,0,0,0,5,0,26,0,0,0,0,0,0,0,0,0,0,33,0,0,0,0,0,0,14,0,0,15,34,9,0,0,0,10,0,0,21,0,0
DB02CP03BM,14253,11374,69,4308,1074,11048,0,31062,168,160,480,25,0,1720,191,8,18,237,56,9,0,128,0,32,55,2,0,0,0,0,148,0,0,0,59,24,11,68,52,0,35,0,0,2631,17,31,7,9,7,60,0,0,4,0,11,0,7,0,0,0,0,121,0,0,27,0,4,0,0,0,63,3,0,0,10,0,94,0,0,0,0,456,0,0,0,0,0,0,0,18,0,0,0,0,304,0,0,0,0,0,0,0,0,9,0,0,173,0,0,0,0,0,0,0,0,72,0,0,0,0,0,0,0,12,0,0,0,0,0,0,0,0,0,0,0,0,0,0,0,0,0,0,0,0,0,0,0,4,0,0,0,0,0,0,0,0,0,0,0,0,0,0,0,0,0,0,17,0,0,0,0,123,0,0,0,0,0,73,0,0,0,0,0,0,0,0,0,4,0,0,0,3,0,0,0,0,0,0,0,0,0,0,0,0,0,0,0,0,0,0,29,0,0,0,4,0,0,0,0,0,0,0,0,0,12,0,0,0,0,0,0,0,0,0,0,0,3,0,6,0,0,0,0,0,0,0,0,0,0
DB03M03BM,2392,12879,30999,819,13913,2690,54,5001,81,412,5375,240,42,2820,1867,27,2074,4470,880,695,0,2435,49,21,140,0,47,0,944,0,1731,0,0,0,95,56,48,528,687,5,438,136,7,366,72,42,876,75,189,132,0,0,1051,19,70,68,285,38,0,0,64,154,0,9,0,268,250,65,175,53,91,0,92,509,163,0,26,8,0,513,111,37,0,419,51,12,0,137,0,0,83,15,58,18,22,60,82,0,14,5,18,0,42,237,49,146,0,0,0,10,0,47,95,53,209,61,0,15,0,0,41,0,83,369,19,0,52,309,0,0,101,39,0,49,0,0,44,64,0,0,461,244,208,0,106,185,0,4,0,71,7,0,21,0,0,51,0,0,0,9,0,49,0,129,0,30,45,0,0,0,12,24,0,0,0,0,18,13,22,0,0,49,0,0,66,30,69,23,5,62,105,0,0,0,58,0,0,24,104,0,0,0,98,23,41,0,14,0,58,0,0,0,0,0,0,13,0,6,0,9,19,0,0,0,25,0,0,7,0,0,100,0,39,0,0,0,21,0,15,24,0,0,0,0,17,13,0,0,10
DB04M02BM,8616,10113,17,934,291,22,144,14187,30,0,143,0,663,4860,30,0,0,93,1444,40,0,44,0,0,0,52,0,0,0,0,35,0,0,0,0,0,1960,0,0,0,25,0,0,15,0,0,0,0,0,7,410,0,0,0,0,0,0,0,0,0,0,0,0,0,0,0,6,0,0,0,0,0,0,0,0,0,0,0,0,0,0,420,0,0,0,0,0,0,0,0,0,0,0,0,10,0,0,0,0,0,0,0,0,0,0,0,0,0,0,0,9,0,0,0,0,0,0,0,0,0,0,0,0,0,0,0,0,0,0,0,0,0,0,0,0,0,0,0,0,0,0,0,0,0,0,0,0,0,0,0,0,0,0,0,0,0,0,0,0,0,0,0,0,0,0,0,0,0,0,0,0,0,0,0,0,0,0,0,0,0,0,0,0,0,0,0,0,0,0,0,0,0,0,0,0,0,0,0,0,0,0,0,0,0,0,0,0,0,0,0,0,0,0,0,0,0,0,0,0,0,0,0,0,0,0,0,0,0,0,0,0,0,0,0,0,0,0,0,0,0,0,0,0,0,0,0,0,0,0
DB05M03BM,11000,14056,28214,2282,14643,592,79,215,104,29,5679,304,35,1952,4795,139,988,4879,731,35,0,2523,26,39,101,0,138,0,2523,0,1882,0,0,0,33,29,115,1375,790,0,626,0,0,188,713,0,275,141,413,187,0,0,419,0,233,28,172,102,0,0,18,0,5,0,0,19,71,48,66,0,18,24,146,47,132,0,0,0,0,187,49,40,0,275,0,151,0,24,0,0,84,0,61,0,0,72,18,0,30,26,40,46,65,0,0,57,35,0,118,0,0,0,41,84,144,48,0,34,17,0,132,0,131,63,0,11,3,103,0,0,28,36,0,0,36,0,0,43,12,0,10,0,30,0,34,41,34,58,81,14,10,6,0,0,0,26,0,0,0,163,0,15,11,38,13,48,0,0,0,0,0,28,0,0,0,0,0,0,10,0,21,0,0,0,44,0,0,10,0,8,96,0,0,0,34,7,0,0,0,0,0,0,63,21,0,72,0,0,11,23,0,0,22,5,0,42,0,0,0,0,30,5,0,0,25,0,0,23,66,0,49,40,34,0,0,0,0,27,18,0,0,0,0,0,9,6,0,0,0
DB06M03BM,40401,27320,5014,21126,872,37,16,17,6,64,87,1530,0,285,53,39,96,394,36,2339,13,95,0,9,278,0,4,7,4,14,109,0,0,0,4,0,627,26,78,6,27,149,0,41,24,0,0,20,9,37,0,0,9,124,7,15,0,39,29,0,0,10,0,0,0,3,0,4,28,9,26,523,15,0,13,0,4,0,0,19,0,0,0,0,0,0,0,32,0,0,0,0,10,0,0,0,0,29,0,0,5,0,5,0,0,0,0,0,0,0,0,0,22,1,3,0,0,7,0,5,0,0,0,13,0,0,0,0,0,6,0,0,0,0,0,0,0,0,0,0,4,0,6,0,0,7,0,6,0,0,0,0,6,0,21,0,0,0,0,0,0,0,4,0,0,0,0,0,0,0,0,0,0,0,0,0,0,0,0,0,0,0,0,0,9,0,0,6,4,0,0,0,0,0,0,0,0,0,0,0,7,0,0,10,0,10,5,0,2,0,0,0,0,0,0,0,0,0,0,7,0,0,0,10,0,0,0,0,0,0,0,0,0,21,0,0,0,0,0,0,0,0,0,0,0,0,0,0,8
DB07M03BM,28270,13117,0,157,140,8,14413,65563,0,0,55,1306,11,19,204,0,262,30,0,933,0,23,0,0,1433,0,27,0,0,0,12,0,0,0,0,0,18,10,0,0,0,112,0,5,7,0,5,0,0,0,0,0,5,0,134,0,0,0,256,0,0,0,0,0,0,0,0,0,0,5,0,33,0,0,0,0,0,12,0,0,0,0,0,0,0,0,0,0,0,0,0,0,0,0,0,0,0,0,0,4,0,0,0,0,0,0,0,0,0,0,0,0,0,0,0,2,0,0,0,0,0,0,0,0,0,8,24,0,0,0,0,0,0,0,0,0,0,0,0,0,0,0,0,0,0,0,0,0,0,0,0,0,0,3,0,0,0,0,0,0,0,0,0,0,0,0,0,0,0,0,0,0,0,0,0,2,0,0,0,0,0,0,0,0,0,0,0,0,0,0,0,0,0,0,0,0,0,0,0,0,0,0,0,0,0,0,0,0,0,0,0,0,0,0,0,0,0,0,0,0,0,0,0,0,0,0,0,0,0,0,0,0,0,0,0,0,0,0,0,0,0,0,0,0,0,0,0,8,0
DB8M02BM,83659,22709,98,1529,979,10,29,794,0,241,113,976,104,290,54,0,91,419,64,0,947,60,387,0,663,11,31,18,13,13,81,0,0,0,0,0,12,34,80,4,25,0,0,18,14,0,0,0,113,16,26,0,11,0,8,0,0,0,3,0,0,0,10,0,0,5,0,0,0,0,0,74,12,7,16,0,0,0,0,2,0,0,0,0,0,0,0,0,0,0,0,0,0,6,0,8,0,2,0,0,0,0,0,4,0,0,0,0,0,0,21,0,0,8,4,0,0,0,0,0,0,0,0,6,0,5,6,0,0,0,0,0,0,0,0,0,0,0,0,0,9,0,0,0,0,0,0,5,0,0,0,0,0,0,21,0,0,0,0,0,0,8,0,0,0,0,0,0,0,0,0,0,0,0,0,0,0,0,0,5,0,0,0,0,0,0,0,0,0,0,0,0,0,0,0,3,0,0,0,0,0,0,0,0,2,0,0,0,0,0,0,0,0,0,0,0,0,0,0,0,0,0,0,0,0,0,2,0,0,0,0,4,0,9,0,0,0,0,0,0,0,0,0,0,0,0,0,7,0
WM022M02BM,35110,37931,57,2394,711,18,10,56,0,30,265,760,19,85,551,24,3295,334,53,4186,12,119,0,0,449,0,783,0,2802,0,81,0,0,0,14,0,442,35,43,97,39,804,11,42,20,0,5,0,91,24,0,0,14,223,661,35,5,95,36,0,0,21,0,163,0,0,8,0,0,108,0,629,77,0,22,18,0,0,0,30,0,0,0,12,38,152,0,0,0,3,17,15,0,7,0,0,2,654,5,11,0,0,0,0,24,0,0,0,0,14,142,0,0,0,0,0,0,0,0,0,0,0,0,0,0,0,143,0,0,17,0,0,23,0,0,0,12,10,0,0,0,0,0,0,0,8,0,0,0,0,0,0,0,91,347,0,2,18,0,0,2,0,0,0,0,2,0,0,11,0,0,3,0,0,6,10,0,0,0,22,0,0,0,0,0,0,4,0,0,0,0,0,0,48,0,0,0,0,0,0,0,0,0,0,0,0,0,0,0,0,0,11,0,0,0,0,0,0,0,0,0,0,0,0,0,1,0,0,0,0,0,0,0,0,0,0,0,0,3,4,6,0,0,0,0,0,2,0,0
WM023M02BM,10094,58535,7647,9748,213,33,80,835,36,70,437,528,41,926,1179,39,609,600,121,334,446,276,262,29,15,90,0,12,5,0,170,0,0,0,20,0,76,82,124,0,63,0,0,119,0,0,110,29,0,27,104,179,229,0,24,29,17,6,20,31,0,44,0,0,0,3,0,0,8,21,18,105,54,32,13,3,6,0,0,60,0,0,0,33,0,3,0,25,0,0,20,0,79,0,20,48,11,29,0,0,1,6,0,0,4,4,0,0,0,0,85,0,0,0,139,7,0,0,0,0,0,0,14,14,0,11,0,0,0,0,30,11,0,0,0,6,0,37,11,0,105,0,4,0,7,0,13,0,0,0,0,0,12,0,0,7,0,0,0,0,0,0,16,0,0,0,0,0,0,0,0,32,0,0,0,0,0,0,0,0,0,14,0,0,0,11,0,14,0,3,5,0,0,0,0,0,0,0,0,0,0,0,6,0,0,0,0,0,0,0,0,0,0,0,0,0,0,0,0,0,0,0,0,0,0,0,0,5,0,0,0,0,0,0,0,0,17,0,0,0,0,0,12,0,0,0,0,0,0
WM02M02BM,20460,24322,8,2224,1915,57,7,66,0,39,720,2404,0,243,117,46,162,0,55,751,0,236,15,0,698,0,135,0,23,0,27,18,0,0,0,0,100,12,0,0,34,124,0,50,24,0,120,0,24,29,0,0,83,185,76,0,27,0,16,0,0,25,0,17,0,15,47,23,0,163,0,44,11,37,0,127,0,0,0,21,0,0,0,18,0,15,0,0,0,5,0,0,13,0,0,37,0,8,23,0,0,0,0,12,101,0,0,0,0,0,0,0,1,6,54,11,0,2,0,0,0,0,0,10,0,0,11,41,0,0,17,0,16,0,0,79,0,6,0,0,23,0,0,15,0,2,0,0,22,16,0,0,5,0,107,0,0,0,0,0,3,0,0,6,0,0,0,0,0,0,0,0,0,0,0,2,0,0,0,29,0,0,0,0,0,0,0,5,16,0,10,0,17,0,0,0,0,0,0,0,0,0,0,0,0,0,0,0,0,0,0,20,0,0,13,3,0,0,0,0,0,0,0,0,0,0,0,0,0,0,0,0,0,0,0,0,0,0,0,0,6,9,0,0,0,0,0,0,0
WM03M02BM,44876,12708,14,1322,3263,98,52,315,0,63,1084,316,0,500,113,20,665,0,89,784,0,417,12,7,76,0,42,0,8,0,150,135,0,0,7,13,79,65,0,16,135,40,0,78,27,0,110,14,55,38,0,0,17,0,98,9,26,12,0,0,0,0,0,14,0,6,9,38,0,0,18,319,22,104,0,36,0,0,0,0,0,45,0,6,22,16,0,0,0,0,0,0,0,8,0,51,22,0,0,0,0,0,0,0,9,0,0,0,18,4,81,0,0,7,61,16,0,0,2,0,0,0,0,0,0,6,14,0,0,0,0,0,0,15,0,0,0,25,0,0,8,0,0,0,0,6,0,0,60,0,0,0,0,0,9,0,0,0,0,0,0,0,0,0,0,0,0,0,12,20,0,15,0,0,7,11,0,0,0,0,0,9,0,0,0,26,0,0,0,0,25,0,0,5,0,0,0,0,0,0,0,21,0,0,5,0,0,0,0,0,0,22,0,0,0,0,0,0,0,0,0,0,0,0,0,0,0,0,0,0,0,0,0,13,0,0,0,0,0,0,0,0,0,0,0,0,0,0,0
WM06M02BM,39790,1166,0,269,2475,647,0,33654,0,2853,786,1929,0,375,309,30,1639,0,14,16,0,157,4,15,0,0,0,0,23,0,103,152,0,0,20,16,4,25,0,0,52,5,0,263,40,0,553,32,22,49,0,0,34,0,31,63,0,25,27,53,0,283,0,0,25,16,25,0,0,0,52,6,27,106,0,4,0,3,0,16,4,0,0,5,0,3,0,46,0,0,0,0,0,6,0,20,18,10,5,0,0,0,25,4,0,0,0,0,0,0,0,30,0,0,45,0,0,0,0,0,0,18,0,5,0,11,0,6,0,0,12,0,0,9,0,6,7,39,0,0,12,0,0,0,0,10,13,0,21,0,0,0,24,0,0,0,0,0,0,0,0,7,17,6,0,10,0,0,0,0,0,4,0,0,0,0,0,0,0,0,3,0,0,0,0,0,0,0,30,100,6,0,0,0,0,0,0,0,0,0,0,0,0,0,0,0,0,0,0,0,0,0,3,0,0,0,0,0,0,0,0,0,0,0,0,0,0,0,0,0,0,0,0,0,0,0,0,0,0,0,0,0,0,0,0,0,0,0,0
WM17M03BM,9415,5081,0,309,12887,288,1327,89,35,286,1004,1792,232,2544,777,230,535,0,210,301,0,592,0,0,797,0,84,0,119,0,51,266,0,0,0,21,159,104,0,33,102,150,0,292,104,0,1049,231,20,171,0,0,101,0,201,0,36,123,54,15,37,0,13,77,0,32,40,47,0,83,0,402,64,178,0,0,0,0,0,173,0,21,0,206,31,0,0,0,0,0,0,0,29,37,0,327,28,153,17,0,13,0,145,0,0,0,0,0,0,0,0,0,0,0,168,0,0,0,0,0,0,0,0,0,0,14,0,49,0,0,0,68,0,74,0,0,7,65,0,0,0,0,0,27,0,57,48,0,75,18,0,22,0,0,0,0,0,61,0,24,0,0,0,0,0,0,0,0,0,19,57,0,0,0,23,0,0,35,0,0,0,0,0,0,0,0,0,0,131,0,67,0,0,11,77,0,0,0,0,0,0,0,0,0,0,0,0,0,0,0,0,0,0,0,0,0,0,14,0,0,0,18,0,0,0,0,0,0,0,0,60,0,11,0,9,14,0,0,0,0,0,0,0,0,0,0,0,0,0
WM19M03BM,930,30043,0,4389,617,18,0,4798,574,639,360,214,13236,1587,101,0,53,0,492,3031,0,45,0,1337,3553,35,14182,19,0,3275,365,0,0,0,1083,0,4241,12,0,369,0,2690,6,757,12,162,20,16,22,15,606,0,0,0,1692,0,0,7,0,0,0,0,0,292,0,0,13,0,0,1685,31,3,0,10,0,504,72,0,0,0,0,11,304,5,1015,2160,0,0,0,0,0,246,0,0,0,18,86,0,8,0,0,572,9,284,1935,0,0,0,0,0,207,83,0,0,11,1042,0,0,0,0,2,0,0,0,463,0,295,5,0,395,0,0,181,0,0,11,0,0,0,0,0,0,0,0,0,0,0,0,0,0,0,0,0,5,7,0,0,0,0,0,0,0,0,0,0,0,0,0,216,0,0,30,0,0,196,88,0,0,0,30,0,0,0,0,0,0,0,0,0,0,0,0,0,0,0,0,0,0,0,0,0,0,0,0,7,0,0,0,0,0,0,118,0,0,20,0,0,0,0,0,0,0,0,0,0,0,0,5,0,0,0,0,0,0,0,0,0,0,0,0,0,0,0,0,0,0,0,0,0
WM20M04BM,485,3754,269,162,3,512,0,13826,53,0,0,0,0,1143,5,0,40,0,1228,6,0,0,0,15,393,0,0,0,0,0,0,0,0,0,22,35,2,0,0,0,5,5,0,15,0,16,0,0,0,0,0,0,0,4,0,0,0,0,0,0,0,0,0,0,0,0,0,0,0,0,0,0,5,0,0,0,0,0,0,0,0,0,0,0,0,0,0,0,0,0,0,0,0,0,0,0,0,0,0,0,0,0,0,17,0,0,0,0,0,2,0,0,0,0,0,0,0,0,0,0,0,0,0,0,0,0,0,0,0,0,0,0,0,0,0,0,0,0,0,0,0,0,0,0,0,0,0,0,0,0,0,0,0,0,0,0,0,0,0,0,0,0,0,0,0,0,0,0,0,0,0,0,0,0,0,0,0,0,0,0,0,0,0,0,0,0,0,0,0,0,0,0,0,0,0,0,0,0,0,0,0,0,0,0,0,0,0,0,0,0,0,0,0,0,0,0,0,0,0,0,0,0,0,0,0,0,0,0,0,0,0,0,0,0,0,0,0,0,0,0,0,0,0,0,0,0,0,0,0
WM21M04BM,793,5264,19817,123,0,12,0,0,0,45,0,92,0,429,19,19,615,0,13,163,0,9,17,188,57,0,18,0,0,0,0,0,51,0,0,0,41,0,0,0,0,68,0,26,0,0,6,64,0,6,0,0,0,0,16,6,0,0,0,0,185,6,0,0,0,0,0,0,0,0,0,0,0,0,0,0,0,0,0,0,0,0,0,6,0,11,0,0,0,0,0,0,0,0,0,0,0,0,0,23,0,0,6,0,0,0,0,0,0,0,8,0,0,0,0,0,0,0,0,0,43,0,0,0,0,0,0,0,0,0,0,0,0,0,0,0,12,0,0,0,0,0,0,0,0,0,0,0,0,0,0,0,0,0,9,0,0,0,0,0,0,0,0,0,0,0,0,0,0,0,0,0,19,0,0,0,7,0,0,0,0,0,0,0,0,0,0,0,0,0,0,0,0,0,0,0,0,0,0,0,0,0,0,0,0,0,0,0,0,0,0,0,0,0,0,0,0,0,0,0,0,0,0,0,0,0,0,0,0,0,0,0,0,0,0,0,0,0,0,0,0,0,0,0,0,0,0,0,0
