Study_ID,Streptococcus,Staphylococcus,Cutibacterium,Acinetobacter,Gemella,Enterobacter,Veillonella,Pseudomonas,Lactobacillus,Vibrionimonas,Rothia,Corynebacterium,Haemophilus,Bradyrhizobium,Enterococcus,Pantoea,Bifidobacterium,Curvibacter,Hydrogenophaga,Granulicatella,Lawsonella,Schlegelella,Enterobacteriaceae_unclassified,Acidibacter,Anaerococcus,Unknown_Family_ge,Peptoniphilus,Fenollaria,Faecalibacterium,Aeromonas,Enhydrobacter,Scardovia,Burkholderia-Caballeronia-Paraburkholderia,Escherichia-Shigella,Cupriavidus,Finegoldia,Saccharimonadales_ge,Flavisolibacter,Rosenbergiella,Dolosigranulum,Odoribacter,Prevotella,Klebsiella,Allorhizobium-Neorhizobium-Pararhizobium-Rhizobium,Brevundimonas,WD2101_soil_group_ge,Legionella,Clostridium_sensu_stricto_1,Actinomyces,Bergeyella,Abiotrophia,Massilia,Neisseria,Bacteroides,Moraxella,Stenotrophomonas,Sphingomonas,Dialister,uncultured,Cronobacter,Brevibacterium,Sediminibacterium,Thermus,Enterobacterales_unclassified,Microbacterium,Chryseobacterium,Fusobacterium,Atopobium,Porphyromonas,uncultured.1,Gammaproteobacteria_unclassified,Erwiniaceae_unclassified,Staphylococcaceae_unclassified,Lactobacillales_unclassified,Streptococcaceae_unclassified,Bacteria_unclassified,Bacilli_unclassified,Floricoccus,Staphylococcaceae_ge,Raoultella,Moraxellaceae_unclassified,Pasteurellaceae_unclassified,Pseudomonadaceae_unclassified,Micrococcaceae_unclassified,Corynebacteriaceae_unclassified,Xanthobacteraceae_unclassified,Sphingomonadaceae_unclassified,Pseudomonadales_unclassified,Corynebacteriales_unclassified,Propionibacteriaceae_unclassified,Turicella,Chitinophagaceae_unclassified,Corynebacteriaceae_ge,Yokenella,Enterobacillus,Veillonellaceae_unclassified,Bifidobacteriaceae_unclassified,Comamonadaceae_unclassified,Azomonas,Isobaculum,Firmicutes_unclassified,Actinobacteria_unclassified
A18101,6.661537776251542,3.2023781024034803,4.5681531836289455,1.4553914539568704,0.6920400147236765,0,4.0454467325494825,1.3386671796487284,-3.3152931705087947,0,4.028779680064272,0.322292989217591,1.4296389578544555,0,0,0,0,0,0,-3.3152931705087947,0,0,-3.3152931705087947,0,0,0,0,0,0,0,1.9422022015189868,0,0,0,0,0,0,0,0,0,0,0,0,1.8437621287057344,0,-3.3152931705087947,0,0,0,0,0,0,0,0,0,0,-2.216680881840685,0,0,0,0,0,-1.9289988093889041,0,-0.31956089695480383,0,0,0,0,0,0,0,0,-2.6221459899488493,-1.235851628828959,0,-3.3152931705087947,-3.3152931705087947,0,0,0,-3.3152931705087947,0,0,0,0,0,0,0,0,0,0,0,0,0,0,0,0,0,0,0,0
A18102,6.527962695896226,5.254194300523813,5.430668630794085,0,0,0,2.318236365680275,0,0,0,0.9740239499946979,-0.04032799505567164,0,0,0,0,-3.536835556522152,0.8698836907421015,0,0,0,0,0,0,0,0,0,0,0,0,0,2.286210338960867,0,0,-2.8436883759622065,0,-3.536835556522152,0,0,0,0,0,0,0,0,0,0,0,0.9849530205268886,0,0,0,0,0,0,0,0,0,0,0,0,0,0,0,0,0,0,0,0,0,0,0,0,-3.536835556522152,-1.9273976440880516,-3.536835556522152,-2.150541195402261,0,0,0,0,0,0,0,0,0,0,0,0,0,0,0,0,0,0,0,0,-3.536835556522152,0,0,0,0
A18103,7.563677825509875,6.232440020146661,5.853094856821579,-0.833514873509021,5.826547981237494,0.12199657151841548,4.562836233310382,-1.7498056053831759,4.790502632678318,-0.6511933167150663,0.6015696517803018,1.4488675121675052,-2.4429527859431213,1.167965126701103,-0.6511933167150663,-0.3635112442632855,2.9506747604092407,-2.4429527859431213,0,0.44741897195304325,-0.49704263688780803,0,-1.3443404972750115,0,-1.3443404972750115,0,-1.3443404972750115,0,0,0,4.620095377445051,-1.7498056053831759,0,0,0.2650974151590888,-1.3443404972750115,-1.0566584248232307,0,0,0,0,0,0,-2.4429527859431213,-1.3443404972750115,0.3296359362966599,0,0,0,-2.4429527859431213,0,0,0,0,0,0,0,-2.4429527859431213,-2.4429527859431213,-1.0566584248232307,0,-1.7498056053831759,0,0,-2.4429527859431213,0,0,0,0,0,0,-2.4429527859431213,0,-1.3443404972750115,-1.3443404972750115,-2.4429527859431213,-0.833514873509021,-2.4429527859431213,0,0,0,0,0,0,0,0,0,0,0,0,0,0,0,0,0,0,0,0,0,0,0,-1.7498056053831759
A18105,7.470718919050892,5.719595244277906,6.385793200523178,0,3.109344657851135,-3.0809707480020125,4.285474400325587,-2.387823567442067,3.6989511594702393,2.3786147661421464,0,2.1008128022900725,0,0,0,0,0,0,0,2.7331597838230537,0,0,0,0,3.532413470377547,0,0,0,0,0,0,0,0,0,0,0,0,0,0,3.1195384260406773,0,0,0,-3.0809707480020125,-3.0809707480020125,0,0,0,0,0,0,0,0,0,0,0,0,0,0,0,0,-3.0809707480020125,0,0,0,0,0,-1.2892112787739576,0,0,0,0,-3.0809707480020125,-1.2892112787739576,-1.4715328355679123,0,-0.6830754752036419,-3.0809707480020125,-3.0809707480020125,-3.0809707480020125,0,0,0,-3.0809707480020125,-3.0809707480020125,0,-1.1350605989466993,0,0,0,0,0,0,0,0,0,0,0,0,0,-2.387823567442067,-3.0809707480020125
A18107,7.141263664582504,-0.2293027730638637,5.672783962892901,-2.9373529741660738,-2.9373529741660738,-2.9373529741660738,2.0665933317793854,0,-2.9373529741660738,2.8402993490565827,3.774387420890106,-2.2442057936061284,0,-2.9373529741660738,0,0,2.250032831674681,0,0,0,0,0,0,0,0,0,0,0,0,0,0,-2.9373529741660738,0,0,0,0,3.3725653040604424,0,0,0,0,0,0,0,-2.9373529741660738,0,0,0,-2.2442057936061284,0,0,0,0,0,0,0,0,0,0,0,0,0,0,0,0,0,0,0,0,0,0,0,0,0,-1.838740685497964,0,0,0,0,0,0,0,0,0,0,0,0,0,0,0,0,0,0,0,0,0,0,0,0,0,0,0
A18108,5.504804158343454,4.8010044136673,6.39370327435415,0,-0.5622978029701491,0,0,0,-3.2013551325854075,0,0,2.5287446503881665,0,0,0,0,0,0,0,0,-3.2013551325854075,0,0,0,0,0,0,0,0,0,0,0,0,0,-2.508207952025462,0,0,0,0,0,0,0,0,0,2.83651578733673,3.4385207012411283,0,0,0,-3.2013551325854075,0,0,0,0,0,0,0,0,0,0,0,0,0,0,0,0,0,0,0,0,0,0,-2.508207952025462,0,-2.102742843917298,0,-1.815060771465517,0,0,0,0,0,0,0,-3.2013551325854075,0,0,0,0,0,0,0,0,0,0,0,0,0,0,0,0,-3.2013551325854075
A18109,2.0527327885559377,6.047493620320584,6.927930111757089,4.314844988098032,-3.1346530172848173,5.236820519782015,-2.441505836724872,4.1610820554644645,0,0,-3.1346530172848173,1.296163781558496,0,0.36185454418166296,0,4.745773327007583,0,0,0,-2.441505836724872,-1.188742868229504,0,3.942845036284414,0,0,0,0,0,0,0,0,0,-3.1346530172848173,0,0,-2.441505836724872,0,0,0,0,0,0,0,0,0,-3.1346530172848173,0,0,0,0,0,0,0,0,0,0,0,-2.0360407286167073,-3.1346530172848173,2.4893644889025213,0,0,0,1.450314461385755,0,0,0,0,0,0,0,0.23264281270165688,0,0,-3.1346530172848173,-1.525215104850717,-2.0360407286167073,0,0,0,-3.1346530172848173,0,-2.0360407286167073,0,0,0,0,0,0,0,0,0,0,0,-2.0360407286167073,0,0,0,-3.1346530172848173,0,0,0
A18110,7.122150330641932,-0.31144232972663444,0.38170485083331096,-1.0045895102865796,-2.39088387140647,-0.7814459589723699,0,-2.39088387140647,-2.39088387140647,0,0,0,0,5.760737775563279,5.668708457481075,-1.2922715827383604,0,0,0,0,0,0,-1.6977366908465248,0,0,0,0,0,0,0,0,0,0,0,-2.39088387140647,0,0,0,0,0,0,0,0,0,0,0,0,0,0,0,0,0,0,0,0,0,0,0,0,0,0,0,0,0,0,0,0,0,0,0,0,0,0,-1.2922715827383604,-1.6977366908465248,0,0,0,0,0,0,0,0,0,0,-1.2922715827383604,0,0,0,0,0,0,0,0,0,0,0,0,0,0,0,0
A18112,7.778089552759146,4.844654926733089,0.9379089784057859,-1.3133828202007092,-2.6996771813205998,-1.0902392688864995,-1.0902392688864995,0,0,0,-2.6996771813205998,0,0,-2.0065300007606544,-1.60106489265249,-2.0065300007606544,0,0,0,0,-2.0065300007606544,0,0,0,-2.6996771813205998,0,3.7137817758467575,0,0,0,0,0,0,0,-2.0065300007606544,4.010845928131828,0,0,0,0,0,0,0,0,0,0,0,0,0,0,0,0,0,0,0,0,0,3.071763941809416,3.017350520085622,0,0,0,0,0,0,0,0,0,0,0,0,0,0,-1.3133828202007092,-0.134727823859063,0,-2.0065300007606544,-2.6996771813205998,0,0,0,0,0,0,0,0,0,0,0,0,0,0,0,0,0,0,0,0,0,0,0,0
A18113,7.647086431373366,5.052444759084929,8.14263141435935,-0.6251648412672488,6.647407147345244,-0.6251648412672488,0,0,0,0,-2.0114592023871394,-2.0114592023871394,0,0,0,-0.6251648412672488,0,0,0,-2.0114592023871394,0,0,-2.0114592023871394,0,-2.0114592023871394,0,0,0,0,0,0,0,0,0,-2.0114592023871394,0,0,0,0,0,0,0,0,0,0,0,0,0,0,3.39121817948514,0,0,0,0,0,0,0,0,-2.0114592023871394,-2.0114592023871394,0,0,0,0,0,0,0,0,0,0,0,0,-2.0114592023871394,-1.318312021827194,-0.21969973315908442,-2.0114592023871394,-1.318312021827194,-2.0114592023871394,0,0,0,0,0,0,0,0,0,0,0,-2.0114592023871394,0,0,0,0,0,0,0,0,0,0,0,-2.0114592023871394
A18114,4.8779152060878985,6.394405862453375,5.847082949723179,0,2.9222719024775325,0,-2.157059922904958,0,-3.2556722115730676,-3.2556722115730676,0,2.986551053882098,0,0,0,0,0,0,0,3.371045537675957,0,0,0,0,0,0,0,0,-3.2556722115730676,0,0,0,0,0,4.283886617727962,0,0,0,0,0,0,0,0,0,0,0,0,0,0,0,0,0,0,0,0,0,0,0,0,0,0,2.316481820604697,0,0,0,0,0,0,0,0,0,0,-2.157059922904958,-2.5625250310131222,-3.2556722115730676,0,-1.869377850453177,0,-3.2556722115730676,0,0,-3.2556722115730676,0,0,-1.4639127423450127,0,0,0,-3.2556722115730676,0,0,0,0,0,0,0,0,0,0,0,0,0
A18115,6.798705024858597,6.263785812821242,4.156066379353057,-2.6192997115833356,-2.6192997115833356,0,0,-2.6192997115833356,0,0,0,2.5680860942574193,0,-2.6192997115833356,0,-2.6192997115833356,0,0,0,0,2.5847069754934595,0,-2.6192997115833356,0,0,0,0,0,0,0,0,0,0,0,0,0,0,0,0,0,0,0,0,0,0,0,0,0,0,0,0,0,0,0,0,0,0,0,0,0,0,0,2.7230345403814753,0,0,0,0,0,0,0,0,0,-2.6192997115833356,-2.6192997115833356,0,0,-1.5206874229152259,0,0,0,-2.6192997115833356,0,0,0,0,0,0,0,0,0,0,0,0,0,0,0,0,0,0,0,0,0
A18117,3.586382767306908,2.9443959819383583,-0.32896802821391224,4.914893152538066,1.1526365127103029,4.99809875162011,2.7977925077464825,6.030721174061038,-2.120727497441967,-3.0370182293161223,-1.165216052414531,-0.8397936519799032,2.5995554956466282,0,0,0,0,0,0,-2.120727497441967,0,0,3.8088616459479274,0,0,0,0,-3.7301654098760677,0,0,0,0,0,0,0,0,0.5465007091399876,-3.7301654098760677,0,0.712485846614249,0,-0.552111579528122,0,2.5120578555790978,0,0,0,0,0,0,0,0,0.6765538373881856,0,0.894807403408203,1.6991802190783734,0,0,0,0,0,0,0,1.0656251357206736,0,0,0.9793647914362662,0,0.11998219183399073,0,-0.09257925014968205,0,-3.7301654098760677,0,-2.343871048756177,-1.9384059406480127,0,-3.7301654098760677,0,0,-1.7842552608207545,-0.9575766876362866,0.007504208407300705,-3.7301654098760677,0,0,0,-1.4275803168820218,-3.7301654098760677,0,0,0,0,-0.9575766876362866,0,0,0,0,0,0,0,0
A18118,5.868115607956536,6.283273541210352,8.480789433210083,-0.9132257461699427,0,-0.9132257461699427,0,-1.6063729267298879,0,-1.6063729267298879,0,0,0,0,0,0,0,4.221101020268863,0,0,0,0,-1.2009078186217235,0,0,0,0,0,0,-2.2995201072898332,0,0,0,0,0,0,0,-2.2995201072898332,0,0,0,0,0,0,0,0,0,0,0,0,0,0,0,0,0,0,0,0,0,0,0,0,0,0,0,0,0,0,0,0,0,0,-1.6063729267298879,0,-2.2995201072898332,-2.2995201072898332,-2.2995201072898332,0,-0.690082194855733,0,0,0,0,0,0,0,0,0,0,-1.6063729267298879,0,0,0,0,0,0,0,-1.6063729267298879,0,0,0,-1.6063729267298879
A18119,8.029867727529282,6.473064858255977,4.314651846284104,3.5178082417376415,5.55169073560759,2.4791217140007196,0.5196978457786834,3.2149683202344943,0,-0.03991794215673927,-0.4453830502649039,-0.5789144428894264,-1.8316774113847942,0,-0.9153866795106393,-1.4262123032766298,0,-0.4453830502649039,0,-1.8316774113847942,0,0,1.1887474747595683,-0.03991794215673927,0,-0.32760001460852006,0.41961438722170064,0,0.4709076816092512,-0.03991794215673927,-1.8316774113847942,0,0,0.30838875211147654,0,0,-1.138530230824849,-0.12692931914636896,0,0,0,0,-1.8316774113847942,-1.138530230824849,-2.5248245919447396,0,0,0,0,0,0,0,0,-1.138530230824849,0,-2.5248245919447396,0,0,0,0,-1.138530230824849,0,0,-0.7330651227166847,0,0,-2.5248245919447396,0,0,0,-1.8316774113847942,0,-0.7330651227166847,-1.4262123032766298,-0.12692931914636896,0,-0.9153866795106393,-2.5248245919447396,0,-1.8316774113847942,0,-2.5248245919447396,0,0,0,0,0,0,0,0,0,0,0,0,0,0,0,0,0,0,0,0
A18120,6.503285802201589,7.314624217391426,1.7131659370132737,-1.2312730421531668,4.186603559452509,-1.7420986659191573,5.848585093428593,-1.0489514853592121,0,0,0,3.0370248271923717,0,0,0,0,0,0,0,0,0,0,0,0,0,0,-2.840710954587267,0,0,0,0,0,0,-2.840710954587267,0,0,3.912726964010513,0,0,0,0,0,0,-2.840710954587267,0,0,0,0,0,0,0,0,0,0,0,0,0,0,0,0,0,0,0,-2.1475637740273217,0,0,0,0,0,0,0,0,-1.0489514853592121,-1.7420986659191573,-1.4544165934673765,-2.840710954587267,-0.7612694129074313,-2.1475637740273217,0,0,0,0,0,0,-2.1475637740273217,0,0,0,-2.840710954587267,0,0,0,0,0,0,-2.840710954587267,0,0,0,0,0,0
A18122,6.004957004379838,4.655553733783995,0.43743809406088774,5.823419777540021,2.55336792900386,3.8014667099391235,0.2442468650300289,5.298402150122898,-3.8666269991432825,0,3.126388123789678,-1.4687317263449118,0,0,0,3.665996619645506,0.43743809406088774,0,0,2.1470881568995197,0,0,2.1519662153529517,0,0.8518718721518117,-3.8666269991432825,0,0,0,3.8381849237893113,1.9141165166490466,0,0,0,0,0,-0.2290408394168968,-3.8666269991432825,3.279357468571105,0,0,0,0,2.0969523444751634,1.9263866092408617,0,0,0,-1.3016776416817457,0,0,2.7965056968475204,0,0,0,-3.173479818583337,1.9913061553401765,0,0,0,0,0,0,-0.03798560265418738,-0.059964509372962826,2.2903519864422726,0,0,0,0,-0.6477511742750819,-0.31127893765386894,0,-2.2571890867091824,-1.7871854574634467,-1.6694024218070629,-2.2571890867091824,-3.173479818583337,-3.8666269991432825,-1.4687317263449118,-3.173479818583337,0,-1.1585767980410724,-3.8666269991432825,0,-2.768014710475173,-3.173479818583337,-2.768014710475173,0,0,0,0,0,-3.8666269991432825,-2.480332638023392,0,0,-2.768014710475173,0,0,0,0
A18125,0.8188770714215985,5.451472599081425,6.041734708325611,-0.8152534536028737,-2.8946949952827095,-1.5084006341628189,0,-0.8152534536028737,0,0,0,0,0,0,0,0,0,-2.8946949952827095,0,0,0,0,-2.201547814722764,5.096897286785383,0,5.035511211401973,4.940884251387256,0,0,0,-2.8946949952827095,0,0,-2.8946949952827095,0,0,-2.8946949952827095,0,0,0,0,0,0,-2.8946949952827095,0,0,0,0,0,0,0,0,0,0,0,0,0,0,0,0,0,0,0,-2.8946949952827095,0,0,0,0,0,0,-0.4967997224843388,0,0,0,0,0,-1.2852570828486092,0,0,0,0,0,0,0,0,0,0,0,0,0,0,0,0,0,0,0,0,0,0,0,0,0
A18127,7.832961356350061,5.707434978989109,7.294558235884717,-0.6462391675560808,2.885986476512479,-0.30976693093486785,-2.255677079990181,-1.5625298994302357,0,-1.5625298994302357,0,-1.1570647913220713,0,0,-2.255677079990181,0,0,-2.255677079990181,0,0,0,0,0,-2.255677079990181,0,0,0,0,0,0,0,0,0,0,0,0,0,0,0,0,0,0,-1.5625298994302357,0,0,0,0,0,0,0,0,0,0,0,0,0,0,0,0,0,3.327819228791518,0,0,0,0,0,0,0,0,0,-2.255677079990181,0,0,-0.8693827188702905,-1.5625298994302357,0,-1.1570647913220713,-1.5625298994302357,-2.255677079990181,0,0,0,0,0,0,0,0,0,0,-1.5625298994302357,0,0,0,0,0,0,0,0,0,0,0,0
A18138,5.835198573703789,3.794838382066424,1.7280917598678371,7.837971151154102,0,-2.9632561223613063,0,2.8831826526964184,0,0,0.9079448885465848,-1.353818209927206,0,0,-2.9632561223613063,0,0,0.0812663153621167,0,0,0,0,-2.9632561223613063,0,0,0,0,0,0,0,0,0,0,0,0,0,0,0,0,0,0,0,0,0,0,0,0,0,0,0,0,0,0,0,0,0,0,0,0,0,0,0,0,-2.9632561223613063,0,0,0,0,0,0,0.43794125930084915,0,-0.6606710293672604,-1.1714966531332514,1.313409996654749,1.2263986196651189,-0.25520592125909625,1.1638782626837854,-1.5769617612414157,0,0.12778633099700976,0,-2.270108941801361,0,0,0,0,0,0,0,0,0,0,0,0,0,0,-2.9632561223613063,-2.270108941801361,0,0,-2.9632561223613063
A18139,4.493021518054502,5.10217901969966,3.6585132476570754,8.305231544846984,0.26951113908873836,-1.435236953149687,0.7048292103465839,3.335447671315978,0,-1.435236953149687,-2.1283841337096323,-1.0297718450415225,0,-2.1283841337096323,2.148281985306423,0,0,0,0,-1.435236953149687,0,0,-2.1283841337096323,0,0,0,0,0,0,0,0,0,0,-2.1283841337096323,0,-1.435236953149687,0,-1.435236953149687,-1.0297718450415225,0,0,-0.7420897725897417,-2.1283841337096323,0,0,0,0,0,0,0,0.06884044362658726,0,-2.1283841337096323,0,0,0,0,0,0,0,-0.33662466448157735,0,0,-1.435236953149687,0,-2.1283841337096323,0,0,0,0,1.0496696966383134,0,1.7836388717185137,0.7619876241865322,1.0904916911585683,1.3979763909065293,1.8034414990146934,0.1742009592844136,1.305603070775514,0,-0.18247398465431908,-2.1283841337096323,-0.33662466448157735,0,0,0,0,0.35652251607836805,0,0,0,-2.1283841337096323,0,0,0,-2.1283841337096323,0,0,-2.1283841337096323,-2.1283841337096323,0,0
A18141,3.100260887425352,3.4342310376703273,0.3980246561885621,7.459023371278667,0.5583673062637415,7.978901854957819,-2.7374695597405876,1.9446616673836323,0,-2.044322379180642,-0.25256290995258723,-2.7374695597405876,0,0,5.329679480169519,0,0,-2.7374695597405876,0,0,0,0,3.9332967611052863,-2.7374695597405876,0.6965176447445587,-2.7374695597405876,-2.7374695597405876,0,0,-2.7374695597405876,2.775959186424395,0,0,-1.6388572710724778,0,0,-2.7374695597405876,0,-2.7374695597405876,0,0,0,0.25826271381340327,-2.044322379180642,0,0,0,0,0,0,0,0,0,-2.7374695597405876,0,2.4720165931008338,0,0,0,0,-2.7374695597405876,0,0,4.085816562615099,2.3983288773096745,0,0,0,0,0,2.7348011139308874,0,-0.9457100905125326,1.8972594284890483,-2.044322379180642,0.8178785017488259,-0.7915594106852744,0,-2.044322379180642,0,-0.09841223012532918,0,-2.7374695597405876,0,0,0,0,-2.044322379180642,0,0,0,0,0,0,0,0,0,0,0,-2.7374695597405876,0,-2.7374695597405876
A18142,7.999586713071672,-0.7945561642173025,4.311389309683278,-1.2000212723254668,3.037701872741981,-0.6404054843900442,3.489030397643327,-1.893168452885412,0,2.430964203369567,2.114164732347059,0,0,0,0,0,0,-2.5863156334453574,0,0,0,0,-1.4877033447772476,0,0,0,0,0,0,0,0,0,0,-1.4877033447772476,0,0,0,0,0,0,0,0,0,0,0,0,0,0,0,0,0,0,0,0,0,0,0,0,0,0,0,0,0,0,0,0,0,0,0,0,0,0,0,-0.7945561642173025,0.24689771061085874,-1.893168452885412,-1.893168452885412,-1.2000212723254668,0,0,0,0,0,0,0,0,0,0,0,0,0,-2.5863156334453574,0,0,0,-2.5863156334453574,0,0,0,0,-2.5863156334453574,0
A18146,4.387505933735595,-1.8318685651087216,4.542304102984808,-4.722240323004886,0,-4.722240323004886,0,0,0,2.5104928131727284,0,0,0,0,0,0,0,0,0,0,0,0,-3.1128024105707857,0,0,0,0,0,3.0127558710178945,0,0,0,0,2.83523257860986,0,0,0,2.475943254097057,0,0,0,0,0,0,0,0,0,0,0,0,0,0,0,1.2361843700248958,0,0,0,0,0,0,0,0,0,0,0,0,0,0,0,0,-4.722240323004886,0,0,0,0,0,0,0,0,0,0,0,0,0,0,0,0,0,0,0,0,-1.88902697894867,0,0,0,0,0,0,0,0,0,0
A18148,5.231201769694792,5.916462801385968,6.041929845055009,1.9488342269029828,0,3.417540564024215,-1.8666778781443198,-2.0898214294585298,0,-3.47611579057842,0,4.633409869174452,0,0,3.4093938794563976,0,-3.47611579057842,0,0,0,0,0,-0.180278924574091,0,0,0,0,0,0,0,0,0,0,0,0,0,0,0,-3.47611579057842,0,0,0,3.404268291607585,0,0,0,0,0,0,0,0,0,0,0,0,0,0,0,0,0,0,0,0,-2.0898214294585298,0,0,0,0,0,0,0,0,-3.47611579057842,-1.2788912132422006,0,0,-1.8666778781443198,-3.47611579057842,0,0,0,0,0,0,-0.9912091407904198,0,0,0,0,0,-3.47611579057842,0,0,0,0,0,0,0,0,0,0,-2.7829686100184747
A18149,6.649079790740229,3.0185359136392567,-1.0017006764291223,-2.9476108254844355,0,-2.25446364492449,5.408239215523039,-2.9476108254844355,6.835120525915892,0,4.290167366439007,-2.9476108254844355,0,0,0,0,-2.9476108254844355,0,0,0,0,0,-2.9476108254844355,0,0,0,0,0,0,0,0,0,0,0,0,0,0,0,0,0,0,0,0,0,0,0,0,0,0,0,0,0,0,0,0,0,0,0,0,0,0,0,0,0,0,0,0,0,0,0,0,0,0,-0.750386248148216,-2.25446364492449,0,-2.25446364492449,-2.9476108254844355,0,0,0,0,0,0,0,0,0,0,0,0,0,0,0,0,0,0,0,0,0,0,0,0
A18151,7.5869626550371905,2.879526020799222,5.755576135074035,0,0,0,-2.2444379586040366,0,-1.8389728504958722,0,1.1732887250093293,-2.937585139163982,-1.5512907780440914,0,0,0,5.218925086915984,-2.937585139163982,0,0,0,0,0,0,0,0,0,0,0,0,0,0,0,0,0,0,0,0,0,0,0,0,0,0,0,0,0,0,0,0,0,0,0,0,-2.937585139163982,0,0,0,0,0,0,0,0,0,0,0,0,0,0,0,0,0,0,-1.8389728504958722,-1.145825669935927,0,0,-2.2444379586040366,0,0,0,0,0,0,0,0,0,0,0,0,0,0,0,0,0,0,-2.937585139163982,0,0,0,0,0
A18154,5.914845123469371,7.603610134667484,5.663446608579209,0,-1.52294999820256,0,1.7478855655963517,0,2.003410526413601,0,2.9391193441448578,6.484750014681465,0,0,-2.62156228687067,0.6742745791336593,0.6742745791336593,0,0,0,0,-0.5421207451908341,0,0,-0.8298028176426149,0,0,-0.31897719387662393,-2.62156228687067,0,0,0,0,0,0,-0.8298028176426149,0,0,0,0,0,0,-2.62156228687067,-1.9284151063107244,0,0,0,0,-0.31897719387662393,0,0,0,0,0,-1.9284151063107244,0,0,0,0,0,0,0,0,0,0,0,0,0,0,-2.62156228687067,0,-1.9284151063107244,-1.52294999820256,0,-1.0121243744365696,0,-0.42433770953445027,-2.62156228687067,0,0,0,0,0,0,-1.0121243744365696,0,0,0,0,-1.9284151063107244,0,0,-2.62156228687067,0,0,0,0,0,0,0,0,-1.9284151063107244
A18156,5.334917304172203,6.404597184278218,5.707952531216142,0,0,0,4.78067598880666,0,-2.890451915624919,0,4.813909252285393,4.392652847560759,0,0,0,0,-2.484986807516755,0,0,0,0,3.636042943945871,0,0,0,0,0,0,0,0,0,0,0,0,0,0,0,0,0,0,0,0,0,0,0,0,0,0,0,0,0,0,0,0,0,0,0,0,0,0,0,0,0,0,0,0,0,0,0,0,0,0,-1.9741611837507642,-2.197304735064974,-2.890451915624919,-2.484986807516755,-1.1857038233864938,0,-3.5835990961848645,0,0,0,0,-3.5835990961848645,-0.6391601170184242,0,0,0,-2.484986807516755,0,-2.890451915624919,0,0,0,0,0,0,0,0,0,-3.5835990961848645,-2.197304735064974
A18158,2.984679824280905,6.824494521368125,4.653551960930384,-2.8902509065711253,0,0,-0.25119357695586686,2.0187207337486304,2.9619515732033492,0,-1.6374879380757574,3.9766823778907567,0,0,2.1203843875251303,5.118613541277709,-2.8902509065711253,0,0,0,-0.1494108826459244,-0.21610225714459652,-0.02805002564165715,0,4.241447603895786,0,0,0,0,0,0.5274757770422407,0,0,0,0,0.17780202856249172,0,0,-3.5833980871310707,0,0,0,0.17780202856249172,0,0,0,0,0,0,0,0,0,0,0,0,0,0,0,0,0,-3.5833980871310707,0,0,0.8354425206655276,0,-0.8108093648912895,0,0,0,0,0,1.3653618032470978,-1.503956545451235,-1.1855028143327,-3.5833980871310707,-1.7916386179030157,-0.7501847430748545,0,-1.7916386179030157,0,0,0,0,0,-1.2808129941370248,0,0,0,-2.8902509065711253,0,0,0,0,0,-2.484785798462961,0,0,0,-2.1971037260111803,0,-2.484785798462961,0
A18164,6.656308313221956,3.727011276608232,2.6867410248805403,0,0,0,-3.617707777541441,0,-2.5190954888733312,0,0,0,0,0,0,0,0,0,0,0,0,2.28765407051313,0,0,0,0,0,3.1156941142959185,0,0,0,0,0,0,0,2.7208863006617423,0,0,0,0,0,0,0,0,0,0,0,0,2.7775538205740085,0,0,0,0,0,0,0,0,0,0,0,0,0,0,0,0,0,0,0,0,0,0,0,-3.617707777541441,-2.9245605969814954,-1.8259483083133858,0,-2.9245605969814954,-2.9245605969814954,0,0,0,0,0,0,0,0,0,0,0,0,0,0,0,0,0,0,0,0,0,0,0,-3.617707777541441
A18165,7.2405063060288315,7.061598578545618,6.944069231952368,0,-2.434071100298749,0,0,0,-1.0477767391788586,-1.7409239197388038,0,3.324830673578531,0,0,0,-2.434071100298749,-1.0477767391788586,0,0,0,0,0,0,0,0,0,0,0,0,0,0,0,0,0,0,0,0,0,0,0,0,0,0,-2.434071100298749,0,0,0,0,0,0,0,0,0,0,0,0,0,0,0,0,0,0,0,0,0,0,0,0,0,0,0,0,-0.48816095124343595,-2.434071100298749,-0.8246331878646489,-1.7409239197388038,-0.6423116310706942,0,-2.434071100298749,0,0,0,0,0,0,0,0,0,-2.434071100298749,0,0,0,0,0,0,0,0,0,0,0,0,-2.434071100298749
A18166,7.512398024401174,5.729429042999056,-0.429991548747775,0,0,0,0.33726360396589206,0,-1.6086465450894212,0,3.764314364454381,2.0549151010402253,0,0,0,-2.3017937256493664,-1.896328617541202,0,0,0,0,0,-2.9949409062093117,0,0,0,0,0,0,0,0,0,0,0,0,0,0,0,0,0,0,0,0,0,0,0,0,0,0,0,0,0,0,0,0,0,-0.16172756215309558,0,0,0,0,0,0,0,0,0,0,0,0,0,0,0,-1.2031814369812568,-2.9949409062093117,-1.2031814369812568,0,-1.6086465450894212,-2.9949409062093117,0,0,0,0,0,0,0,0,0,0,0,0,0,0,0,0,0,0,0,0,0,0,0,0
A18169,7.314716185195952,6.537804418194744,-1.7394381035909026,-0.8921402432036991,0,0,0,0,-2.144903211699067,0,0,0.5292454377274618,0,0,0,0,0,0,0,0,0,0,0,0,0,0,0,0,0,0,0,0,0,0,0,0,0,0,0,-2.8380503922590123,0,0,0,0,0,0,0,0,0,0,0,0,0,0,0,0,0,0,0,0,0,0,0,0,0,0,0,0,0,0,0,0,0,-2.144903211699067,-0.8921402432036991,0,-0.8921402432036991,0,0,0,0,0,0,0,0,0,0,0,0,0,0,0,0,0,0,0,0,0,0,0,0,-2.8380503922590123
A18173,7.59871641170327,2.971704713273744,2.9024462728036884,-1.9298594857681497,-2.623006666328095,0,5.693293582708753,-2.623006666328095,0,0,0,-0.6770965172727819,0,-2.623006666328095,0,0,4.850630442168111,0,0,0,0,0,0,0,0,0,0,0,0,0,0,0,0,0,0,0,0,0,0,0,0,0,0,0,0,0,0,0,0,0,0,0,0,0,0,0,0,0,0,0,0,0,0,0,0,0,0,0,0,0,0,0,-2.623006666328095,-2.623006666328095,-0.42578208899187553,0,0,-2.623006666328095,0,0,0,0,0,0,0,0,0,0,0,0,0,0,0,0,0,0,-2.623006666328095,0,0,0,-2.623006666328095,0
A18174,5.731433903913571,6.678230183662116,3.2724089274981316,0,0,-2.3641647974646194,3.8682832190859036,0,-1.4478740655904638,0,-2.3641647974646194,3.4265596073253906,0,0,0,-3.0573119780245643,0,0,0,0,0,0,0,0,0,0,0,0,0,0,0,0,0,0,0,0,0,0,0,0,0,0,0,0,0,0,0,0,0,0,0,0,0,0,0,0,0,0,0,0,0,0,0,0,0,0,0,0,0,0,0,0,-1.8045490095291965,-2.1410212461504097,-1.8045490095291965,0,-1.185509801122973,0,-3.0573119780245643,0,0,0,0,0,-3.7504591585845097,0,0,0,0,0,0,0,0,0,0,0,0,0,0,0,0,0
A18175,7.151825901882761,5.107916233326403,6.313977157016202,0,0,0,-2.3842868092923375,0,-3.077433989852283,0,-1.978821701184173,0,0,0,0,0,0,0,0,0,0,0,0,0,0,0,0,0,0,0,0,0,0,0,0,0,0,0,0,0,0,0,0,1.213025451296108,0,0,0,0,0,0,0,0,0,0,0,0,0,0,0,0,0,0,0,0,0,0,0,0,0,0.9479177008828668,0,0,-1.6911396287323923,-3.077433989852283,-0.6795387170539122,0,-2.3842868092923375,-3.077433989852283,0,0,0,0,0,0,0,0,0,0,0,-2.3842868092923375,0,0,0,0,0,0,0,0,0,0,0,0
A18178,4.821669943754186,5.88905031193967,4.384749476440536,0,0,0,-4.02151215426842,0,0,0,2.0163587656537176,0,0,0,0,0,0,0,0,0,0,0,0,0,0,0,0,0,0,0,0,0,0,0,0,0,0,0,0,0,0,0,0,0,0,0,0,0,0,0,0,0,0,0,0,0,0,0,0,0,0,0,0,0,0,0,0,0,0,0,0,0,-4.02151215426842,0,-3.3283649737084744,-4.02151215426842,-1.718927061274374,0,0,0,0,0,0,0,0,0,0,0,0,0,0,0,0,0,0,0,0,0,0,0,0,0
A18179,4.359022460090577,4.28640064381819,6.088220673796348,0,2.21307532915579,0,-3.697721314884737,0,-2.3114269537648466,0,-3.0045741343247916,3.3436903489100733,0,0,0,0,3.853465552411412,0,0,0,0,0,0,0,0,0,0,0,0,0,0,0,0,0,0,0,0,0,0,0,0,0,0,0,0,0,0,0,0,0,0,0,0,0,2.665306788655728,0,0,0,0,0,0,0,0,0,0,0,0,0,0,0,0,0,0,0,0,0,0,0,0,0,0,0,0,-3.697721314884737,-3.697721314884737,0,0,0,0,0,-3.0045741343247916,0,0,0,0,0,-3.697721314884737,0,0,0,0,-3.697721314884737
A18180,8.779372024278917,0.8216855358389916,0.03322817547472123,-1.576209736959379,0,0,-0.8830625563994338,-0.8830625563994338,-1.576209736959379,0,0,-1.576209736959379,-0.8830625563994338,2.741278376576931,0,0,-1.576209736959379,0,0,0,0,3.407396884748957,-1.576209736959379,0,-1.576209736959379,0,0,0.2155497322686759,0,0,0,0,0,0,0,0,0,0,0,0,0,0,0,0,0,0,0,0,0,0,0,0,0,0,0,0,0,0,0,0,0,0,0,0,0,0,0,0,0,0,0,0,-1.576209736959379,-1.576209736959379,0.6210148403768405,0,0,-0.8830625563994338,0,0,0,0,0,0,0,-0.47759744829126927,0,0,0,0,0,0,0,0,0,0,0,0,0,0,0,0
A18182,6.592183512549106,7.077855097198711,4.689753829116956,-3.2234013568111117,2.4601784105275697,0,2.2819301791212507,0,0,-3.2234013568111117,-2.124789068143002,3.5655703861810584,-1.0261767794748922,0,0,0,0,0,0,0,0,0,0,0,0,0,0,0,-3.2234013568111117,0,0,0,0,0,0,0,0,0,0,0,0,0,0,0,0,0,0,0,2.6172403005622864,0,0,0,0,0,0,0,0,0,0,0,0,0,0,0,0,0,0,0,0,0,0,0,-1.143959815131276,-1.6139634443770114,-2.5302541762511663,0,-0.9208162638170658,0,-3.2234013568111117,0,0,0,0,0,-1.2774912077557985,0,0,0,-2.5302541762511663,0,0,0,0,0,0,0,0,0,0,0,0,-3.2234013568111117
A18184,6.122160487295744,7.965538423425794,6.82137021187344,0.07297144728456395,3.8762092761735194,0,2.8551296205404957,0.39839384771919173,-0.1893928171829269,0,0.7661186278445093,2.9590605433887274,0.840226599998231,0,0,0,1.3146845795933468,0.5037543633770181,0,-0.0070712603889724335,0,0,-2.491977910176973,0,0.5525445275464502,0,0,0,-1.393365621508863,0,1.7275297949991342,0,-0.1893928171829269,0,0,-1.7988307296170274,0,0,0,1.973930208477611,-0.41253636849713704,4.586363669380699,0,0,0,0,-1.393365621508863,-1.1056835490570822,-2.491977910176973,-2.491977910176973,-0.8825399977428725,-2.491977910176973,-1.393365621508863,0,3.2510252776325097,0,-1.393365621508863,0,0,0,0,0,0,0,0,0,0,2.0406215829762835,-1.7988307296170274,0,0,0,-1.393365621508863,-2.491977910176973,-1.393365621508863,-2.491977910176973,-0.09408263737860212,-2.491977910176973,-2.491977910176973,0,0,0,0,0,-2.491977910176973,0,-2.491977910176973,0,0,-1.393365621508863,-2.491977910176973,0,0,0,0,0,0,-2.491977910176973,0,0,-2.491977910176973,0
A18186,8.265895074374317,2.00884966338419,0.609483220696946,-0.25551421678965847,0.9972487517057096,0,0.14995089131850614,0,0,0,0.8005384574596555,-0.7255178460353939,0.3041015711457642,0,0,0,0,0,0,-2.334955758469494,0,0,0,0,-1.2363434698013844,0,0,0,0,0,0,0,-2.334955758469494,0,0,0,0,0,0,0,0,0,0,0,0,0,0,0,0,0,0,0,0,0,0,0,0,0,0,0,0,0,0,0,0,0,0,0,0,0,0,0,0,0,0.06293951432887646,0,-2.334955758469494,-1.6418085779095488,0,0,0,0,0,0,0,0,0,0,0,0,0,0,0,0,0,0,0,0,0,0,-2.334955758469494,0
A18190,7.321096677343547,-0.6311666313134987,5.516673010531768,0,4.231378015185046,0,4.172854413419758,0,-3.464379975369715,0,-2.7712327948097695,-0.3733375220113988,0,0,0,0,0,3.9984091820427334,0,0,0,0,0,0,-3.464379975369715,0,0,0,0,0,0,0,-0.3288857594405652,0,0,0,0,0,0,0,0,0,0,0,0,0,0,0,0,0,0,0,0,0,0,0,0,0,0,0,0,0,0,0,0,0,0,0,0,0,0,0,0,-2.7712327948097695,-1.8549420629356146,-3.464379975369715,-2.365767686701605,-2.078085614249824,0,0,0,0,0,0,0,0,0,0,0,0,0,0,0,0,0,0,0,-1.67262050614166,0,0,0,0
A18194,9.138014056129107,1.8149333512375896,1.7196231714332644,-1.2761091021207265,0.3333288103133738,0,-1.2761091021207265,0,0,0,-1.2761091021207265,-1.2761091021207265,0,0,0,0,0,-0.1774968134526167,0,0,0,-1.2761091021207265,0,0,0,0,0,-0.5829619215607812,-1.2761091021207265,0,0,0,0,0,0,0,0,0,0,0,0,0,0,0,0,0,0,-1.2761091021207265,-1.2761091021207265,0,0,0,0,0,0,0,0,0,0,0,0,0,0,0,0,0,0,0,0,0,0,0,0,-1.2761091021207265,-0.5829619215607812,0,-0.1774968134526167,0,0,0,0,0,0,0,0,0,0,0,0,0,0,0,0,0,0,0,0,0,0,0,0,0
A18196,6.751647006701158,7.125445138255542,5.783584267097431,0,4.691028284792579,0,-2.153254571233984,0.09803722737251075,0,-0.7669602101140938,0,5.220119738676064,0.8912678664894389,-2.8464017517939295,0,0,0,0,0,-0.013188407737713348,0,0,0,0,1.1238901617581925,0,0,0,0.043970006102235004,0,0,0,0,0,0,0,0,0,0,0,-0.64917717445771,0,0,0,0,0,-0.9004916027386163,0,0,-1.460107390674039,0,-2.153254571233984,0,0,0,0,0,0,0,0,0,0,0,0,0,0,0,0,0,0,-2.8464017517939295,0,-2.153254571233984,-2.8464017517939295,-1.0546422825658746,0,-0.13835155069171945,0,-2.8464017517939295,0,0,-2.8464017517939295,0,0,-1.0546422825658746,0,0,0,-2.153254571233984,0,0,0,0,0,0,0,0,0,0,0,0,-2.8464017517939295
A18197,6.940725291358231,6.116212523376032,5.130241870863888,0,5.270574124481489,-2.5355115609978105,-1.8423643804378653,0,-2.5355115609978105,0,-3.228658741557756,3.623583827494122,3.9695248355441874,0,0,0,-1.8423643804378653,-3.228658741557756,0,0,0,-3.228658741557756,0,0,4.699386859317021,0,0,0,0,0,0,0,4.381698876755082,0,0,0,0,0,0,-3.228658741557756,0,0,0,0,0,0,0,0,0,0,0,0,0,0,0,0,-2.5355115609978105,0,0,0,0,0,0,0,0,0,0,0,0,0,0,0,0,0,-0.8307634687593852,-2.5355115609978105,-1.436899272329701,0,-3.228658741557756,0,0,0,0,0,-2.130046452889646,0,0,0,-2.5355115609978105,0,0,0,0,0,0,0,0,0,0,0,0,-3.228658741557756
A18198,6.407119214293809,4.075103260830672,5.0517602054582795,2.878908813660969,3.5338033353542686,-1.535100866865963,4.121240533190101,1.703577585298417,3.6938664215472805,-2.739073671191899,2.27378137964267,1.3826698652183156,3.004997322378413,0,1.0675888185784208,0,0,0,0,2.985600162495678,0,0,2.7275790101753525,0,-3.837685959860009,0,0,0,0,0,1.1321273397159919,0,-3.837685959860009,0,0,2.151275457029855,0.28944842518508285,0,0,2.4704124816495217,0,1.0451159627263618,-0.0534963259417478,0,0,0,0,2.6048542066081897,0.9072461685032414,0,2.4276152528777013,0,2.1562754674465605,0.07433704556813714,0,0,0,0,0,0,0,0,0,-2.739073671191899,0,0,-0.3411783983935286,0.46637913334416137,0.5317618926070127,-0.4703901298735347,0,0,-3.1445387793000634,-1.3527793100720085,-1.6404613825237893,-2.2282480474259083,-2.451391598740118,-3.1445387793000634,0,0,-3.1445387793000634,-2.739073671191899,-3.837685959860009,-3.837685959860009,-2.739073671191899,0,0,0,-3.837685959860009,-3.837685959860009,0,0,0,-3.837685959860009,0,0,0,0,0,0,-3.837685959860009,0
A18200,7.302232042497137,5.181515241161564,6.739864365156541,-2.8537636699831035,5.100257417294934,0,-2.160616489423158,-2.8537636699831035,0,0,-1.7551513813149937,1.2571101941902079,0,0,0,0,-2.160616489423158,-2.8537636699831035,0,2.7738574437075334,0,0,0,0,-2.8537636699831035,0,0,0,0,0,0,0,-0.21470634036784508,0,0,0,0,0,0,0,0,0,0,-1.0620042007550485,0,0,0,0,0,0,0,0,0,0,0,0,0,0,0,0,0,0,0,0,0,0,0,0,0,0,0,0,-2.8537636699831035,-1.7551513813149937,-1.0620042007550485,0,-1.7551513813149937,-2.160616489423158,0,0,0,0,0,0,0,0,0,0,0,0,0,0,0,0,0,0,0,0,0,0,0,0
A18201,7.55482832710485,6.736245191420386,5.954961530978315,0,-0.9143993600165117,0,-2.0130116486846212,0,2.88482815126629,0,-2.7061588292445666,5.409660871966761,0,0,0,0,4.263631840657023,-2.0130116486846212,0,-2.7061588292445666,0,0,0,0,-1.0967209168104664,0,0,0,0,0,0,0,-2.7061588292445666,0,0,-2.7061588292445666,0,0,0,0,-2.7061588292445666,0,0,0,0,0,0,0,0,0,0,0,0,0,-2.7061588292445666,0,3.220767196725844,0,0,0,0,0,0,0,0,0,0,0,0,0,0,0,-0.9143993600165117,-2.7061588292445666,-0.7602486801892534,-2.7061588292445666,-0.9143993600165117,0,0,0,0,0,0,0,-0.6267172875647309,0,-1.0967209168104664,0,0,0,0,0,-2.0130116486846212,0,0,0,-2.0130116486846212,0,0,0,0,0
A18203,5.853733332756981,6.47731910833631,4.282260452790711,0,2.6274852858138567,0,0,0,0,0,-3.987240314389904,3.6315020632805095,4.433001350949883,-2.8886280257217942,0,0,0,0,0,3.617654166421716,0,0,0,0,4.523129651678207,0,0,0,3.3823604061365056,0,0,0,-3.2940931338299584,0,0,0,0,0,0,0,0,0,0,0,0,0,2.5095346757959587,0,0,1.811852340070622,0,1.6439714674314616,0,0,0,0,0,0,0,0,0,0,0,0,0,0,0,0,0,0,0,0,-1.907798772710068,-2.3778024019558037,-1.7900157370536842,-3.987240314389904,-1.2146515921501226,-2.8886280257217942,-3.987240314389904,0,0,-1.907798772710068,0,0,-2.6009459532700134,0,0,0,0,0,0,0,-3.987240314389904,0,0,0,0,0,0,-3.987240314389904,-3.987240314389904,0
A18204,7.324083985383874,5.156750922283477,-0.3906213773632716,3.771187110325505,4.292088386080238,0,3.191159941194298,0,0,0,4.013808666306847,0,3.758448084548076,0,0,0,0,-2.064597810934943,0,0,0,0,0,0,-3.1632100996030528,0,0,0,-3.1632100996030528,0,0,0,0,0,0,0,0,0,0,0,0,0,0,0,0,0,0,0,0,0,0,0,0,0,0,0,0,0,0,0,0,0,0,0,0,0,0,0,0,0,0,0,0,-2.064597810934943,-0.598260742141516,-3.1632100996030528,-1.7769157384831622,-3.1632100996030528,0,0,0,-2.4700629190431074,0,-3.1632100996030528,0,0,0,0,0,0,-3.1632100996030528,0,0,0,0,0,0,0,0,0,0,-3.1632100996030528
A18205,7.322977457832801,0.23398816974410908,-0.5989209531909947,0,0,0,-2.208358865625095,5.586258334540384,0,0,0,0,0,0,0,0,0,0,0,0,0,0,0,0,-2.9015060461850406,0,0,0,0,0,0,0,-2.9015060461850406,0,0,0,0,0,0,0,4.182720375912876,0,0,0,0,0,0,0,0,0,0,0,0,0,0,0,0,0,0,0,0,0,0,0,0,0,0,0,0,0,0,0,0,-2.208358865625095,-1.8028937575169308,0,-1.8028937575169308,0,0,0,0,0,-2.9015060461850406,0,0,0,0,0,0,0,0,0,0,0,0,0,0,0,0,0,0,0
A18206,7.270296335586773,0,0,0,-2.947673435678953,0,0,0,0,-0.645088342684907,0,0,5.000005135622615,0,0,0,0,0,-2.947673435678953,0,0,-2.947673435678953,0,0,0,0,0,4.84961783786852,0,0,0,0,0,0,0,0,0,0,0,0,0,0,0,0,0,0,0,0,0,0,0,0,0,0,0,0,0,0,0,0,0,0,0,0,0,0,0,0,0,0,0,0,0,-2.2545262551190075,-1.5613790745590623,0,0,-2.947673435678953,0,0,0,-0.8682318939991172,0,0,0,0,0,0,0,0,0,0,0,0,0,0,0,0,0,0,0,0
A18207,6.576664755968938,3.825961834912741,0.9591796275687097,0,2.3912835247198947,0,4.110464658803761,0,0,0.13250105438424198,0.6714975551169289,-3.7593192437263845,5.149780891199166,0,0,0,0,0,0,0,0,0,0,0,0,0,0,-3.7593192437263845,0,0,0,0,0,0,0,0,0,0,0,0,0,0,0,0,0,0,0,0,0,0,0,0,1.9276561126134357,0,0,0,0,0,0,0,0,0,-1.0512690426241744,0,0,0,0.5173468752896708,0,0,0,0,0,-3.066172063166439,-3.7593192437263845,-1.0512690426241744,-2.149881331292284,-2.6607069550582745,-1.4567341507323386,0,0,0,0.21097266982573748,0,0,0,0,0,0,0,0,0,-3.7593192437263845,0,0,0,0,0,0,0,0,0,0
A18212,7.00012325935135,5.804263742602256,0.15585758944184125,0,2.2272019208890574,0,3.2885428147599356,0,-3.278129615043305,2.3091190433569446,5.498346174303016,0.48307050065025736,-0.020033077021822887,-1.6686917026092047,0,0,0,0,0.2183779464231752,0,0,-0.14263539911415535,0,0,2.1200330864744474,0,0,-0.3877578571471405,0,0,0,-0.6390722854280466,0.8327442491300063,0,0,0,0,0,0,0,0,0,0,0.2183779464231752,0,0,0,0,0,0,0,0,-2.5849824344833596,0,0,0,0,0,0,0,0,0,0,0,0,0,0,0,0,0,0,0,-1.3322194659879918,-2.179517326375195,-1.48637014581525,-3.278129615043305,-1.1986880733634693,-2.179517326375195,0,0,-3.278129615043305,-2.5849824344833596,0,-1.3322194659879918,0,0,0,0,0,0,0,0,0,0,0,0,0,-2.5849824344833596,0,0,0,0
A18213,8.293062257776054,3.9270025831972073,4.954864015747468,0,3.876571729570315,0,0,0,0,-1.3878440853020402,-2.48645637397015,2.717550313106645,0,-2.48645637397015,0,0,0,0,0,0,0,-2.48645637397015,0,0,0,0,0,0,0,0,0,0,-1.7933091934102046,0,0,0,0,0,0,0,0,0,0,-2.48645637397015,0,0,0,0,0,0,0,0,0,0,0,0,0,0,0,0,0,0,0,0,0,0,0,0,0,0,0,0,-2.48645637397015,-1.7933091934102046,-0.2892317966339304,0,-1.7933091934102046,0,0,0,0,0,-2.48645637397015,0,-1.7933091934102046,0,0,0,0,0,0,0,0,0,0,0,0,0,0,0,0,0
A18214,7.675628335917252,-1.373791827924853,-2.290082559799008,0,0,0,0,0,0,0,0,0,-1.8846174516908436,0,0,0,0,0,4.928827147820052,0,0,0,0,0,0,0,0,-1.8846174516908436,0,0,0,0,0,0,0,0,0,0,0,0,0,0,0,0,0,0,0,0,0,0,0,0,0,0,0,0,0,0,0,0,0,0,0,0,0,0,0,0,0,0,0,0,0,-1.8846174516908436,-0.7860051630227338,0,0,0,0,0,0,0,0,0,0,0,0,0,0,-2.9832297403589534,0,0,0,0,0,0,0,0.48250616244077316,0,0,0,0
A18218,6.754719910287814,-2.5372465305683134,4.908754967755807,0,4.975644051650556,0,0,0,0,-1.8440993500083682,-3.230393711128259,2.1989519178261823,0,0,0,0,0,0,-1.8440993500083682,0,0,3.187971224807953,0,0,0,0,0,-3.230393711128259,0,0,0,4.261809331490483,-2.131781422460149,0,0,0,0,0,0,0,0,0,0,0,0,0,0,0,0,0,0,0,0,0,0,0,0,0,0,0,0,0,0,0,0,0,0,0,0,0,0,0,0,-3.230393711128259,-2.131781422460149,0,-2.131781422460149,0,0,0,0,0,0,0,-1.4386342419002038,0,0,0,0,0,0,0,0,0,0,0,-2.5372465305683134,0,0,0,0,0
